Taxpayer_ID,Age,Profession,City,Annual_Income,Declared_Expenses,Investment_Claims,Late_Filing_Count,Previous_Penalty,Expense_Ratio,Investment_Ratio,Total_Claims_Ratio,Risk_Score_Manual,Fraud_Label,Profession_Enc,City_Enc,Anomaly_Flag,Fraud_Probability,Risk_Level
TXP10000,62,Accountant,Jaipur,618585,303913,85814,2,0,0.49130353952973316,0.13872628660572112,0.6300298261354543,0,0,0,5,0,0.024,Low
TXP10001,52,Accountant,Kolkata,334626,335828,58286,0,1,1.0035920699527234,0.17418252018671593,1.1777745901394392,2,1,0,6,0,0.938,High
TXP10002,38,Engineer,Hyderabad,667047,173327,22423,2,0,0.25984225999067534,0.033615322458537406,0.2934575824492127,0,0,5,4,0,0.002,Low
TXP10003,66,Accountant,Bangalore,486141,232402,50222,3,0,0.4780547207497413,0.10330747663743646,0.5813621973871778,0,0,0,1,0,0.012,Low
TXP10004,31,Engineer,Kolkata,847996,287345,167959,1,1,0.3388518342067651,0.1980657927631734,0.5369176269699385,1,0,5,6,0,0.07,Low
TXP10005,44,Accountant,Bangalore,612308,362253,97067,3,0,0.591618923809586,0.1585264278761669,0.7501453516857529,0,0,0,1,0,0.028,Low
TXP10006,62,Consultant,Lucknow,793174,243717,153220,1,0,0.3072680143322903,0.19317325076212785,0.5004412650944181,0,0,3,7,0,0.0,
TXP10007,42,Teacher,Kolkata,379178,214151,60795,0,0,0.5647769649083016,0.16033366914747163,0.7251106340557733,0,0,9,6,0,0.006,Low
TXP10008,46,Doctor,Chennai,600311,342077,350608,0,0,0.5698329699105963,0.5840439372258712,1.1538769071364676,1,0,4,2,1,0.164,Low
TXP10009,34,Accountant,Delhi,712325,184373,104836,0,0,0.2588326957498333,0.14717439371073596,0.40600708946056924,0,0,0,3,0,0.002,Low
TXP10010,34,Doctor,Ahmedabad,1198274,610160,187997,0,0,0.5091990646546616,0.15688982653383116,0.6660888911884928,0,0,4,0,0,0.024,Low
TXP10011,47,Pharmacist,Chennai,539291,185992,61571,1,0,0.34488244750978597,0.11417027170859517,0.45905271921838114,0,0,8,2,0,0.0,
TXP10012,59,Engineer,Jaipur,838560,472013,156276,0,0,0.562885184125167,0.18636233543216943,0.7492475195573364,0,0,5,5,0,0.004,Low
TXP10013,63,Freelancer,Pune,364627,128551,61442,2,0,0.35255480257907396,0.1685064463136301,0.521061248892704,0,0,6,9,0,0.004,Low
TXP10014,47,Pharmacist,Delhi,420288,203813,72247,0,0,0.48493651971981117,0.17189879320846657,0.6568353129282778,0,0,8,3,0,0.002,Low
TXP10015,26,Consultant,Chennai,757366,715497,106895,6,1,0.9447176134128017,0.14114047897581883,1.0858580923886205,3,1,3,2,0,1.0,High
TXP10016,45,Business Owner,Hyderabad,1373976,1330113,102806,8,1,0.9680758615871019,0.07482372326736421,1.0428995848544662,3,1,2,4,1,0.98,High
TXP10017,25,Consultant,Bangalore,679082,162781,17936,0,0,0.239707428557965,0.026412126959630796,0.2661195555175958,0,0,3,1,0,0.004,Low
TXP10018,47,Pharmacist,Jaipur,553776,189083,104341,1,0,0.34144311057178356,0.1884173384184219,0.5298604489902055,0,0,8,5,0,0.0,
TXP10019,67,Business Owner,Hyderabad,1322555,648015,165982,1,0,0.4899720616533906,0.1255010188612194,0.61547308051461,0,0,2,4,0,0.016,Low
TXP10020,53,Teacher,Delhi,290101,122504,21370,0,0,0.4222805160961183,0.07366399977938717,0.4959445158755054,0,0,9,3,0,0.0,
TXP10021,61,Business Owner,Bangalore,1407517,647293,65934,1,0,0.45988290017101036,0.04684419442180805,0.5067270945928184,0,0,2,1,1,0.004,Low
TXP10022,25,Teacher,Jaipur,401811,111320,68032,0,0,0.2770456757032535,0.16931343343014502,0.44635910913339855,0,0,9,5,0,0.002,Low
TXP10023,44,Business Owner,Pune,1268587,465122,216387,1,0,0.366645724731532,0.17057324408968402,0.537218968821216,0,0,2,9,0,0.002,Low
TXP10024,56,Accountant,Delhi,665264,652136,110840,6,1,0.980266480675341,0.1666105485942423,1.1468770292695831,3,1,0,3,0,0.982,High
TXP10025,35,Engineer,Jaipur,417389,216161,56812,0,0,0.5178885883432481,0.13611283478960873,0.6540014231328569,0,0,5,5,0,0.002,Low
TXP10026,45,Engineer,Chennai,670192,399066,57557,1,1,0.5954502590302481,0.08588135937164275,0.6813316184018908,1,0,5,2,0,0.028,Low
TXP10027,67,Doctor,Jaipur,565943,188513,42294,0,0,0.3330953823971672,0.07473190763027372,0.40782729002744095,0,0,4,5,0,0.0,
TXP10028,48,Engineer,Delhi,432887,67068,9324,1,0,0.15493188753647025,0.021539108358532365,0.17647099589500262,0,0,5,3,0,0.004,Low
TXP10029,50,Doctor,Lucknow,673813,152555,114581,2,0,0.22640554575230815,0.17004866335318553,0.39645420910549367,0,0,4,7,0,0.0,
TXP10030,65,Teacher,Chennai,293476,130196,10488,2,0,0.44363423244149436,0.035737164197413074,0.47937139663890743,0,0,9,2,0,0.002,Low
TXP10031,51,Lawyer,Hyderabad,763001,324607,101888,2,1,0.4254345669271731,0.1335358669254693,0.5589704338526424,1,0,7,4,0,0.02,Low
TXP10032,39,Consultant,Delhi,711452,358955,78781,0,0,0.5045386055559616,0.11073269876253071,0.6152713043184923,0,0,3,3,0,0.004,Low
TXP10033,38,Doctor,Lucknow,967430,1011627,111064,3,0,1.0456849591184891,0.11480313821155019,1.1604880973300393,1,0,4,7,1,0.04,Low
TXP10034,67,Engineer,Mumbai,551826,272400,103085,0,0,0.49363386284807165,0.1868070732441023,0.6804409360921739,0,0,5,8,0,0.02,Low
TXP10035,26,Freelancer,Pune,212156,97505,5450,1,0,0.4595910556383039,0.02568864420520749,0.4852796998435114,0,0,6,9,0,0.018,Low
TXP10036,60,Business Owner,Lucknow,1656027,488969,263657,0,0,0.2952663211408993,0.15921056842672252,0.4544768895676218,0,0,2,7,1,0.0,
TXP10037,30,Doctor,Mumbai,632581,250166,18578,3,0,0.39546872258256255,0.029368570981423724,0.42483729356398625,0,0,4,8,0,0.0,
TXP10038,44,Consultant,Ahmedabad,739430,159918,19866,1,0,0.21627199329213043,0.026866640520400848,0.24313863381253129,0,0,3,0,0,0.002,Low
TXP10039,32,Consultant,Bangalore,830376,293665,80851,1,0,0.35365304392227137,0.09736673506941433,0.4510197789916857,0,0,3,1,0,0.0,
TXP10040,62,Lawyer,Lucknow,949902,1067293,29782,0,1,1.123582222166076,0.031352707963558345,1.1549349301296343,2,1,7,7,1,0.94,High
TXP10041,41,Lawyer,Kolkata,1173544,398460,190168,1,0,0.3395356288302782,0.16204590539425875,0.501581534224537,0,0,7,6,0,0.004,Low
TXP10042,27,Pharmacist,Pune,547900,289184,63184,1,0,0.5278043438583683,0.11532031392589889,0.6431246577842672,0,0,8,9,0,0.01,Low
TXP10043,48,Business Owner,Lucknow,855476,355547,21581,1,0,0.4156130622016281,0.025226891227807677,0.44083995342943577,0,0,2,7,0,0.0,
TXP10044,37,Teacher,Mumbai,480713,113613,13118,0,1,0.2363426826401616,0.0272886316783611,0.2636313143185227,1,0,9,8,0,0.028,Low
TXP10045,32,Consultant,Kolkata,784980,626850,102267,8,1,0.7985553772070626,0.13027975235037836,0.928835129557441,2,1,3,6,0,0.988,High
TXP10046,49,Lawyer,Pune,863164,326010,142508,0,0,0.3776918407162486,0.16509956392991368,0.5427914046461623,0,0,7,9,0,0.0,
TXP10047,25,Accountant,Kolkata,646392,212914,63866,0,0,0.32938835876681644,0.09880382182947808,0.4281921805962945,0,0,0,6,0,0.002,Low
TXP10048,43,Engineer,Chennai,637417,607248,76378,7,1,0.9526699162400751,0.11982422809557951,1.0724941443356546,3,1,5,2,0,1.0,High
TXP10049,51,Freelancer,Mumbai,509884,172095,83605,0,0,0.33751794525813716,0.1639686673831695,0.5014866126413067,0,0,6,8,0,0.0,
TXP10050,30,Teacher,Jaipur,499531,91285,64884,0,0,0.1827414114439344,0.12988983666679346,0.31263124811072784,0,0,9,5,0,0.002,Low
TXP10051,67,Business Owner,Chennai,1089951,211936,647463,0,0,0.1944454383729177,0.594029456370057,0.7884748947429747,1,0,2,2,1,0.098,Low
TXP10052,31,Engineer,Pune,552335,186226,71996,0,0,0.33716132419636635,0.13034842984782785,0.4675097540441942,0,0,5,9,0,0.0,
TXP10053,58,Engineer,Pune,617486,177478,82181,2,0,0.28742028159342886,0.13308965709344017,0.42050993868686903,0,0,5,9,0,0.008,Low
TXP10054,37,Teacher,Delhi,414290,402501,63029,5,1,0.9715440874749571,0.152137391682155,1.1236814791571121,3,1,9,3,0,0.992,High
TXP10055,40,Freelancer,Mumbai,224019,71477,29516,0,1,0.31906668630785784,0.13175668135292096,0.4508233676607788,1,0,6,8,0,0.026,Low
TXP10056,59,Teacher,Ahmedabad,232066,184578,45128,5,1,0.7953685589444383,0.19446192031577222,0.9898304792602105,2,1,9,0,0,0.974,High
TXP10057,63,Doctor,Ahmedabad,682576,265256,37891,1,0,0.38861020604299007,0.05551176718782963,0.4441219732308197,0,0,4,0,0,0.0,
TXP10058,27,Consultant,Pune,455893,212828,87165,3,0,0.46683761321187206,0.19119617980534906,0.6580337930172211,0,0,3,9,0,0.0,
TXP10059,25,Doctor,Ahmedabad,715033,190951,83588,0,0,0.2670520101869424,0.11690089828021924,0.3839529084671617,0,0,4,0,0,0.0,
TXP10060,29,Pharmacist,Bangalore,550249,477140,77558,8,1,0.8671346972007219,0.1409507332135088,1.0080854304142306,3,1,8,1,0,1.0,High
TXP10061,65,Doctor,Delhi,621850,598777,23570,7,1,0.9628961968320334,0.037903031277639304,1.0007992281096727,3,1,4,3,0,0.996,High
TXP10062,27,Business Owner,Pune,629269,581410,55692,6,1,0.9239450854880822,0.08850269121790522,1.0124477767059874,3,1,2,9,0,0.992,High
TXP10063,52,Doctor,Ahmedabad,813867,255774,128988,0,0,0.3142700220060526,0.1584878118906406,0.4727578338966932,0,0,4,0,0,0.002,Low
TXP10064,41,Architect,Mumbai,788006,711026,116029,0,0,0.90231038849958,0.1472438027121621,1.049554191211742,1,0,1,8,0,0.028,Low
TXP10065,49,Teacher,Lucknow,248301,112522,6760,0,0,0.4531677278786634,0.027225021244376785,0.4803927491230402,0,0,9,7,0,0.038,Low
TXP10066,67,Engineer,Jaipur,723034,110979,85597,3,0,0.15349070721432187,0.11838585737323556,0.27187656458755743,0,0,5,5,0,0.062,Low
TXP10067,57,Lawyer,Chennai,1104326,401844,39634,0,0,0.36388167986627135,0.035889764435501834,0.3997714443017732,0,0,7,2,0,0.0,
TXP10068,33,Engineer,Chennai,743112,891465,148068,3,1,1.1996374705293416,0.19925394826082743,1.3988914187901689,2,1,5,2,1,0.976,High
TXP10069,59,Engineer,Bangalore,782772,338407,142083,3,0,0.43231873393529663,0.1815126243657157,0.6138313583010123,0,0,5,1,0,0.006,Low
TXP10070,37,Pharmacist,Kolkata,720201,425450,380203,1,0,0.5907378634575625,0.527912346692104,1.1186502101496665,1,0,8,6,1,0.104,Low
TXP10071,54,Accountant,Mumbai,514390,184656,89790,0,0,0.3589805400571551,0.1745562705340306,0.5335368105911856,0,0,0,8,0,0.0,
TXP10072,38,Freelancer,Kolkata,466435,241554,86522,0,0,0.5178728011405662,0.18549637141295142,0.7033691725535176,0,0,6,6,0,0.006,Low
TXP10073,31,Business Owner,Delhi,1033424,391153,86434,0,0,0.3785019507965753,0.0836384678505628,0.46214041864713806,0,0,2,3,0,0.0,
TXP10074,37,Business Owner,Jaipur,1200790,448048,179530,0,0,0.3731276909367999,0.14950990597856412,0.522637596915364,0,0,2,5,0,0.0,
TXP10075,46,Engineer,Delhi,829931,471973,82643,1,0,0.5686894452671367,0.09957815770226681,0.6682676029694035,0,0,5,3,0,0.0,
TXP10076,63,Engineer,Pune,398247,219228,54934,0,0,0.5504824895102788,0.13793951994616407,0.6884220094564428,0,0,5,9,0,0.004,Low
TXP10077,44,Freelancer,Mumbai,320842,289443,26070,8,1,0.902135630621926,0.08125494791829,0.983390578540216,3,1,6,8,0,0.994,High
TXP10078,39,Pharmacist,Pune,637718,180675,49780,1,0,0.2833148821265826,0.07805958119419555,0.36137446332077816,0,0,8,9,0,0.0,
TXP10079,41,Engineer,Hyderabad,753005,297628,72588,1,0,0.39525368357447827,0.0963977662830924,0.49165144985757064,0,0,5,4,0,0.0,
TXP10080,47,Engineer,Ahmedabad,545530,136793,25204,2,0,0.25075247924037175,0.046200942202995254,0.296953421443367,0,0,5,0,0,0.0,
TXP10081,49,Teacher,Chennai,401264,140347,68056,0,0,0.34976225128593647,0.16960405119821365,0.51936630248415,0,0,9,2,0,0.0,
TXP10082,48,Pharmacist,Lucknow,534121,558293,44206,6,1,1.045255663042644,0.08276401789107711,1.128019680933721,3,1,8,7,0,0.996,High
TXP10083,64,Engineer,Pune,825041,432517,75925,0,0,0.5242369773138547,0.09202572963040624,0.616262706944261,0,0,5,9,0,0.004,Low
TXP10084,52,Accountant,Kolkata,557450,659690,100859,0,0,1.1834065835500942,0.18092923132119473,1.364335814871289,1,0,0,6,0,0.046,Low
TXP10085,38,Architect,Hyderabad,814101,274009,89056,1,0,0.33657863090697593,0.10939183221737843,0.44597046312435434,0,0,1,4,0,0.0,
TXP10086,24,Doctor,Chennai,1328402,209843,156705,0,0,0.15796648905978763,0.11796504371417689,0.2759315327739645,0,0,4,2,0,0.002,Low
TXP10087,48,Doctor,Pune,919619,494569,458476,0,1,0.5377977184029473,0.4985499429655107,1.0363476613684581,2,1,4,9,1,0.96,High
TXP10088,30,Business Owner,Hyderabad,1219731,278617,219076,3,1,0.2284249559943955,0.1796100943568705,0.40803505035126597,1,0,2,4,0,0.1,Low
TXP10089,32,Architect,Hyderabad,765591,329086,38665,0,1,0.42984570090296254,0.05050346725601529,0.4803491681589778,1,0,1,4,0,0.014,Low
TXP10090,47,Engineer,Mumbai,545207,87907,57344,1,0,0.16123600760811949,0.1051784001305926,0.2664144077387121,0,0,5,8,0,0.0,
TXP10091,24,Teacher,Delhi,493278,162672,96106,0,0,0.32977752910123703,0.1948313121606883,0.5246088412619253,0,0,9,3,0,0.056,Low
TXP10092,67,Accountant,Hyderabad,568007,337215,49431,0,0,0.5936810637897069,0.08702533595536675,0.6807063997450735,0,0,0,4,0,0.006,Low
TXP10093,31,Teacher,Bangalore,333624,65160,28986,1,0,0.1953096899503633,0.08688223868786418,0.28219192863822745,0,0,9,1,0,0.0,
TXP10094,47,Business Owner,Delhi,865724,294919,47706,3,0,0.3406616889447445,0.0551053222505094,0.3957670111952539,0,0,2,3,0,0.0,
TXP10095,34,Teacher,Chennai,415833,119850,16873,0,0,0.2882166639011334,0.04057638523157133,0.32879304913270474,0,0,9,2,0,0.0,
TXP10096,40,Accountant,Chennai,636718,585870,97580,0,0,0.9201404703495111,0.15325465904843275,1.0733951293979438,1,0,0,2,0,0.022,Low
TXP10097,31,Teacher,Chennai,320158,284150,50778,5,1,0.8875305317999238,0.1586029397984745,1.0461334715983983,3,1,9,2,0,0.992,High
TXP10098,58,Business Owner,Chennai,1430580,1563082,278136,0,0,1.0926211746284724,0.19442184288889822,1.2870430175173706,1,0,2,2,1,0.054,Low
TXP10099,58,Teacher,Bangalore,259486,48403,134911,0,0,0.18653414827774908,0.5199162960622153,0.7064504443399644,1,0,9,1,1,0.014,Low
TXP10100,56,Consultant,Pune,783294,338549,49976,1,0,0.4322119153217055,0.06380235262877029,0.4960142679504758,0,0,3,9,0,0.004,Low
TXP10101,28,Doctor,Jaipur,890551,268381,24241,0,0,0.3013651099150975,0.027220226578825918,0.3285853364939234,0,0,4,5,0,0.002,Low
TXP10102,65,Consultant,Hyderabad,1057319,478371,208692,0,1,0.45243772220115214,0.19737846383163454,0.6498161860327867,1,0,3,4,0,0.06,Low
TXP10103,62,Consultant,Chennai,611252,100522,289934,1,0,0.164452631647831,0.47432810035795386,0.6387807320057849,1,0,3,2,0,0.002,Low
TXP10104,64,Lawyer,Delhi,580411,121903,44201,0,0,0.21002875548533712,0.07615465592485325,0.2861834114101904,0,0,7,3,0,0.002,Low
TXP10105,51,Teacher,Delhi,296274,135950,54239,0,1,0.45886577964991865,0.18307040104767883,0.6419361806975975,1,0,9,3,0,0.074,Low
TXP10106,30,Accountant,Hyderabad,416343,466723,52175,3,0,1.121005997458826,0.12531734651477267,1.2463233439735988,1,1,0,4,0,0.684,High
TXP10107,32,Engineer,Pune,800498,916575,46970,0,0,1.1450059837751,0.05867597420605673,1.2036819579811566,1,0,5,9,1,0.29,Low
TXP10108,31,Accountant,Lucknow,704863,124313,126901,1,0,0.17636476875648174,0.18003640423741918,0.35640117299390095,0,0,0,7,0,0.01,Low
TXP10109,35,Doctor,Lucknow,864043,213390,171776,0,0,0.24696687549115032,0.19880492058844293,0.4457717960795933,0,0,4,7,0,0.002,Low
TXP10110,57,Engineer,Jaipur,783194,469408,27883,0,0,0.599350863259933,0.035601651698046716,0.6349525149579798,0,0,5,5,0,0.014,Low
TXP10111,56,Consultant,Pune,774112,266979,135628,0,0,0.3448842028026952,0.1752046215534703,0.5200888243561655,0,0,3,9,0,0.0,
TXP10112,46,Lawyer,Hyderabad,876222,408612,79116,0,0,0.46633387429213147,0.09029218622677815,0.5566260605189096,0,0,7,4,0,0.0,
TXP10113,47,Consultant,Lucknow,690053,160229,78895,0,0,0.23219810652225265,0.11433179770249531,0.34652990422474794,0,0,3,7,0,0.004,Low
TXP10114,60,Teacher,Lucknow,331376,140649,61194,0,0,0.42443930761431126,0.18466636087103472,0.609105668485346,0,0,9,7,0,0.0,
TXP10115,58,Consultant,Lucknow,471395,482843,92020,2,0,1.0242853657760478,0.19520784055834278,1.2194932063343904,1,0,3,7,0,0.054,Low
TXP10116,67,Teacher,Kolkata,365855,106652,24581,1,0,0.29151439778054145,0.06718782031132553,0.358702218091867,0,0,9,6,0,0.002,Low
TXP10117,63,Doctor,Bangalore,791933,414183,46180,0,0,0.523002577238226,0.05831301385344467,0.5813155910916706,0,0,4,1,0,0.0,
TXP10118,45,Business Owner,Hyderabad,1498144,631524,51675,1,0,0.42153758250208256,0.03449267894141017,0.45603026144349273,0,0,2,4,1,0.002,Low
TXP10119,50,Doctor,Ahmedabad,818704,266165,99164,2,0,0.32510528835818564,0.12112314096425571,0.44622842932244133,0,0,4,0,0,0.002,Low
TXP10120,58,Accountant,Mumbai,533729,213992,11981,1,1,0.4009375544517911,0.022447721596540567,0.42338527604833165,1,0,0,8,0,0.052,Low
TXP10121,24,Architect,Mumbai,510609,209116,48069,0,0,0.40954233082456437,0.09414052631269719,0.5036828571372616,0,0,1,8,0,0.016,Low
TXP10122,58,Engineer,Pune,610822,137123,20284,2,0,0.22448929475362708,0.03320771026583849,0.2576970050194656,0,0,5,9,0,0.0,
TXP10123,60,Accountant,Hyderabad,623823,206628,57978,0,0,0.3312285696423505,0.0929398242770786,0.42416839391942907,0,0,0,4,0,0.0,
TXP10124,37,Freelancer,Hyderabad,278499,84815,7571,0,0,0.3045432838178952,0.027185016822322522,0.33172830064021774,0,0,6,4,0,0.04,Low
TXP10125,26,Architect,Mumbai,663995,219388,113104,1,0,0.33040610245559077,0.17033863206801256,0.5007447345236034,0,0,1,8,0,0.0,
TXP10126,24,Business Owner,Jaipur,1293217,636909,74687,2,0,0.4924997119586272,0.05775287519418628,0.5502525871528134,0,0,2,5,0,0.016,Low
TXP10127,28,Engineer,Mumbai,492290,180740,38937,3,0,0.3671413191411566,0.07909362367710089,0.44623494281825754,0,0,5,8,0,0.0,
TXP10128,49,Business Owner,Hyderabad,964857,553000,170402,3,1,0.5731419267311114,0.17660855442827278,0.7497504811593843,1,0,2,4,0,0.05,Low
TXP10129,37,Lawyer,Lucknow,957652,1135728,147792,0,0,1.1859506376011328,0.1543274592440678,1.3402780968452006,1,0,7,7,1,0.05,Low
TXP10130,62,Freelancer,Jaipur,279986,94373,16638,3,0,0.33706328173551536,0.05942439979141814,0.3964876815269335,0,0,6,5,0,0.0,
TXP10131,50,Pharmacist,Chennai,534992,269705,17623,0,0,0.5041290337051769,0.03294067948679606,0.5370697131919729,0,0,8,2,0,0.006,Low
TXP10132,32,Freelancer,Ahmedabad,315696,349135,46982,0,0,1.1059215194364198,0.14882038416704677,1.2547419036034666,1,0,6,0,0,0.206,Low
TXP10133,38,Consultant,Kolkata,941313,372913,526483,1,1,0.39616259416368416,0.5593070530206212,0.9554696471843054,2,1,3,6,1,0.942,High
TXP10134,38,Doctor,Bangalore,1267565,220560,200141,0,0,0.17400291109331673,0.15789407249332382,0.33189698358664055,0,0,4,1,0,0.0,
TXP10135,49,Freelancer,Chennai,320886,105690,32137,1,0,0.3293693087264636,0.10015083238284,0.4295201411093036,0,0,6,2,0,0.004,Low
TXP10136,65,Consultant,Delhi,846157,230011,69622,0,0,0.2718301686330078,0.08228023877365548,0.35411040740666333,0,0,3,3,0,0.0,
TXP10137,36,Doctor,Mumbai,654651,392594,66261,3,0,0.5996996873143094,0.1012157622916638,0.7009154496059733,0,0,4,8,0,0.012,Low
TXP10138,55,Consultant,Ahmedabad,937371,270675,400462,0,0,0.2887597333393075,0.42721825189812784,0.7159779852374354,1,0,3,0,1,0.116,Low
TXP10139,62,Engineer,Mumbai,410211,224805,74822,0,0,0.5480228467788528,0.18239881426875437,0.7304216610476072,0,0,5,8,0,0.002,Low
TXP10140,55,Business Owner,Mumbai,1392234,632499,490600,3,0,0.4543050952641582,0.3523832918891508,0.806688387153309,1,0,2,8,1,0.094,Low
TXP10141,27,Consultant,Chennai,592861,179881,291418,0,0,0.30341176093553124,0.49154523572979164,0.7949569966653229,1,0,3,2,0,0.058,Low
TXP10142,53,Business Owner,Lucknow,1117206,440838,28947,1,0,0.3945897175632784,0.025910172340642638,0.420499889903921,0,1,2,7,0,0.0,
TXP10143,60,Doctor,Lucknow,593794,313666,61940,1,0,0.5282404335510295,0.10431226991178759,0.6325527034628171,0,0,4,7,0,0.0,
TXP10144,46,Business Owner,Kolkata,1528940,837118,659339,1,0,0.5475152720185227,0.4312392899655971,0.9787545619841197,1,0,2,6,1,0.108,Low
TXP10145,62,Teacher,Jaipur,299781,66604,25507,1,0,0.22217552146400205,0.08508544570870069,0.30726096717270274,0,0,9,5,0,0.0,
TXP10146,38,Architect,Mumbai,738314,223567,138685,0,0,0.302807477577291,0.1878401330599176,0.4906476106372086,0,0,1,8,0,0.0,
TXP10147,66,Accountant,Pune,515590,504113,68836,2,0,0.9777400647801547,0.1335091836536783,1.111249248433833,1,0,0,9,0,0.118,Low
TXP10148,52,Lawyer,Lucknow,871381,147193,163948,0,0,0.16891922132798398,0.18814732017337996,0.3570665415013639,0,0,7,7,0,0.0,
TXP10149,59,Freelancer,Hyderabad,472163,197934,73794,0,0,0.4192069264215959,0.15628924756916573,0.5754961739907617,0,0,6,4,0,0.002,Low
TXP10150,36,Accountant,Ahmedabad,473817,253335,18298,0,1,0.5346684479450927,0.03861828511851622,0.573286733063609,1,0,0,0,0,0.072,Low
TXP10151,55,Business Owner,Pune,1284146,413120,79112,1,0,0.32170796778559446,0.06160670204166816,0.38331466982726264,0,0,2,9,0,0.004,Low
TXP10152,30,Business Owner,Chennai,1812133,1741110,164814,6,1,0.9608069606369952,0.09095027793213853,1.0517572385691336,3,1,2,2,1,0.996,High
TXP10153,45,Architect,Chennai,525504,498336,26600,3,0,0.9483010595542565,0.050618073316283034,0.9989191328705396,1,0,1,2,0,0.012,Low
TXP10154,51,Business Owner,Kolkata,1668724,532392,182031,1,0,0.3190413753262972,0.10908394677609959,0.4281253221023968,0,0,2,6,1,0.002,Low
TXP10155,25,Teacher,Kolkata,439885,522411,46120,1,1,1.1876081248508132,0.10484558464144038,1.2924537094922537,2,1,9,6,0,0.97,High
TXP10156,65,Engineer,Jaipur,477576,224076,91755,3,1,0.469194431880999,0.1921264887682798,0.6613209206492788,1,0,5,5,0,0.07,Low
TXP10157,29,Engineer,Hyderabad,381741,204061,37437,0,0,0.534553532368805,0.09806910968431476,0.6326226420531198,0,0,5,4,0,0.0,
TXP10158,51,Engineer,Ahmedabad,645294,295954,104158,1,0,0.4586343589123717,0.16141169761380084,0.6200460565261726,0,0,5,0,0,0.014,Low
TXP10159,51,Engineer,Hyderabad,517888,81849,98162,1,0,0.15804382414730597,0.18954291275333662,0.3475867369006426,0,0,5,4,0,0.0,
TXP10160,67,Business Owner,Delhi,1947441,481611,346367,0,0,0.24730453964972496,0.17785750633780434,0.42516204598752927,0,0,2,3,1,0.02,Low
TXP10161,67,Freelancer,Kolkata,455221,82516,26202,2,0,0.18126580276393225,0.05755885602817093,0.23882465879210318,0,0,6,6,0,0.018,Low
TXP10162,43,Teacher,Jaipur,301868,122761,32989,0,0,0.40667112777770414,0.10928286535836856,0.5159539931360727,0,0,9,5,0,0.002,Low
TXP10163,53,Consultant,Bangalore,543511,419873,44890,5,1,0.7725197834082475,0.08259262462029288,0.8551124080285404,2,1,3,1,0,0.994,High
TXP10164,34,Pharmacist,Mumbai,608990,121652,56011,1,1,0.1997602587891427,0.09197359562554393,0.29173385441468663,1,0,8,8,0,0.026,Low
TXP10165,51,Consultant,Mumbai,647186,341230,339061,2,1,0.5272518255957329,0.5239003933954072,1.0511522189911402,2,1,3,8,0,0.94,High
TXP10166,48,Business Owner,Bangalore,1217531,486986,205451,2,1,0.3999783167738645,0.1687439580593841,0.5687222748332486,1,1,2,1,0,0.702,High
TXP10167,62,Teacher,Lucknow,407348,187578,41298,1,0,0.4604858744856977,0.10138260160845272,0.5618684760941505,0,0,9,7,0,0.0,
TXP10168,56,Accountant,Hyderabad,501574,294489,57312,1,0,0.5871297156551177,0.11426429599620395,0.7013940116513216,0,0,0,4,0,0.004,Low
TXP10169,24,Doctor,Bangalore,790814,148401,155664,0,0,0.1876560101363911,0.19684021780089883,0.38449622793728994,0,0,4,1,0,0.002,Low
TXP10170,50,Accountant,Jaipur,548343,493209,16886,0,0,0.8994534442857847,0.030794593894697297,0.930248038180482,1,0,0,5,0,0.018,Low
TXP10171,36,Architect,Ahmedabad,759331,156988,81880,2,0,0.20674514803162258,0.10783176243298377,0.31457691046460634,0,0,1,0,0,0.012,Low
TXP10172,64,Consultant,Bangalore,856333,279876,136440,3,0,0.3268308006347998,0.1593305408059715,0.4861613414407713,0,0,3,1,0,0.006,Low
TXP10173,26,Engineer,Jaipur,566982,302284,26766,2,0,0.5331456730548765,0.04720784786818629,0.5803535209230628,0,0,5,5,0,0.004,Low
TXP10174,62,Teacher,Kolkata,353818,197364,46023,0,0,0.5578122085365923,0.1300753494734581,0.6878875580100504,0,0,9,6,0,0.0,
TXP10175,29,Consultant,Pune,683079,258113,43104,2,0,0.3778669817107538,0.0631025108369603,0.4409694925477141,0,0,3,9,0,0.0,
TXP10176,31,Doctor,Chennai,504477,210542,88854,3,0,0.41734707429674694,0.17613092370910863,0.5934779980058555,0,0,4,2,0,0.014,Low
TXP10177,50,Accountant,Chennai,575760,480876,45414,5,1,0.8352021675698208,0.07887661525635682,0.9140787828261776,3,1,0,2,0,1.0,High
TXP10178,32,Consultant,Delhi,1090594,572279,86409,1,0,0.5247406459232308,0.0792311345927082,0.603971780515939,0,0,3,3,0,0.002,Low
TXP10179,60,Accountant,Hyderabad,461628,94486,58938,1,0,0.20467995875466827,0.12767423119914736,0.3323541899538156,0,0,0,4,0,0.0,
TXP10180,56,Doctor,Ahmedabad,645394,332075,34232,1,1,0.5145306587913739,0.05304046830308308,0.567571127094457,1,0,4,0,0,0.054,Low
TXP10181,65,Teacher,Pune,297756,109149,21224,3,0,0.36657195824769273,0.07127983986888593,0.43785179811657865,0,0,9,9,0,0.002,Low
TXP10182,67,Consultant,Pune,880426,310597,83634,0,0,0.3527803585991327,0.09499265128471898,0.44777300988385166,0,0,3,9,0,0.002,Low
TXP10183,47,Business Owner,Kolkata,1379394,470035,115392,1,0,0.34075470822694603,0.08365412637723522,0.4244088346041813,0,0,2,6,0,0.0,
TXP10184,38,Engineer,Bangalore,576219,218470,65964,2,0,0.3791440407206288,0.11447730810681356,0.49362134882744235,0,0,5,1,0,0.002,Low
TXP10185,55,Accountant,Hyderabad,458198,263588,58619,0,0,0.575270952732225,0.1279337753547593,0.7032047280869842,0,0,0,4,0,0.004,Low
TXP10186,55,Accountant,Mumbai,559237,449095,68226,7,1,0.8030495121030976,0.12199836563031416,0.9250478777334118,3,1,0,8,0,0.994,High
TXP10187,47,Teacher,Pune,256122,148276,35280,1,1,0.578927229991957,0.1377468550144072,0.7166740850063642,1,0,9,9,0,0.284,Low
TXP10188,64,Freelancer,Jaipur,471513,108981,35549,0,0,0.2311304248239179,0.0753934674123513,0.3065238922362692,0,0,6,5,0,0.0,
TXP10189,35,Doctor,Mumbai,974304,855935,41658,0,0,0.8785091716753703,0.042756675534535424,0.9212658472099058,1,0,4,8,0,0.046,Low
TXP10190,62,Architect,Delhi,449808,231879,70595,0,0,0.5155066161562266,0.15694474086721447,0.6724513570234412,0,0,1,3,0,0.0,
TXP10191,25,Doctor,Bangalore,493496,224840,85444,1,0,0.45560652973884286,0.17314020782336634,0.6287467375622092,0,0,4,1,0,0.0,
TXP10192,26,Accountant,Bangalore,707943,299541,406776,3,0,0.42311457278340203,0.574588632135638,0.9977032049190401,1,0,0,1,1,0.09,Low
TXP10193,60,Doctor,Ahmedabad,677648,273882,63208,0,0,0.40416558449224377,0.09327556489504876,0.4974411493872925,0,0,4,0,0,0.0,
TXP10194,40,Accountant,Pune,663594,356627,72824,0,0,0.5374174570595877,0.10974179995599719,0.6471592570155849,0,0,0,9,0,0.008,Low
TXP10195,25,Teacher,Kolkata,340760,177106,39527,0,0,0.5197382321868764,0.1159965958445827,0.6357348280314591,0,0,9,6,0,0.002,Low
TXP10196,25,Teacher,Lucknow,340282,69767,47199,1,0,0.20502700701183135,0.1387055442250839,0.34373255123691526,0,0,9,7,0,0.004,Low
TXP10197,51,Engineer,Lucknow,665761,354094,18300,3,0,0.5318635366144908,0.02748734155350043,0.5593508781679912,0,0,5,7,0,0.0,
TXP10198,46,Business Owner,Chennai,846400,284670,126846,1,0,0.3363303402646503,0.14986531190926275,0.48619565217391303,0,0,2,2,0,0.0,
TXP10199,60,Doctor,Jaipur,826499,218330,25749,1,0,0.26416244907737335,0.03115430266703287,0.29531675174440625,0,0,4,5,0,0.0,
TXP10200,55,Freelancer,Mumbai,392776,212647,217450,1,0,0.5413950954233456,0.553623439314011,1.0950185347373567,1,0,6,8,0,0.088,Low
TXP10201,56,Pharmacist,Delhi,367950,126726,62176,0,0,0.3444109253974725,0.16897948090773202,0.5133904063052045,0,0,8,3,0,0.0,
TXP10202,24,Lawyer,Chennai,984370,956916,99636,1,0,0.9721100805591394,0.1012180379328911,1.0733281184920305,1,0,7,2,1,0.04,Low
TXP10203,42,Teacher,Bangalore,334201,89743,15652,1,0,0.26853001636739565,0.04683409086148755,0.3153641072288832,0,0,9,1,0,0.0,
TXP10204,25,Accountant,Mumbai,534297,81089,105420,1,0,0.15176764982771754,0.19730599273437807,0.3490736425620956,0,0,0,8,0,0.002,Low
TXP10205,67,Doctor,Hyderabad,557967,208097,100473,2,0,0.37295574827902006,0.18006978907354737,0.5530255373525674,0,0,4,4,0,0.03,Low
TXP10206,49,Accountant,Pune,709140,138355,112637,2,0,0.195102518543588,0.15883605493978623,0.3539385734833742,0,0,0,9,0,0.006,Low
TXP10207,55,Freelancer,Delhi,581507,284629,218341,2,0,0.4894678825878278,0.3754744138935559,0.8649422964813838,1,0,6,3,0,0.108,Low
TXP10208,29,Business Owner,Hyderabad,1585662,434842,84186,3,0,0.2742337269859529,0.05309202087203956,0.32732574785799246,0,0,2,4,1,0.006,Low
TXP10209,55,Engineer,Kolkata,554183,193764,104992,3,0,0.3496390181582618,0.18945366422282892,0.5390926823810908,0,0,5,6,0,0.0,
TXP10210,27,Consultant,Pune,438747,82995,50817,1,0,0.18916368658931002,0.1158230141744559,0.3049867007637659,0,0,3,9,0,0.0,
TXP10211,34,Teacher,Mumbai,467175,130340,230110,0,0,0.27899609354096433,0.4925563225771927,0.7715524161181571,1,0,9,8,0,0.012,Low
TXP10212,40,Consultant,Pune,739002,370735,60285,0,1,0.5016698195674707,0.08157623389381896,0.5832460534612897,1,0,3,9,0,0.012,Low
TXP10213,61,Business Owner,Chennai,900480,196497,72355,2,0,0.2182136194029851,0.08035159026297085,0.29856520966595596,0,0,2,2,0,0.0,
TXP10214,47,Teacher,Ahmedabad,375008,165461,74025,0,0,0.44121992064169296,0.19739578888983703,0.63861570953153,0,0,9,0,0,0.004,Low
TXP10215,28,Engineer,Chennai,775068,668894,88303,6,1,0.8630133097999143,0.11392935845629029,0.9769426682562046,3,1,5,2,0,0.992,High
TXP10216,57,Engineer,Kolkata,596542,271979,27038,0,0,0.4559259867704202,0.045324553845328575,0.5012505406157488,0,0,5,6,0,0.0,
TXP10217,29,Pharmacist,Jaipur,627857,323321,37383,1,0,0.5149596166005953,0.0595406278818266,0.574500244482422,0,0,8,5,0,0.004,Low
TXP10218,45,Engineer,Hyderabad,762449,151755,81391,1,0,0.19903626340909358,0.10674943504418001,0.3057856984532736,0,0,5,4,0,0.0,
TXP10219,34,Pharmacist,Chennai,392361,103123,10846,0,0,0.2628268354907853,0.0276429104829481,0.2904697459737334,0,0,8,2,0,0.0,
TXP10220,39,Teacher,Ahmedabad,309572,171051,31965,0,0,0.5525402814208004,0.10325546238031863,0.6557957438011189,0,0,9,0,0,0.006,Low
TXP10221,56,Engineer,Jaipur,743630,350842,70949,1,0,0.471796457915899,0.095409007167543,0.567205465083442,0,0,5,5,0,0.0,
TXP10222,32,Doctor,Chennai,257477,112723,41268,0,0,0.43779832761761245,0.16027839379828102,0.5980767214158934,0,0,4,2,0,0.0,
TXP10223,29,Engineer,Bangalore,577581,259157,48453,0,1,0.44869377628419216,0.08388953237727695,0.5325833086614691,1,1,5,1,0,0.654,High
TXP10224,39,Architect,Ahmedabad,421067,141642,82890,1,0,0.3363882707502606,0.19685703225377435,0.5332453030040349,0,0,1,0,0,0.006,Low
TXP10225,52,Accountant,Hyderabad,502344,85423,26392,1,0,0.17004881117321993,0.052537703247177235,0.22258651442039717,0,0,0,4,0,0.0,
TXP10226,26,Accountant,Delhi,520117,261618,65731,0,1,0.5029983638296768,0.12637733433054485,0.6293756981602217,1,0,0,3,0,0.218,Low
TXP10227,43,Lawyer,Lucknow,810438,369090,29293,1,0,0.45542040230097797,0.03614465264461933,0.4915650549455973,0,0,7,7,0,0.002,Low
TXP10228,59,Engineer,Jaipur,517160,187606,78657,0,0,0.36276200788924123,0.15209412947637094,0.5148561373656122,0,0,5,5,0,0.002,Low
TXP10229,42,Teacher,Bangalore,284171,157684,99638,2,1,0.5548912450601926,0.35062691126117723,0.9055181563213699,2,1,9,1,0,0.824,High
TXP10230,49,Engineer,Delhi,943786,284336,158032,0,0,0.3012716865899685,0.1674447385318282,0.4687164251217967,0,0,5,3,0,0.0,
TXP10231,26,Consultant,Mumbai,1086143,306775,130366,0,0,0.28244439268125837,0.12002655267308264,0.402470945354341,0,0,3,8,0,0.004,Low
TXP10232,42,Accountant,Ahmedabad,433793,235444,46525,2,0,0.5427565682249368,0.10725161540181608,0.6500081836267528,0,0,0,0,0,0.01,Low
TXP10233,43,Accountant,Bangalore,708211,360227,120612,1,0,0.5086436104494282,0.17030517741181653,0.6789487878612448,0,0,0,1,0,0.024,Low
TXP10234,55,Teacher,Pune,326032,124459,61448,0,0,0.381738602345782,0.18847229719782108,0.570210899543603,0,0,9,9,0,0.0,
TXP10235,30,Accountant,Mumbai,562918,117554,111489,0,0,0.20882970521461386,0.1980554894318533,0.40688519464646716,0,0,0,8,0,0.0,
TXP10236,64,Pharmacist,Mumbai,493672,121829,45110,2,1,0.24678126367304606,0.09137646048388404,0.33815772415693013,1,0,8,8,0,0.148,Low
TXP10237,56,Teacher,Jaipur,310415,287059,61575,8,1,0.924758790651225,0.1983634811462075,1.1231222717974325,3,1,9,5,0,0.988,High
TXP10238,63,Doctor,Ahmedabad,996770,1034540,47911,0,1,1.037892392427541,0.04806625400042136,1.0859586464279622,2,1,4,0,1,0.954,High
TXP10239,62,Business Owner,Bangalore,1250354,658202,82071,1,0,0.5264125199743432,0.06563821125857157,0.5920507312329149,0,0,2,1,0,0.002,Low
TXP10240,41,Engineer,Kolkata,528517,305207,19038,0,1,0.5774781132868007,0.03602154708363212,0.6134996603704327,1,0,5,6,0,0.042,Low
TXP10241,63,Doctor,Bangalore,539082,276299,37149,1,0,0.5125361262294048,0.06891159415450711,0.5814477203839119,0,0,4,1,0,0.0,
TXP10242,24,Pharmacist,Chennai,410640,131361,162499,0,0,0.31989333722969027,0.3957213130722774,0.7156146503019677,1,0,8,2,0,0.012,Low
TXP10243,34,Freelancer,Mumbai,203792,102896,35363,0,0,0.5049069639632566,0.17352496663264505,0.6784319305959017,0,0,6,8,0,0.0,
TXP10244,51,Pharmacist,Hyderabad,501222,421166,80296,5,1,0.8402783596889203,0.1602004700511949,1.0004788297401153,3,1,8,4,0,0.996,High
TXP10245,48,Teacher,Mumbai,278200,243627,37165,7,1,0.875726096333573,0.13359094176851186,1.0093170381020848,3,1,9,8,0,1.0,High
TXP10246,46,Teacher,Mumbai,334066,55129,37587,0,0,0.1650242766399454,0.11251369489861285,0.27753797153855825,0,0,9,8,0,0.002,Low
TXP10247,54,Engineer,Lucknow,805515,260642,118867,0,0,0.3235718763772245,0.14756646369093065,0.47113834006815514,0,0,5,7,0,0.002,Low
TXP10248,53,Engineer,Pune,779894,434090,70463,0,0,0.556601281712643,0.090349457746822,0.646950739459465,0,0,5,9,0,0.0,
TXP10249,65,Consultant,Kolkata,744190,191661,127580,0,0,0.2575431005522783,0.17143471425308052,0.42897781480535885,0,0,3,6,0,0.002,Low
TXP10250,58,Lawyer,Delhi,878228,213348,124615,1,1,0.24293008193772003,0.14189367681285497,0.384823758750575,1,1,7,3,0,0.15,Low
TXP10251,30,Consultant,Delhi,1088377,638245,158472,0,0,0.5864190441363608,0.14560395892232195,0.7320230030586828,0,0,3,3,0,0.004,Low
TXP10252,39,Freelancer,Pune,528113,85159,61508,1,0,0.1612514745897185,0.11646749843310049,0.277718973022819,0,0,6,9,0,0.012,Low
TXP10253,49,Engineer,Mumbai,550829,577445,98786,0,0,1.0483198960112847,0.17934059390482346,1.2276604899161083,1,0,5,8,0,0.018,Low
TXP10254,25,Teacher,Delhi,264438,77907,17284,0,0,0.29461348217729677,0.06536125670289444,0.3599747388801912,0,0,9,3,0,0.0,
TXP10255,24,Business Owner,Ahmedabad,1357549,226533,120287,1,1,0.16686911485331285,0.08860600980148783,0.25547512465480066,1,0,2,0,0,0.142,Low
TXP10256,35,Engineer,Kolkata,724398,407844,115886,3,0,0.5630109414990102,0.1599755935273151,0.7229865350263253,0,0,5,6,0,0.006,Low
TXP10257,28,Consultant,Delhi,636302,135429,69162,0,0,0.21283761484326624,0.10869367061552533,0.32153128545879156,0,0,3,3,0,0.0,
TXP10258,60,Teacher,Pune,367472,146364,66166,0,0,0.39829973440153266,0.18005725606304698,0.5783569904645797,0,0,9,9,0,0.002,Low
TXP10259,55,Engineer,Chennai,545464,149088,44919,1,1,0.2733232623967851,0.08235007259874162,0.3556733349955267,1,0,5,2,0,0.04,Low
TXP10260,32,Business Owner,Delhi,1126387,202002,97409,3,0,0.17933623168591256,0.08647915858403905,0.2658153902699516,0,0,2,3,0,0.03,Low
TXP10261,64,Pharmacist,Kolkata,251217,43326,45212,3,0,0.17246444309103284,0.1799718968063467,0.35243633989737955,0,0,8,6,0,0.004,Low
TXP10262,58,Engineer,Jaipur,566732,114480,58705,0,0,0.2020002399723326,0.10358511606897088,0.3055853560413035,0,0,5,5,0,0.0,
TXP10263,42,Consultant,Jaipur,924486,1093303,104376,0,0,1.1826063347633171,0.11290165562269196,1.2955079903860092,1,0,3,5,1,0.056,Low
TXP10264,39,Engineer,Ahmedabad,505289,248729,40371,1,1,0.49225096924730205,0.07989685110896932,0.5721478203562713,1,0,5,0,0,0.04,Low
TXP10265,26,Freelancer,Bangalore,457878,168730,31960,1,1,0.3685042740642704,0.06980025246899829,0.4383045265332687,1,0,6,1,0,0.046,Low
TXP10266,43,Freelancer,Bangalore,336607,102429,46475,1,1,0.30429848458291126,0.13806902411417468,0.4423675086970859,1,0,6,1,0,0.028,Low
TXP10267,47,Lawyer,Delhi,990110,334920,41160,2,1,0.3382654452535577,0.04157113856036198,0.37983658381391966,1,0,7,3,0,0.032,Low
TXP10268,56,Lawyer,Hyderabad,845869,480475,415174,1,0,0.5680253088835269,0.49082541149988945,1.0588507203834163,1,0,7,4,1,0.026,Low
TXP10269,47,Freelancer,Chennai,309113,311215,49537,0,0,1.0068001022279878,0.1602553111645256,1.1670554133925135,1,0,6,2,0,0.05,Low
TXP10270,34,Teacher,Pune,429953,202961,23361,0,0,0.47205392217288866,0.05433384579244708,0.5263877679653357,0,0,9,9,0,0.0,
TXP10271,31,Freelancer,Chennai,589339,323020,85409,1,0,0.548105589482454,0.14492338026161514,0.6930289697440692,0,0,6,2,0,0.006,Low
TXP10272,59,Engineer,Jaipur,509263,149642,65427,0,0,0.29384031433660013,0.12847389266449752,0.4223142070010977,0,0,5,5,0,0.002,Low
TXP10273,61,Consultant,Delhi,839601,269931,379617,0,0,0.3214991406632436,0.4521397663890348,0.7736389070522784,1,0,3,3,1,0.028,Low
TXP10274,63,Freelancer,Kolkata,530611,226130,300491,0,1,0.4261690767812955,0.5663112901918731,0.9924803669731687,2,1,6,6,0,0.954,High
TXP10275,43,Architect,Pune,752768,324165,305706,0,0,0.430630685682707,0.4061091863628635,0.8367398720455704,1,0,1,9,0,0.022,Low
TXP10276,58,Engineer,Chennai,345861,126849,123051,0,1,0.36676294812077687,0.3557816579492918,0.7225446060700687,2,1,5,2,0,0.866,High
TXP10277,48,Business Owner,Kolkata,1602642,1209869,216308,7,1,0.754921560772774,0.13496963139615709,0.8898911921689311,2,1,2,6,1,0.984,High
TXP10278,58,Business Owner,Pune,972120,577226,112573,0,0,0.5937806032177098,0.11580154713409867,0.7095821503518084,0,0,2,9,0,0.008,Low
TXP10279,48,Lawyer,Chennai,810543,421081,128320,1,0,0.5195048257772876,0.15831362432344737,0.6778184501007349,0,0,7,2,0,0.018,Low
TXP10280,52,Accountant,Ahmedabad,813788,281359,127299,0,0,0.34573992243680174,0.15642771827552138,0.5021676407123231,0,0,0,0,0,0.018,Low
TXP10281,41,Doctor,Jaipur,860374,782016,112893,0,0,0.9089256532624185,0.13121386745764052,1.040139520720059,1,0,4,5,0,0.05,Low
TXP10282,41,Freelancer,Mumbai,392051,106364,63378,3,0,0.27130143782314037,0.16165753945277528,0.43295897727591565,0,0,6,8,0,0.002,Low
TXP10283,25,Teacher,Pune,217682,232005,17451,2,0,1.065797815161566,0.08016740015251606,1.145965215314082,1,0,9,9,0,0.168,Low
TXP10284,58,Doctor,Jaipur,1077952,332649,192549,0,0,0.3085935180787271,0.17862483672742385,0.48721835480615094,0,0,4,5,0,0.0,
TXP10285,39,Business Owner,Lucknow,661916,546644,86501,5,1,0.825851014328102,0.13068274524259876,0.9565337595707009,3,1,2,7,0,0.996,High
TXP10286,64,Teacher,Hyderabad,289793,45625,48692,0,0,0.15743996576866937,0.1680233822072997,0.32546334797596904,0,0,9,4,0,0.0,
TXP10287,59,Doctor,Delhi,733729,379085,86822,3,0,0.516655331873212,0.1183297920621919,0.634985123935404,0,0,4,3,0,0.006,Low
TXP10288,56,Pharmacist,Lucknow,641641,684928,38061,0,0,1.0674629582585902,0.059318216884519534,1.1267811751431096,1,0,8,7,0,0.02,Low
TXP10289,27,Pharmacist,Kolkata,577323,237388,202681,0,0,0.4111874981596091,0.3510703713519122,0.7622578695115213,1,0,8,6,0,0.042,Low
TXP10290,56,Teacher,Pune,340529,62413,29557,1,0,0.18328248108090647,0.08679730654364239,0.2700797876245489,0,0,9,9,0,0.0,
TXP10291,37,Doctor,Delhi,861658,197103,125414,2,0,0.2287485289987443,0.14554962641790595,0.37429815541665024,0,0,4,3,0,0.0,
TXP10292,44,Freelancer,Delhi,359942,198098,38025,0,0,0.5503608914769602,0.10564202010323885,0.6560029115801991,0,0,6,3,0,0.0,
TXP10293,43,Teacher,Lucknow,358379,151920,61103,1,0,0.42390876697574353,0.17049827138308885,0.5944070383588325,0,0,9,7,0,0.0,
TXP10294,31,Lawyer,Lucknow,918334,530455,130452,0,0,0.5776275298529728,0.14205289143165775,0.7196804212846306,0,0,7,7,0,0.006,Low
TXP10295,30,Teacher,Mumbai,408126,244646,58450,2,0,0.5994374286372346,0.14321557558205064,0.7426530042192853,0,0,9,8,0,0.008,Low
TXP10296,26,Teacher,Chennai,408030,129483,24109,0,0,0.317336960517609,0.05908634169056197,0.37642330220817094,0,0,9,2,0,0.002,Low
TXP10297,40,Teacher,Pune,379638,107992,74851,2,0,0.2844604597010837,0.1971641405760224,0.4816246002771061,0,0,9,9,0,0.0,
TXP10298,56,Accountant,Jaipur,513765,275511,88111,0,0,0.536258795363639,0.17150058879059493,0.7077593841542339,0,0,0,5,0,0.0,
TXP10299,35,Business Owner,Bangalore,1496728,897101,242501,0,0,0.5993747694971966,0.1620207546060473,0.7613955241032438,0,0,2,1,1,0.05,Low
TXP10300,45,Architect,Pune,635285,275293,50466,3,0,0.43333779327388494,0.07943836230982945,0.5127761555837144,0,0,1,9,0,0.0,
TXP10301,45,Accountant,Pune,441808,427786,51432,7,1,0.9682622315575997,0.11641255930177814,1.084674790859378,3,1,0,9,0,0.99,High
TXP10302,53,Freelancer,Pune,389506,195448,17402,1,1,0.501784311409837,0.04467710381868315,0.5464614152285202,1,1,6,9,0,0.674,High
TXP10303,61,Architect,Delhi,663524,205627,77582,0,0,0.3099013750821372,0.11692418058728848,0.42682555566942565,0,0,1,3,0,0.0,
TXP10304,61,Accountant,Kolkata,641021,613089,29653,1,1,0.9564257645225351,0.04625901491526799,1.002684779437803,2,1,0,6,0,0.974,High
TXP10305,31,Accountant,Delhi,531647,489741,63556,5,1,0.9211770215951561,0.11954548788952067,1.0407225094846768,3,1,0,3,0,0.998,High
TXP10306,50,Business Owner,Kolkata,716320,329257,97971,1,0,0.45965071476435115,0.13676987938351576,0.5964205941478669,0,0,2,6,0,0.01,Low
TXP10307,50,Business Owner,Lucknow,1222696,195049,110330,1,0,0.15952370826436008,0.0902350216243449,0.24975872988870496,0,0,2,7,0,0.0,
TXP10308,57,Consultant,Bangalore,770422,232295,270969,0,0,0.30151657143747196,0.35171503409819554,0.6532316055356675,1,0,3,1,0,0.008,Low
TXP10309,44,Teacher,Delhi,361150,307528,64146,7,1,0.8515242973833587,0.1776159490516406,1.0291402464349992,3,1,9,3,0,0.996,High
TXP10310,53,Pharmacist,Kolkata,591987,150860,23407,1,0,0.2548366771567619,0.039539719622221435,0.2943763967789833,0,0,8,6,0,0.0,
TXP10311,56,Doctor,Delhi,1003784,559579,163126,0,0,0.5574695352785062,0.16251105815593794,0.7199805934344441,0,0,4,3,0,0.0,
TXP10312,51,Doctor,Hyderabad,681157,643970,34559,1,0,0.9454061251664447,0.05073573346526572,0.9961418586317105,1,0,4,4,0,0.038,Low
TXP10313,56,Business Owner,Delhi,953542,237346,25371,1,0,0.24890985399699225,0.02660711326821472,0.27551696726520697,0,0,2,3,0,0.0,
TXP10314,28,Lawyer,Bangalore,639950,185141,34175,1,0,0.2893054144855067,0.05340260957887335,0.34270802406438006,0,0,7,1,0,0.002,Low
TXP10315,42,Engineer,Bangalore,704822,301380,111155,0,0,0.4275973224445321,0.15770648475785376,0.5853038072023858,0,0,5,1,0,0.0,
TXP10316,27,Lawyer,Kolkata,1262205,492696,117287,1,0,0.3903454668615637,0.09292230659837349,0.48326777345993716,0,0,7,6,0,0.0,
TXP10317,58,Engineer,Kolkata,552737,137201,97864,0,0,0.2482211250558584,0.17705346303938402,0.4252745880952424,0,0,5,6,0,0.0,
TXP10318,40,Doctor,Lucknow,751713,168314,86031,1,0,0.22390726247916426,0.11444660395656321,0.33835386643572746,0,0,4,7,0,0.0,
TXP10319,67,Pharmacist,Bangalore,646678,165911,15523,1,0,0.2565589056686635,0.02400421848276886,0.2805631241514324,0,0,8,1,0,0.0,
TXP10320,51,Engineer,Bangalore,675833,254206,239352,1,0,0.37613730019102354,0.35415849773538727,0.7302957979264109,1,0,5,1,0,0.02,Low
TXP10321,53,Freelancer,Mumbai,515435,140213,20535,0,0,0.27202848079777275,0.03984013503157527,0.31186861582934805,0,0,6,8,0,0.0,
TXP10322,52,Freelancer,Pune,271362,156418,43984,1,0,0.5764182162572504,0.16208606953073754,0.738504285787988,0,0,6,9,0,0.002,Low
TXP10323,29,Architect,Ahmedabad,758596,272138,38125,3,0,0.3587390389614498,0.05025731746542297,0.4089963564268728,0,0,1,0,0,0.002,Low
TXP10324,58,Doctor,Delhi,614172,108375,50472,0,0,0.17645708368339813,0.08217893358863641,0.25863601727203456,0,0,4,3,0,0.0,
TXP10325,64,Consultant,Chennai,545876,261021,85718,2,0,0.47816903472583516,0.1570283361056357,0.6351973708314709,0,0,3,2,0,0.01,Low
TXP10326,60,Teacher,Lucknow,329193,98093,183607,1,0,0.2979802122159341,0.5577487978176936,0.8557290100336277,1,0,9,7,0,0.114,Low
TXP10327,47,Business Owner,Pune,965682,428830,83877,1,0,0.44406957984098283,0.08685778548217736,0.5309273653231602,0,0,2,9,0,0.0,
TXP10328,52,Business Owner,Ahmedabad,1111360,306532,188144,0,0,0.27581701698819466,0.16929167866397926,0.4451086956521739,0,0,2,0,0,0.022,Low
TXP10329,54,Consultant,Mumbai,490623,199602,26661,0,1,0.4068337603414434,0.054341113237659056,0.4611748735791025,1,0,3,8,0,0.006,Low
TXP10330,58,Lawyer,Chennai,1139704,566966,471221,2,0,0.4974677635596611,0.41345910868085045,0.9109268722405116,1,1,7,2,1,0.626,Medium
TXP10331,56,Freelancer,Kolkata,619152,351433,85659,0,1,0.5676037548130346,0.13834890301573766,0.7059526578287723,1,0,6,6,0,0.024,Low
TXP10332,44,Teacher,Bangalore,233159,62371,12752,0,0,0.26750414952886226,0.05469229152638328,0.3221964410552456,0,0,9,1,0,0.002,Low
TXP10333,55,Freelancer,Hyderabad,596768,179439,44429,1,0,0.30068468818703414,0.07444936725829804,0.3751340554453322,0,0,6,4,0,0.0,
TXP10334,46,Pharmacist,Lucknow,418947,150368,18315,0,0,0.3589189085970302,0.04371674698708906,0.40263565558411923,0,0,8,7,0,0.0,
TXP10335,56,Engineer,Jaipur,728546,413252,64792,2,0,0.5672284248352197,0.08893330002498126,0.656161724860201,0,0,5,5,0,0.0,
TXP10336,26,Pharmacist,Bangalore,493155,274008,27940,1,1,0.5556224716367065,0.05665561537447658,0.6122780870111831,1,0,8,1,0,0.068,Low
TXP10337,41,Doctor,Hyderabad,805755,153452,109517,2,0,0.19044498637923438,0.13591848638854243,0.32636347276777683,0,0,4,4,0,0.0,
TXP10338,48,Doctor,Ahmedabad,762980,159743,151841,2,1,0.20936721801357833,0.19901045898975073,0.40837767700332905,1,0,4,0,0,0.104,Low
TXP10339,65,Doctor,Kolkata,1042425,388802,23101,0,0,0.37297839173082,0.022160826918003692,0.3951392186488237,0,0,4,6,0,0.0,
TXP10340,54,Lawyer,Chennai,590102,116827,69257,0,0,0.1979776377643187,0.11736445563648318,0.3153420934008019,0,0,7,2,0,0.004,Low
TXP10341,26,Business Owner,Ahmedabad,1443136,440894,177880,1,1,0.3055110537052641,0.12325934631247505,0.42877040001773914,1,1,2,0,0,0.772,High
TXP10342,63,Doctor,Bangalore,1020266,221166,188297,0,0,0.21677288079775275,0.18455677244953766,0.4013296532472904,0,0,4,1,0,0.004,Low
TXP10343,47,Doctor,Bangalore,943268,411470,104779,3,1,0.4362174906813334,0.11108083810751557,0.547298328788849,1,0,4,1,0,0.086,Low
TXP10344,55,Architect,Chennai,1021951,589944,120453,1,0,0.5772722958341447,0.11786572937450035,0.695138025208645,0,0,1,2,0,0.0,
TXP10345,45,Consultant,Jaipur,654789,391910,68685,0,0,0.5985286863401799,0.10489638646953446,0.7034250728097142,0,0,3,5,0,0.006,Low
TXP10346,46,Consultant,Hyderabad,922314,911759,63088,6,1,0.988555958166091,0.06840186747680291,1.0569578256428938,3,1,3,4,0,1.0,High
TXP10347,25,Architect,Ahmedabad,633025,573016,19044,6,1,0.9052027960981004,0.030084119900477865,0.9352869159985783,3,1,1,0,0,0.996,High
TXP10348,50,Freelancer,Kolkata,635010,339933,59410,0,0,0.5353191288326168,0.09355758177036583,0.6288767106029827,0,0,6,6,0,0.0,
TXP10349,65,Engineer,Bangalore,598846,121480,211562,1,0,0.20285682796578752,0.3532828139454885,0.5561396419112761,1,0,5,1,0,0.082,Low
TXP10350,25,Accountant,Ahmedabad,511212,235312,60879,2,0,0.46030218382980054,0.11908758010375343,0.579389763933554,0,0,0,0,0,0.01,Low
TXP10351,49,Freelancer,Jaipur,645910,215720,48645,1,0,0.33397841804585776,0.07531235001780434,0.4092907680636621,0,0,6,5,0,0.0,
TXP10352,40,Lawyer,Ahmedabad,777109,884631,90182,0,0,1.1383615425892635,0.1160480704765998,1.2544096130658633,1,0,7,0,0,0.044,Low
TXP10353,63,Business Owner,Chennai,634909,708066,28046,0,0,1.1152243864868823,0.04417325947497988,1.1593976459618622,1,0,2,2,0,0.056,Low
TXP10354,56,Doctor,Kolkata,696630,128306,130878,0,0,0.18418098560211302,0.18787304594978682,0.37205403155189987,0,0,4,6,0,0.0,
TXP10355,32,Lawyer,Mumbai,1054758,488282,449750,0,0,0.4629327295929493,0.4264011270831793,0.8893338566761285,1,0,7,8,1,0.042,Low
TXP10356,66,Teacher,Chennai,433522,114334,23496,0,0,0.26373286707479665,0.05419794151161879,0.3179308085864154,0,0,9,2,0,0.0,
TXP10357,62,Business Owner,Ahmedabad,1244451,361055,101820,1,0,0.2901319537691721,0.08181921184522331,0.37195116561439545,0,0,2,0,0,0.002,Low
TXP10358,52,Teacher,Mumbai,429091,87743,55965,2,0,0.20448576176149116,0.13042687914684764,0.3349126409083388,0,0,9,8,0,0.002,Low
TXP10359,65,Business Owner,Bangalore,656730,354040,366361,0,0,0.5390952141671616,0.5578563488800573,1.0969515630472189,1,0,2,1,1,0.058,Low
TXP10360,49,Doctor,Mumbai,711347,264656,59626,0,1,0.37204908434280315,0.08382125741726612,0.4558703417600693,1,0,4,8,0,0.044,Low
TXP10361,58,Engineer,Jaipur,556713,226841,36297,2,0,0.4074648876530636,0.06519876489322146,0.47266365254628506,0,0,5,5,0,0.0,
TXP10362,48,Consultant,Delhi,729379,296306,362489,1,0,0.4062442159700238,0.4969830499644218,0.9032272659344456,1,1,3,3,1,0.642,Medium
TXP10363,47,Business Owner,Jaipur,1233637,412925,213976,3,1,0.33472164015832856,0.17345134751957017,0.5081729876778988,1,0,2,5,0,0.098,Low
TXP10364,36,Engineer,Chennai,703636,166507,87511,0,0,0.23663797759068608,0.12436970251664213,0.3610076801073282,0,0,5,2,0,0.0,
TXP10365,30,Consultant,Delhi,669934,649721,76146,7,1,0.9698283711529793,0.11366194281824776,1.083490313971227,3,1,3,3,0,1.0,High
TXP10366,59,Engineer,Chennai,620854,128625,116429,1,1,0.20717431151285165,0.18753040167253493,0.3947047131853866,1,0,5,2,0,0.03,Low
TXP10367,43,Teacher,Lucknow,347292,68327,65234,1,0,0.19674222268292965,0.1878361724427859,0.3845783951257155,0,0,9,7,0,0.0,
TXP10368,24,Engineer,Kolkata,461116,216524,89677,0,1,0.46956514195994065,0.19447817902653564,0.6640433209864763,1,1,5,6,0,0.118,Low
TXP10369,31,Freelancer,Pune,432949,400545,18429,8,1,0.9251551568429538,0.04256621449639565,0.9677213713393494,3,1,6,9,0,0.988,High
TXP10370,39,Business Owner,Bangalore,1142536,1056049,55870,7,1,0.9243026040317329,0.04889999089744218,0.973202594929175,3,0,2,1,1,0.374,Medium
TXP10371,37,Engineer,Bangalore,575237,209301,81575,0,0,0.36385176892307,0.14181111437546612,0.505662883298536,0,0,5,1,0,0.0,
TXP10372,35,Consultant,Lucknow,755716,266169,88765,1,0,0.3522077076573739,0.11745814565259965,0.46966585330997357,0,0,3,7,0,0.002,Low
TXP10373,46,Accountant,Ahmedabad,557567,261421,13004,0,0,0.468860244598407,0.02332275762374746,0.49218300222215444,0,0,0,0,0,0.012,Low
TXP10374,38,Lawyer,Hyderabad,791926,340959,24672,1,0,0.4305440154761935,0.031154426044857728,0.4616984415210512,0,0,7,4,0,0.0,
TXP10375,51,Engineer,Chennai,790907,347981,142248,0,0,0.439977140169451,0.17985426858025028,0.6198314087497013,0,0,5,2,0,0.0,
TXP10376,57,Engineer,Pune,424577,200113,74894,0,0,0.47132322287830003,0.1763967431113791,0.6477199659896792,0,0,5,9,0,0.0,
TXP10377,25,Doctor,Pune,655805,184724,55290,0,0,0.28167519308330985,0.08430859783014769,0.3659837909134575,0,0,4,9,0,0.0,
TXP10378,55,Business Owner,Jaipur,2311985,682151,417056,0,1,0.29504992463186397,0.18038871359459513,0.4754386382264591,1,0,2,5,1,0.158,Low
TXP10379,46,Consultant,Jaipur,563161,195472,71443,0,0,0.34709789917980827,0.12686070235687485,0.4739586015366831,0,0,3,5,0,0.0,
TXP10380,45,Teacher,Hyderabad,268774,77503,156544,1,0,0.2883575048181744,0.5824372893211397,0.870794794139314,1,0,9,4,0,0.076,Low
TXP10381,48,Engineer,Ahmedabad,710171,421289,68842,2,1,0.5932219141587026,0.09693721652954007,0.6901591306882426,1,0,5,0,0,0.038,Low
TXP10382,45,Doctor,Lucknow,384576,198565,15541,0,0,0.5163218713596273,0.0404107380595773,0.5567326094192045,0,0,4,7,0,0.002,Low
TXP10383,45,Engineer,Mumbai,564708,126548,55381,0,1,0.2240945763120055,0.09807015307025932,0.3221647293822648,1,0,5,8,0,0.004,Low
TXP10384,65,Accountant,Jaipur,764582,116612,78227,3,0,0.15251732319097233,0.1023134209280365,0.2548307441190088,0,0,0,5,0,0.034,Low
TXP10385,29,Freelancer,Ahmedabad,218259,36940,26009,0,0,0.16924846169001048,0.11916576177843755,0.288414223468448,0,0,6,0,0,0.002,Low
TXP10386,38,Engineer,Kolkata,302705,78651,11806,0,0,0.25982722452552814,0.03900166829091029,0.29882889281643843,0,0,5,6,0,0.0,
TXP10387,66,Freelancer,Bangalore,225122,45346,44675,0,0,0.20142855873704035,0.19844795266566573,0.3998765114027061,0,0,6,1,0,0.062,Low
TXP10388,60,Consultant,Bangalore,911704,355566,58298,1,1,0.3900015794600002,0.063943999368216,0.4539455788282162,1,0,3,1,0,0.048,Low
TXP10389,56,Accountant,Ahmedabad,662477,355152,36926,0,0,0.5360971022390212,0.055739293590569935,0.591836395829591,0,0,0,0,0,0.028,Low
TXP10390,31,Consultant,Hyderabad,657734,316723,75523,1,0,0.48153660902431683,0.11482301355867265,0.5963596225829895,0,0,3,4,0,0.004,Low
TXP10391,67,Teacher,Lucknow,390992,96584,45627,0,0,0.24702295699144738,0.1166954822605066,0.363718439251954,0,0,9,7,0,0.004,Low
TXP10392,67,Business Owner,Pune,1756102,578959,174148,0,0,0.32968415274283613,0.09916736043806111,0.42885151318089726,0,0,2,9,1,0.026,Low
TXP10393,28,Teacher,Hyderabad,457240,173089,72673,0,0,0.3785517452541335,0.15893841308721895,0.5374901583413525,0,0,9,4,0,0.0,
TXP10394,62,Teacher,Ahmedabad,335219,172501,37879,1,0,0.5145919533200684,0.11299777160602471,0.6275897249260931,0,0,9,0,0,0.0,
TXP10395,27,Engineer,Lucknow,254779,134422,33056,1,1,0.5276023534121729,0.12974381719058478,0.6573461706027577,1,0,5,7,0,0.068,Low
TXP10396,29,Lawyer,Lucknow,694780,388641,104407,0,0,0.559372751086675,0.15027346786032988,0.7096462189470049,0,0,7,7,0,0.018,Low
TXP10397,55,Lawyer,Chennai,793298,719692,19439,0,0,0.9072151952986142,0.024504032532541364,0.9317192278311555,1,0,7,2,0,0.016,Low
TXP10398,53,Teacher,Delhi,334463,154663,41043,1,0,0.46242185234241157,0.12271312521863405,0.5851349775610456,0,0,9,3,0,0.002,Low
TXP10399,58,Engineer,Bangalore,571821,114541,102444,2,0,0.2003091876653708,0.17915396601383998,0.3794631536792108,0,0,5,1,0,0.006,Low
TXP10400,63,Architect,Ahmedabad,829023,335240,19175,0,0,0.4043796131108546,0.023129635727838674,0.42750924883869323,0,0,1,0,0,0.0,
TXP10401,39,Freelancer,Pune,641164,167928,59585,1,0,0.2619111490975788,0.09293254144025553,0.3548436905378343,0,0,6,9,0,0.0,
TXP10402,36,Accountant,Delhi,532832,183439,99490,0,0,0.34427174043600983,0.18671926611014353,0.5309910065461534,0,0,0,3,0,0.004,Low
TXP10403,65,Engineer,Kolkata,764772,332922,63910,0,0,0.4353218998603505,0.08356739001950908,0.5188892898798596,0,0,5,6,0,0.0,
TXP10404,53,Architect,Jaipur,707225,187869,322935,0,1,0.2656424758740146,0.456622715543144,0.7222651914171586,2,1,1,5,0,0.97,High
TXP10405,42,Consultant,Chennai,761611,132126,149791,1,0,0.1734822632551263,0.19667651859019894,0.37015878184532525,0,0,3,2,0,0.0,
TXP10406,40,Freelancer,Jaipur,585981,90595,32743,0,0,0.1546039888665332,0.05587723834049227,0.21048122720702547,0,0,6,5,0,0.018,Low
TXP10407,42,Engineer,Delhi,610837,97716,19391,2,0,0.1599706632047502,0.031744966333080674,0.1917156295378309,0,0,5,3,0,0.01,Low
TXP10408,51,Accountant,Delhi,755781,116206,132031,1,0,0.15375618069255512,0.17469478592343549,0.3284509666159906,0,0,0,3,0,0.0,
TXP10409,49,Engineer,Jaipur,384238,76716,67750,2,0,0.19965750394286874,0.17632300813558263,0.3759805120784514,0,0,5,5,0,0.0,
TXP10410,60,Engineer,Pune,522724,134742,54872,0,0,0.25776891820540093,0.10497317896251177,0.3627420971679127,0,0,5,9,0,0.0,
TXP10411,49,Freelancer,Pune,431022,107561,48514,0,0,0.24954874693171114,0.11255573961421923,0.36210448654593036,0,0,6,9,0,0.0,
TXP10412,46,Freelancer,Mumbai,515917,306484,87935,3,0,0.5940567959574893,0.17044408305987202,0.7645008790173613,0,0,6,8,0,0.012,Low
TXP10413,32,Business Owner,Kolkata,1707184,491161,261097,1,1,0.28770243863578854,0.15294016345045408,0.4406426020862426,1,0,2,6,1,0.11,Low
TXP10414,35,Architect,Pune,646096,133961,43758,2,0,0.20733915702929595,0.06772677744483792,0.27506593447413386,0,0,1,9,0,0.006,Low
TXP10415,24,Business Owner,Kolkata,631108,647543,14541,7,1,1.0260415016130362,0.023040430480995328,1.0490819320940314,3,1,2,6,0,0.988,High
TXP10416,24,Teacher,Kolkata,400550,214727,240319,0,0,0.5360803894644863,0.5999725377605792,1.1360529272250655,1,0,9,6,0,0.166,Low
TXP10417,57,Lawyer,Delhi,1088739,495514,404106,1,1,0.45512652711072166,0.3711688476301483,0.8262953747408699,2,1,7,3,1,0.892,High
TXP10418,55,Pharmacist,Kolkata,305814,86617,55428,0,1,0.28323425350049375,0.1812474249053346,0.4644816784058284,1,0,8,6,0,0.074,Low
TXP10419,48,Doctor,Chennai,799239,662917,153550,7,1,0.8294352502818306,0.19212025439199037,1.021555504673821,3,1,4,2,0,0.998,High
TXP10420,63,Architect,Jaipur,395577,186587,70539,0,0,0.47168313627940955,0.178319265275787,0.6500024015551966,0,0,1,5,0,0.0,
TXP10421,24,Consultant,Mumbai,630362,301090,78421,0,0,0.4776461779104705,0.1244062935265768,0.6020524714370473,0,0,3,8,0,0.042,Low
TXP10422,39,Engineer,Ahmedabad,464578,209033,46471,0,0,0.44994166749178827,0.1000284128822286,0.5499700803740168,0,0,5,0,0,0.0,
TXP10423,62,Teacher,Hyderabad,398555,344881,63558,8,1,0.8653284992033722,0.15947108931013285,1.024799588513505,3,1,9,4,0,0.99,High
TXP10424,28,Consultant,Mumbai,771029,417548,118096,0,0,0.5415464269177943,0.15316674210697653,0.6947131690247708,0,0,3,8,0,0.0,
TXP10425,45,Teacher,Chennai,272864,112016,31888,1,0,0.41051952621085963,0.11686407880849067,0.5273836050193503,0,0,9,2,0,0.0,
TXP10426,52,Architect,Mumbai,790810,618319,28246,8,1,0.7818806034319242,0.03571780832311175,0.817598411755036,2,1,1,8,0,0.996,High
TXP10427,26,Pharmacist,Kolkata,356619,156451,66578,0,1,0.4387062943926151,0.18669224017789293,0.625398534570508,1,0,8,6,0,0.146,Low
TXP10428,35,Accountant,Delhi,583011,600662,59472,8,1,1.0302755865669773,0.10200836690902916,1.1322839534760065,3,1,0,3,0,0.998,High
TXP10429,49,Accountant,Hyderabad,468598,71481,40018,0,0,0.15254226437159357,0.08539942552038207,0.23794168989197564,0,0,0,4,0,0.002,Low
TXP10430,39,Architect,Pune,591491,352764,78858,0,0,0.5963979164518142,0.13332070986709857,0.7297186263189127,0,0,1,9,0,0.008,Low
TXP10431,60,Business Owner,Delhi,1401708,325619,198048,1,0,0.23230159205768963,0.14129048275389738,0.373592074811587,0,0,2,3,0,0.006,Low
TXP10432,45,Engineer,Kolkata,678217,245251,39284,2,0,0.36161140166053046,0.05792246434400789,0.41953386600453835,0,0,5,6,0,0.0,
TXP10433,52,Doctor,Kolkata,1067393,578968,182149,0,0,0.5424131505453006,0.17064848654619244,0.7130616370914931,0,0,4,6,0,0.002,Low
TXP10434,37,Teacher,Hyderabad,345064,86703,24909,0,1,0.2512664317344029,0.07218660886096492,0.32345304059536784,1,0,9,4,0,0.016,Low
TXP10435,51,Architect,Hyderabad,699032,254837,419036,1,0,0.3645569873768297,0.5994518133647673,0.964008800741597,1,0,1,4,1,0.08,Low
TXP10436,28,Consultant,Bangalore,671207,140726,62524,0,0,0.20966110305762603,0.09315159108888912,0.3028126941465152,0,0,3,1,0,0.0,
TXP10437,53,Business Owner,Lucknow,1272795,417202,538202,1,0,0.3277841286302979,0.42285049831276833,0.7506346269430663,1,0,2,7,1,0.188,Low
TXP10438,28,Engineer,Lucknow,665922,640095,129044,5,1,0.9612161784713525,0.1937824550022375,1.15499863347359,3,1,5,7,0,0.998,High
TXP10439,35,Engineer,Delhi,585253,183554,96959,3,1,0.31363188227997124,0.1656702315067159,0.47930211378668713,1,0,5,3,0,0.182,Low
TXP10440,39,Consultant,Pune,425324,447692,80497,0,0,1.0525904957162069,0.18926042264250312,1.24185091835871,1,0,3,9,0,0.044,Low
TXP10441,49,Engineer,Mumbai,649720,387835,29438,0,0,0.5969263682817214,0.045308748383919226,0.6422351166656406,0,0,5,8,0,0.0,
TXP10442,49,Engineer,Kolkata,654684,391282,21481,3,0,0.5976654385932756,0.03281124939665549,0.6304766879899311,0,0,5,6,0,0.006,Low
TXP10443,44,Engineer,Kolkata,497973,100418,59949,0,0,0.20165350330238788,0.12038604502653759,0.32203954832892545,0,0,5,6,0,0.0,
TXP10444,62,Business Owner,Bangalore,686245,327123,49583,0,1,0.47668544033107707,0.07225262114842367,0.5489380614795007,1,1,2,1,0,0.08,Low
TXP10445,59,Pharmacist,Delhi,647587,112217,109474,1,0,0.17328482505053375,0.16904910073858803,0.34233392578912175,0,0,8,3,0,0.008,Low
TXP10446,56,Engineer,Delhi,673716,110210,94965,0,0,0.16358524957103587,0.14095702046559677,0.30454227003663265,0,0,5,3,0,0.002,Low
TXP10447,53,Teacher,Jaipur,336255,66376,65479,0,0,0.1973978082110303,0.19473018988565227,0.3921279980966826,0,0,9,5,0,0.012,Low
TXP10448,60,Business Owner,Hyderabad,745186,435537,49079,2,0,0.5844675020733079,0.06586140909786281,0.6503289111711706,0,0,2,4,0,0.004,Low
TXP10449,46,Pharmacist,Pune,417818,239572,212754,0,0,0.5733884131368203,0.5092025714545567,1.082590984591377,1,0,8,9,0,0.034,Low
TXP10450,33,Engineer,Hyderabad,795388,188719,356556,0,0,0.23726659190231686,0.4482793303394067,0.6855459222417235,1,0,5,4,1,0.012,Low
TXP10451,28,Teacher,Pune,358259,79803,22588,0,0,0.2227522546537561,0.06304935814592236,0.2858016127996784,0,0,9,9,0,0.002,Low
TXP10452,59,Accountant,Chennai,494941,127813,62469,1,0,0.2582388607935087,0.126215043813303,0.3844539046068117,0,0,0,2,0,0.0,
TXP10453,57,Consultant,Ahmedabad,841744,321542,83998,0,0,0.381995000855367,0.09979043509665647,0.48178543595202344,0,0,3,0,0,0.0,
TXP10454,54,Teacher,Lucknow,301136,122371,115845,0,0,0.4063645661760799,0.3846932947239785,0.7910578609000585,1,0,9,7,0,0.022,Low
TXP10455,33,Engineer,Lucknow,825126,206048,70377,1,0,0.24971701291681514,0.0852924280655318,0.3350094409823469,0,0,5,7,0,0.0,
TXP10456,42,Business Owner,Pune,1741120,853984,829356,2,0,0.4904796912332292,0.4763347730196655,0.9668144642528946,1,1,2,9,1,0.722,High
TXP10457,55,Freelancer,Lucknow,380013,109937,43312,0,0,0.2892979977000787,0.11397504822203451,0.4032730459221132,0,0,6,7,0,0.004,Low
TXP10458,24,Doctor,Hyderabad,674265,651551,54173,5,1,0.966312948173196,0.0803437817475325,1.0466567299207286,3,1,4,4,0,0.996,High
TXP10459,28,Consultant,Kolkata,278736,124183,5640,0,0,0.4455219275586935,0.020234200103323576,0.4657561276620171,0,0,3,6,0,0.088,Low
TXP10460,27,Engineer,Hyderabad,377762,130840,28494,1,1,0.3463556419121034,0.0754284443644411,0.4217840862765445,1,0,5,4,0,0.066,Low
TXP10461,39,Teacher,Pune,269631,136287,152428,0,0,0.5054574585266531,0.5653207531774908,1.0707782117041438,1,0,9,9,0,0.04,Low
TXP10462,47,Accountant,Delhi,563519,485225,51179,7,1,0.8610623599204286,0.09082036275618036,0.951882722676609,3,1,0,3,0,0.996,High
TXP10463,39,Freelancer,Hyderabad,401064,112585,17539,1,0,0.28071579598268603,0.04373117507430235,0.3244469710569884,0,0,6,4,0,0.004,Low
TXP10464,25,Accountant,Lucknow,415466,125832,46275,0,1,0.30286954889208745,0.11138095536096816,0.4142505042530556,1,0,0,7,0,0.086,Low
TXP10465,51,Consultant,Bangalore,699390,399477,247150,0,0,0.5711791704199374,0.35337937345400994,0.9245585438739473,1,0,3,1,0,0.016,Low
TXP10466,55,Freelancer,Jaipur,525800,117849,70159,0,0,0.2241327500950932,0.1334328642069228,0.357565614302016,0,0,6,5,0,0.002,Low
TXP10467,50,Business Owner,Kolkata,1411135,238436,232379,1,1,0.1689675332267997,0.16467524368681946,0.33364277691361915,1,0,2,6,1,0.086,Low
TXP10468,43,Freelancer,Lucknow,200000,70864,20272,0,1,0.35432,0.10136,0.45568,1,0,6,7,0,0.014,Low
TXP10469,47,Freelancer,Bangalore,430760,219922,183183,0,0,0.5105441545175968,0.4252553626149132,0.93579951713251,1,0,6,1,0,0.02,Low
TXP10470,35,Doctor,Pune,523331,493586,86806,6,1,0.9431621669650756,0.16587207713664964,1.1090342441017254,3,1,4,9,0,0.986,High
TXP10471,58,Accountant,Chennai,640172,360921,237794,0,0,0.5637875445973894,0.371453296926451,0.9352408415238405,1,0,0,2,0,0.018,Low
TXP10472,56,Architect,Bangalore,775463,302384,113440,0,0,0.3899399455551071,0.14628679898331706,0.5362267445384241,0,0,1,1,0,0.0,
TXP10473,56,Engineer,Ahmedabad,465295,90746,45705,0,0,0.1950289601220731,0.09822800588873726,0.29325696601081036,0,0,5,0,0,0.006,Low
TXP10474,66,Freelancer,Chennai,335093,139033,31898,0,0,0.41490869698859717,0.09519148415514499,0.5101001811437422,0,0,6,2,0,0.0,
TXP10475,60,Pharmacist,Mumbai,453873,227062,71184,0,0,0.5002765090675145,0.1568368243980144,0.6571133334655289,0,0,8,8,0,0.0,
TXP10476,35,Doctor,Kolkata,349441,67091,17985,2,0,0.19199521521515792,0.051467915899965945,0.24346313111512388,0,0,4,6,0,0.006,Low
TXP10477,26,Business Owner,Lucknow,1334387,303834,108012,1,0,0.22769556358088022,0.08094503318752357,0.3086405967684038,0,0,2,7,0,0.008,Low
TXP10478,24,Teacher,Mumbai,333629,51889,20134,2,0,0.15552904573643178,0.06034847090630611,0.21587751664273788,0,0,9,8,0,0.004,Low
TXP10479,56,Teacher,Hyderabad,408210,170282,34550,0,1,0.4171431371108008,0.08463780897087284,0.5017809460816737,1,0,9,4,0,0.024,Low
TXP10480,63,Doctor,Pune,580318,591915,35670,6,1,1.0199838709121551,0.06146629951164706,1.0814501704238022,3,1,4,9,0,0.998,High
TXP10481,33,Doctor,Kolkata,676175,305494,84043,0,1,0.4517972418382815,0.12429178836839576,0.5760890302066772,1,0,4,6,0,0.024,Low
TXP10482,66,Business Owner,Delhi,597389,353605,97775,3,1,0.5919174942960115,0.1636705731106532,0.7555880674066646,1,0,2,3,0,0.114,Low
TXP10483,67,Consultant,Chennai,569227,101530,91981,0,1,0.17836469457703166,0.16158931322653353,0.33995400780356516,1,0,3,2,0,0.21,Low
TXP10484,52,Freelancer,Delhi,272702,151717,23346,0,0,0.5563472215091931,0.08560993318714201,0.6419571546963352,0,0,6,3,0,0.0,
TXP10485,36,Teacher,Mumbai,409758,211570,81122,0,0,0.5163291503765637,0.1979753903523543,0.714304540728918,0,0,9,8,0,0.008,Low
TXP10486,35,Doctor,Bangalore,660347,192430,83793,0,0,0.29140739641430946,0.12689237628095532,0.41829977269526475,0,0,4,1,0,0.0,
TXP10487,54,Business Owner,Bangalore,1249670,734914,440004,2,0,0.5880864548240735,0.3520961533844935,0.940182608208567,1,0,2,1,1,0.058,Low
TXP10488,25,Engineer,Pune,542885,151775,92506,1,0,0.2795711798999788,0.17039704541477477,0.4499682253147536,0,0,5,9,0,0.002,Low
TXP10489,58,Architect,Mumbai,446885,245870,161453,3,0,0.5501862895375768,0.3612853418664757,0.9114716314040525,1,0,1,8,0,0.096,Low
TXP10490,46,Consultant,Jaipur,719705,393201,111460,1,0,0.546336346141822,0.15486900883000673,0.7012053549718288,0,0,3,5,0,0.0,
TXP10491,40,Freelancer,Kolkata,539865,265044,29857,0,1,0.49094495846183767,0.05530456688246135,0.546249525344299,1,0,6,6,0,0.028,Low
TXP10492,49,Pharmacist,Chennai,379224,310205,39552,6,1,0.817999388224374,0.10429719637997595,0.9222965846043499,3,1,8,2,0,0.998,High
TXP10493,31,Doctor,Bangalore,961822,196212,168442,3,0,0.20400032438434554,0.17512803824408257,0.37912836262842814,0,0,4,1,0,0.002,Low
TXP10494,52,Freelancer,Bangalore,322541,125593,35713,1,0,0.38938615555851813,0.1107239079682893,0.5001100635268074,0,0,6,1,0,0.0,
TXP10495,49,Lawyer,Delhi,779254,801954,111450,7,1,1.0291304247395585,0.14302140252087253,1.1721518272604312,3,1,7,3,0,0.998,High
TXP10496,33,Architect,Delhi,734909,372229,92472,0,1,0.5064967227234937,0.1258278235808787,0.6323245463043724,1,0,1,3,0,0.032,Low
TXP10497,49,Engineer,Lucknow,500484,245816,85895,1,0,0.4911565604494849,0.1716238680956834,0.6627804285451683,0,0,5,7,0,0.0,
TXP10498,57,Freelancer,Hyderabad,455636,255053,32450,3,0,0.5597735911999929,0.07121913106075903,0.630992722260752,0,0,6,4,0,0.0,
TXP10499,64,Consultant,Jaipur,693355,108630,85688,0,0,0.15667298858449136,0.12358459951972654,0.2802575881042179,0,0,3,5,0,0.0,
TXP10500,30,Doctor,Delhi,825873,424578,34837,0,0,0.5140959929674417,0.04218203040903384,0.5562780233764756,0,0,4,3,0,0.002,Low
TXP10501,27,Accountant,Delhi,311926,178517,44991,0,1,0.5723056109461859,0.14423613292896392,0.7165417438751499,1,0,0,3,0,0.124,Low
TXP10502,34,Freelancer,Kolkata,200000,101037,30350,2,0,0.505185,0.15175,0.656935,0,0,6,6,0,0.002,Low
TXP10503,52,Accountant,Lucknow,611596,127571,16947,0,0,0.20858704111864695,0.02770946834184658,0.23629650946049352,0,0,0,7,0,0.002,Low
TXP10504,59,Engineer,Delhi,755577,140972,107021,0,1,0.18657529278948407,0.14164142105966698,0.328216713849151,1,0,5,3,0,0.032,Low
TXP10505,48,Engineer,Chennai,463426,370900,43860,7,1,0.8003435284166188,0.09464294191521408,0.8949864703318329,3,1,5,2,0,0.998,High
TXP10506,44,Engineer,Kolkata,563395,243913,23852,1,1,0.4329342645923375,0.04233619396693261,0.47527045855927014,1,0,5,6,0,0.016,Low
TXP10507,59,Consultant,Hyderabad,803049,348003,76758,0,0,0.4333521366691198,0.09558320849661726,0.528935345165737,0,0,3,4,0,0.0,
TXP10508,33,Teacher,Mumbai,391593,232649,21522,0,0,0.5941091898986959,0.05496012441488995,0.6490693143135858,0,0,9,8,0,0.004,Low
TXP10509,60,Doctor,Kolkata,394464,129825,37395,3,0,0.32911748600632756,0.09479952543197859,0.4239170114383062,0,0,4,6,0,0.0,
TXP10510,32,Accountant,Mumbai,461395,138122,41147,3,0,0.29935738358673153,0.08917955331115422,0.38853693689788577,0,0,0,8,0,0.0,
TXP10511,47,Accountant,Bangalore,516742,222711,79015,0,0,0.4309907071614074,0.1529099628054232,0.5839006699668307,0,0,0,1,0,0.004,Low
TXP10512,58,Engineer,Lucknow,705471,367919,112423,1,0,0.5215225005705408,0.15935878299745843,0.6808812835679993,0,0,5,7,0,0.002,Low
TXP10513,58,Accountant,Hyderabad,799843,457148,103391,1,0,0.5715471661313533,0.1292641180831738,0.7008112842145271,0,0,0,4,0,0.0,
TXP10514,59,Lawyer,Lucknow,842998,431114,20302,0,1,0.5114057210100142,0.02408309391006859,0.5354888149200828,1,0,7,7,0,0.074,Low
TXP10515,41,Lawyer,Hyderabad,548255,187505,102843,0,0,0.3420032649041048,0.18758242058895952,0.5295856854930644,0,0,7,4,0,0.002,Low
TXP10516,62,Freelancer,Lucknow,510340,222360,73245,0,1,0.435709526982012,0.14352196574832465,0.5792314927303366,1,0,6,7,0,0.04,Low
TXP10517,55,Engineer,Kolkata,798149,427276,20875,0,0,0.5353336281822065,0.026154264429323348,0.56148789261153,0,0,5,6,0,0.002,Low
TXP10518,47,Business Owner,Lucknow,1243205,460948,535734,0,0,0.37077392706753914,0.43092973403421,0.8017036611017491,1,1,2,7,1,0.656,High
TXP10519,46,Teacher,Ahmedabad,295601,235763,16567,6,1,0.7975717267532925,0.05604514193118427,0.8536168686844767,2,1,9,0,0,0.966,High
TXP10520,55,Teacher,Hyderabad,407479,92243,50633,0,0,0.22637485612755504,0.12425916427595042,0.35063402040350544,0,0,9,4,0,0.0,
TXP10521,60,Business Owner,Mumbai,1465418,219916,152394,1,0,0.15007049183236457,0.10399353631523565,0.2540640281476002,0,0,2,8,1,0.002,Low
TXP10522,35,Teacher,Hyderabad,288435,136489,27566,0,1,0.4732054015636105,0.09557092585851232,0.5687763274221228,1,0,9,4,0,0.008,Low
TXP10523,36,Consultant,Bangalore,818656,163726,147479,1,0,0.19999364812570847,0.18014770550756362,0.3801413536332721,0,0,3,1,0,0.0,
TXP10524,46,Business Owner,Chennai,1598906,415280,157852,0,1,0.25972758873880014,0.09872500322095233,0.3584525919597525,1,0,2,2,1,0.066,Low
TXP10525,48,Teacher,Ahmedabad,420913,119557,14126,1,0,0.2840420704516135,0.0335603794608387,0.31760244991245223,0,0,9,0,0,0.0,
TXP10526,58,Consultant,Pune,738039,296817,140518,2,1,0.4021698040347461,0.19039373258052758,0.5925635366152737,1,0,3,9,0,0.164,Low
TXP10527,64,Business Owner,Hyderabad,1056768,347762,196237,1,0,0.32908074430717055,0.18569544119428294,0.5147761855014535,0,0,2,4,0,0.012,Low
TXP10528,53,Lawyer,Delhi,1206818,547416,638244,0,0,0.4536027802038087,0.5288651644241302,0.982467944627939,1,0,7,3,1,0.068,Low
TXP10529,40,Engineer,Kolkata,418475,73248,43613,1,0,0.1750355457315252,0.10421889001732482,0.27925443574885,0,0,5,6,0,0.0,
TXP10530,43,Engineer,Kolkata,665786,137000,24444,3,0,0.20577182458027055,0.03671449985430754,0.24248632443457807,0,0,5,6,0,0.036,Low
TXP10531,48,Architect,Lucknow,430795,161395,69932,1,1,0.3746445525133764,0.1623324318991632,0.5369769844125396,1,0,1,7,0,0.058,Low
TXP10532,45,Freelancer,Lucknow,609806,183938,279439,0,0,0.3016336343033686,0.4582424574372833,0.759876091740652,1,0,6,7,0,0.02,Low
TXP10533,36,Architect,Kolkata,608712,172336,19690,1,0,0.2831158248892744,0.032346988395168814,0.3154628132844432,0,0,1,6,0,0.0,
TXP10534,42,Business Owner,Jaipur,1707433,1642780,199307,0,0,0.9621343853609483,0.11672903124163583,1.0788634166025841,1,0,2,5,1,0.042,Low
TXP10535,59,Teacher,Ahmedabad,379484,320906,18527,7,1,0.8456377607488063,0.04882155769413203,0.8944593184429384,3,1,9,0,0,0.966,High
TXP10536,35,Doctor,Ahmedabad,555355,256195,11879,1,0,0.46131753563036254,0.021389921761755994,0.48270745739211857,0,0,4,0,0,0.006,Low
TXP10537,64,Business Owner,Mumbai,1769851,362338,170189,0,0,0.20472796862560746,0.09616007223206925,0.30088804085767673,0,0,2,8,1,0.018,Low
TXP10538,42,Business Owner,Hyderabad,1820498,326361,81374,0,0,0.17927017772060172,0.04469875825186295,0.22396893597246467,0,0,2,4,1,0.01,Low
TXP10539,35,Pharmacist,Pune,588228,346285,28760,0,0,0.5886917997783172,0.04889260626831773,0.637584406046635,0,0,8,9,0,0.006,Low
TXP10540,32,Engineer,Kolkata,485761,221763,16440,2,0,0.4565269751997381,0.03384380384592423,0.4903707790456624,0,0,5,6,0,0.0,
TXP10541,30,Teacher,Hyderabad,331639,112045,18875,0,0,0.33785230325745763,0.05691429536333181,0.3947665986207895,0,0,9,4,0,0.0,
TXP10542,51,Business Owner,Ahmedabad,1258170,586029,187199,0,1,0.4657788693101886,0.1487867299331569,0.6145655992433455,1,1,2,0,0,0.708,High
TXP10543,37,Business Owner,Bangalore,918515,985578,152112,3,1,1.0730124167814352,0.16560644083112416,1.2386188576125594,2,1,2,1,1,0.99,High
TXP10544,54,Teacher,Kolkata,451540,226213,45811,0,0,0.5009810869468928,0.10145502059618196,0.6024361075430749,0,0,9,6,0,0.0,
TXP10545,42,Freelancer,Hyderabad,471648,172172,52437,0,0,0.3650434222131759,0.11117825157744758,0.4762216737906235,0,0,6,4,0,0.0,
TXP10546,39,Engineer,Ahmedabad,200000,68689,5175,1,0,0.343445,0.025875,0.36932,0,0,5,0,0,0.05,Low
TXP10547,28,Freelancer,Chennai,500903,77621,216352,0,0,0.15496213837808917,0.4319239453546894,0.5868860837327786,1,0,6,2,0,0.01,Low
TXP10548,58,Business Owner,Ahmedabad,1060737,601385,70392,0,0,0.5669501488116282,0.06636140721026984,0.633311556021898,0,0,2,0,0,0.038,Low
TXP10549,35,Architect,Lucknow,638011,268914,235118,0,1,0.42148803077062935,0.3685171572276967,0.7900051879983261,2,1,1,7,0,0.676,High
TXP10550,48,Consultant,Delhi,683648,165045,104679,1,0,0.24141809820258378,0.15311827139112527,0.394536369593709,0,0,3,3,0,0.0,
TXP10551,44,Lawyer,Jaipur,1101761,621196,142017,3,0,0.5638210101827892,0.12890000644422883,0.692721016627018,0,0,7,5,0,0.014,Low
TXP10552,59,Engineer,Jaipur,767953,431374,69563,0,0,0.561719271882524,0.09058236636877517,0.6523016382512993,0,0,5,5,0,0.0,
TXP10553,46,Pharmacist,Lucknow,528305,314411,21818,0,0,0.5951316001173564,0.04129811377897238,0.6364297138963289,0,0,8,7,0,0.002,Low
TXP10554,39,Teacher,Lucknow,329641,179102,162666,0,0,0.5433244044278472,0.4934641018562618,1.0367885062841091,1,0,9,7,0,0.032,Low
TXP10555,62,Architect,Kolkata,643386,385390,54997,2,0,0.5990027759385501,0.08548056687587234,0.6844833428144225,0,0,1,6,0,0.0,
TXP10556,65,Engineer,Chennai,602939,156829,320097,0,0,0.2601075730712394,0.5308945017655186,0.791002074836758,1,1,5,2,0,0.044,Low
TXP10557,62,Business Owner,Chennai,879027,465016,98746,2,0,0.5290121918894414,0.11233557103479187,0.6413477629242332,0,0,2,2,0,0.006,Low
TXP10558,37,Consultant,Kolkata,854207,444497,130658,0,1,0.5203621604599353,0.1529582408011173,0.6733204012610526,1,0,3,6,0,0.024,Low
TXP10559,54,Pharmacist,Hyderabad,546004,138643,100089,3,0,0.2539230481827972,0.18331184386927568,0.4372348920520729,0,0,8,4,0,0.004,Low
TXP10560,28,Lawyer,Kolkata,1285110,1123150,238754,5,1,0.8739718778937211,0.18578487444654543,1.0597567523402667,3,1,7,6,1,0.996,High
TXP10561,58,Freelancer,Pune,638302,377070,74246,1,0,0.5907391798866367,0.11631798114372194,0.7070571610303586,0,0,6,9,0,0.008,Low
TXP10562,46,Teacher,Pune,308859,87472,34614,0,1,0.2832101379593925,0.1120705564675143,0.3952806944269068,1,0,9,9,0,0.034,Low
TXP10563,52,Doctor,Jaipur,964059,522424,65384,2,1,0.5419004438525028,0.06782157523554057,0.6097220190880434,1,0,4,5,0,0.024,Low
TXP10564,66,Business Owner,Ahmedabad,819618,124464,154452,0,0,0.15185610857741044,0.18844388483415445,0.3402999934115649,0,0,2,0,0,0.028,Low
TXP10565,34,Business Owner,Kolkata,1478372,235742,783557,0,0,0.15946054173103927,0.5300134201675898,0.6894739618986291,1,0,2,6,1,0.184,Low
TXP10566,41,Architect,Kolkata,567341,204039,24376,0,0,0.35964085091682074,0.04296534183145586,0.40260619274827664,0,0,1,6,0,0.0,
TXP10567,35,Teacher,Hyderabad,288604,74292,28250,2,0,0.25741846959848097,0.09788499119901319,0.35530346079749414,0,0,9,4,0,0.0,
TXP10568,32,Engineer,Mumbai,642006,590232,27522,1,0,0.9193558938701507,0.04286875823590434,0.9622246521060551,1,0,5,8,0,0.014,Low
TXP10569,33,Doctor,Jaipur,265086,107228,29280,1,0,0.40450268969315617,0.1104547203549037,0.5149574100480598,0,0,4,5,0,0.006,Low
TXP10570,67,Accountant,Jaipur,374902,69307,45374,1,0,0.18486697857039974,0.12102896223546421,0.3058959408058639,0,0,0,5,0,0.014,Low
TXP10571,40,Lawyer,Jaipur,855627,190961,69131,0,0,0.22318253164053964,0.0807957205651528,0.3039782522056924,0,0,7,5,0,0.0,
TXP10572,61,Freelancer,Ahmedabad,462366,150094,267846,2,0,0.3246216201018241,0.5792943252747823,0.9039159453766065,1,0,6,0,0,0.062,Low
TXP10573,30,Lawyer,Lucknow,807670,188608,153320,2,0,0.23352111629749775,0.1898300048287048,0.42335112112620255,0,0,7,7,0,0.0,
TXP10574,36,Pharmacist,Bangalore,342056,173251,54456,1,0,0.506498935846762,0.15920200201136656,0.6657009378581284,0,0,8,1,0,0.0,
TXP10575,63,Pharmacist,Mumbai,418210,141033,71513,0,0,0.3372300997106717,0.17099782405968295,0.5082279237703546,0,0,8,8,0,0.006,Low
TXP10576,65,Business Owner,Ahmedabad,1356483,260504,116706,3,0,0.19204368945279815,0.08603572621256587,0.27807941566536404,0,0,2,0,0,0.08,Low
TXP10577,32,Architect,Pune,743085,273421,116626,2,0,0.36795386799625884,0.1569483975588257,0.5249022655550846,0,0,1,9,0,0.008,Low
TXP10578,50,Freelancer,Hyderabad,447566,85430,48053,1,0,0.19087687625959077,0.10736517072342402,0.2982420469830148,0,1,6,4,0,0.0,
TXP10579,25,Teacher,Lucknow,419410,87246,23568,0,0,0.20802079111132304,0.05619322381440595,0.264214014925729,0,0,9,7,0,0.012,Low
TXP10580,28,Engineer,Pune,659609,170063,27964,1,0,0.25782395328141366,0.04239481268448429,0.30021876596589797,0,0,5,9,0,0.002,Low
TXP10581,52,Accountant,Lucknow,475254,255110,39022,1,0,0.5367866446153005,0.08210767294962273,0.6188943175649232,0,0,0,7,0,0.0,
TXP10582,60,Teacher,Chennai,333169,308768,14912,5,1,0.9267608931203083,0.04475806572640312,0.9715189588467115,3,1,9,2,0,0.996,High
TXP10583,61,Consultant,Jaipur,497484,259595,99341,0,0,0.5218157769898127,0.19968682409886548,0.7215026010886783,0,0,3,5,0,0.01,Low
TXP10584,42,Teacher,Lucknow,343511,103168,9911,0,1,0.30033390488223083,0.02885206005047873,0.3291859649327096,1,0,9,7,0,0.012,Low
TXP10585,31,Architect,Delhi,827936,225696,82301,1,0,0.2726007807366753,0.09940502647547636,0.37200580721215165,0,0,1,3,0,0.0,
TXP10586,24,Business Owner,Jaipur,1474116,585401,149441,0,0,0.39712003668639373,0.10137668948712313,0.49849672617351687,0,0,2,5,1,0.006,Low
TXP10587,45,Engineer,Jaipur,810301,384758,60054,0,0,0.47483342609721574,0.0741131999096632,0.5489466260068789,0,0,5,5,0,0.002,Low
TXP10588,40,Pharmacist,Hyderabad,469711,280425,57700,1,1,0.5970160375209437,0.12284149189608078,0.7198575294170245,1,0,8,4,0,0.066,Low
TXP10589,30,Teacher,Mumbai,430765,90118,20244,1,1,0.2092045546875907,0.04699546156256892,0.2562000162501596,1,0,9,8,0,0.092,Low
TXP10590,48,Accountant,Pune,530669,91371,85493,0,0,0.172180775587042,0.16110419112478777,0.3332849667118298,0,0,0,9,0,0.0,
TXP10591,27,Business Owner,Lucknow,1788634,827171,142805,0,0,0.46245962002287777,0.07984025798458488,0.5422998780074627,0,0,2,7,1,0.006,Low
TXP10592,59,Engineer,Lucknow,596721,312981,75450,2,0,0.5245014001518298,0.1264410000653572,0.650942400217187,0,0,5,7,0,0.01,Low
TXP10593,29,Business Owner,Chennai,1482892,787203,220676,1,1,0.5308565964345346,0.14881461360638537,0.67967121004092,1,1,2,2,1,0.712,High
TXP10594,54,Teacher,Jaipur,438506,199655,78943,0,0,0.4553073390101846,0.18002718320843958,0.6353345222186242,0,0,9,5,0,0.0,
TXP10595,42,Accountant,Kolkata,530657,307413,90446,3,1,0.5793064069634434,0.17044154698797906,0.7497479539514225,1,0,0,6,0,0.146,Low
TXP10596,67,Pharmacist,Bangalore,521838,198273,67575,0,0,0.37995124923826934,0.1294942108470445,0.5094454600853139,0,0,8,1,0,0.014,Low
TXP10597,62,Teacher,Kolkata,427331,239825,38421,3,0,0.5612160128799455,0.08990922727347185,0.6511252401534173,0,0,9,6,0,0.0,
TXP10598,50,Engineer,Lucknow,580049,339627,64139,0,1,0.5855143272378713,0.11057514106566858,0.6960894683035399,1,0,5,7,0,0.034,Low
TXP10599,33,Accountant,Kolkata,417910,222002,66185,0,0,0.5312196405924721,0.15837141968366394,0.689591060276136,0,0,0,6,0,0.002,Low
TXP10600,49,Architect,Hyderabad,992881,287331,176691,0,1,0.28939117578038054,0.17795788216311925,0.4673490579434998,1,0,1,4,0,0.09,Low
TXP10601,42,Engineer,Delhi,529535,126186,20482,0,0,0.23829586335180866,0.03867921855967972,0.2769750819114884,0,0,5,3,0,0.002,Low
TXP10602,62,Engineer,Lucknow,623813,247437,55690,1,1,0.3966525224706763,0.08927354832297499,0.4859260707936513,1,0,5,7,0,0.014,Low
TXP10603,26,Doctor,Lucknow,1031201,364897,164683,2,0,0.3538563286885874,0.15970019423953236,0.5135565229281197,0,0,4,7,0,0.0,
TXP10604,36,Doctor,Delhi,678301,743525,66268,2,0,1.0961579004011492,0.09769704010461433,1.1938549405057637,1,0,4,3,0,0.05,Low
TXP10605,51,Consultant,Pune,568583,110881,45373,0,0,0.19501286531605763,0.07980013472087628,0.27481300003693393,0,0,3,9,0,0.0,
TXP10606,43,Freelancer,Delhi,488060,129815,45896,0,0,0.26598164160144244,0.0940376183256157,0.36001925992705813,0,0,6,3,0,0.0,
TXP10607,51,Lawyer,Kolkata,451730,341416,58052,8,1,0.7557966041662054,0.1285103933765745,0.88430699754278,2,1,7,6,0,0.984,High
TXP10608,31,Business Owner,Hyderabad,1084837,209095,216929,0,1,0.1927432416114126,0.19996460297722146,0.39270784458863406,1,0,2,4,0,0.056,Low
TXP10609,64,Accountant,Chennai,574503,169101,274321,1,0,0.29434311047984085,0.47749271979432656,0.7718358302741674,1,0,0,2,0,0.008,Low
TXP10610,62,Pharmacist,Pune,473004,500574,27211,0,0,1.0582870335134587,0.05752805473103822,1.1158150882444968,1,0,8,9,0,0.026,Low
TXP10611,24,Pharmacist,Ahmedabad,345654,148689,17045,1,1,0.4301671613810342,0.04931231809844527,0.4794794794794795,1,1,8,0,0,0.158,Low
TXP10612,26,Accountant,Chennai,709417,156894,19596,1,0,0.2211590644148646,0.027622681723161412,0.248781746138026,0,0,0,2,0,0.008,Low
TXP10613,36,Consultant,Mumbai,768636,412966,92687,0,0,0.5372712181058394,0.1205863373560437,0.6578575554618832,0,0,3,8,0,0.014,Low
TXP10614,51,Freelancer,Mumbai,664672,233561,78446,1,0,0.35139286745943865,0.11802212218959125,0.4694149896490299,0,0,6,8,0,0.0,
TXP10615,48,Lawyer,Mumbai,834990,469815,47546,0,1,0.5626594330471023,0.0569419993053809,0.6196014323524832,1,0,7,8,0,0.026,Low
TXP10616,56,Engineer,Mumbai,467998,168732,264931,0,0,0.36054000230770217,0.5660942995482887,0.9266343018559908,1,0,5,8,0,0.036,Low
TXP10617,61,Accountant,Hyderabad,576918,157941,88498,2,0,0.2737668091479205,0.1533978832347058,0.4271646923826263,0,0,0,4,0,0.002,Low
TXP10618,29,Freelancer,Chennai,417631,89299,27829,0,1,0.21382272867675053,0.06663537907866035,0.28045810775541086,1,0,6,2,0,0.018,Low
TXP10619,67,Pharmacist,Jaipur,382223,57977,31318,0,0,0.15168370296920908,0.08193646117580575,0.23362016414501482,0,0,8,5,0,0.018,Low
TXP10620,55,Freelancer,Bangalore,670467,261127,132943,1,0,0.3894703244156685,0.19828418102606093,0.5877545054417295,0,0,6,1,0,0.034,Low
TXP10621,44,Consultant,Pune,637991,126462,55739,0,0,0.19821909713459906,0.08736643620364551,0.2855855333382446,0,0,3,9,0,0.0,
TXP10622,39,Business Owner,Ahmedabad,463893,151357,72805,1,1,0.32627567132937985,0.1569435193029427,0.48321919063232255,1,0,2,0,0,0.136,Low
TXP10623,44,Consultant,Kolkata,989069,410634,100381,0,0,0.41517224784115164,0.10149039146914927,0.5166626393103009,0,0,3,6,0,0.0,
TXP10624,34,Freelancer,Lucknow,374355,102595,60945,0,0,0.2740580465066581,0.1628000160275674,0.43685806253422554,0,0,6,7,0,0.0,
TXP10625,60,Accountant,Mumbai,489217,111957,77503,2,0,0.22884936541452974,0.15842254050860866,0.3872719059231384,0,0,0,8,0,0.0,
TXP10626,59,Teacher,Ahmedabad,244076,121702,34218,1,0,0.49862337960307446,0.14019403792261426,0.6388174175256888,0,0,9,0,0,0.002,Low
TXP10627,58,Consultant,Lucknow,1063369,612560,184877,0,0,0.5760559128580953,0.17385968558421394,0.7499155984423093,0,0,3,7,0,0.002,Low
TXP10628,42,Doctor,Bangalore,542103,105817,102489,0,0,0.19519722266801695,0.18905816791273983,0.3842553905807568,0,0,4,1,0,0.032,Low
TXP10629,43,Consultant,Ahmedabad,760520,167326,94606,2,0,0.2200152527218219,0.12439646557618471,0.34441171829800665,0,0,3,0,0,0.008,Low
TXP10630,41,Engineer,Chennai,736893,797141,46235,0,0,1.0817594956119816,0.06274316623987472,1.1445026618518563,1,0,5,2,0,0.03,Low
TXP10631,64,Teacher,Ahmedabad,375303,62676,34435,1,0,0.1670010631409821,0.09175253062192415,0.25875359376290624,0,0,9,0,0,0.0,
TXP10632,37,Consultant,Mumbai,739262,436116,115690,1,0,0.589934285814772,0.1564939087901177,0.7464281946048897,0,0,3,8,0,0.016,Low
TXP10633,38,Engineer,Bangalore,344750,52433,47285,1,0,0.1520899202320522,0.13715736040609136,0.2892472806381436,0,0,5,1,0,0.0,
TXP10634,54,Engineer,Kolkata,478541,259919,24885,1,0,0.5431488628978499,0.05200181384667144,0.5951506767445214,0,0,5,6,0,0.0,
TXP10635,24,Accountant,Jaipur,568780,163977,299708,1,0,0.2882960019691269,0.526931326699251,0.8152273286683779,1,0,0,5,0,0.07,Low
TXP10636,26,Architect,Delhi,524052,299949,74904,1,0,0.5723649561493898,0.14293238075610817,0.7152973369054979,0,0,1,3,0,0.008,Low
TXP10637,39,Doctor,Mumbai,840671,246001,54806,2,0,0.2926245820303067,0.0651931611772025,0.35781774320750925,0,0,4,8,0,0.0,
TXP10638,46,Architect,Lucknow,759078,337362,83453,1,0,0.44443654011840683,0.10993995346986739,0.5543764935882742,0,0,1,7,0,0.0,
TXP10639,34,Engineer,Bangalore,744375,138464,114942,0,0,0.18601376994122587,0.15441410579345088,0.34042787573467675,0,0,5,1,0,0.0,
TXP10640,35,Pharmacist,Chennai,377382,97760,45768,0,0,0.25904786131823987,0.12127764440275371,0.3803255057209936,0,0,8,2,0,0.0,
TXP10641,33,Pharmacist,Hyderabad,719664,560085,25184,6,1,0.778259020876409,0.0349941083616799,0.8132531292380889,2,1,8,4,0,1.0,High
TXP10642,55,Teacher,Bangalore,396048,153630,21150,2,0,0.3879075263604412,0.053402617864501276,0.4413101442249424,0,0,9,1,0,0.0,
TXP10643,39,Teacher,Lucknow,349897,198596,20811,0,0,0.5675841747714327,0.059477503379565984,0.6270616781509987,0,0,9,7,0,0.0,
TXP10644,31,Teacher,Delhi,415372,142446,27587,0,1,0.34293597064799747,0.06641516520131352,0.409351135849311,1,0,9,3,0,0.02,Low
TXP10645,61,Business Owner,Delhi,2146163,2295237,261343,3,0,1.0694607073181301,0.12177220462751431,1.1912329119456444,1,0,2,3,1,0.112,Low
TXP10646,35,Doctor,Pune,512255,180329,56713,1,0,0.3520297508077032,0.11071243814116016,0.4627421889488634,0,0,4,9,0,0.0,
TXP10647,47,Doctor,Jaipur,754947,855856,42706,0,0,1.1336636876495967,0.05656820942397281,1.1902318970735695,1,1,4,5,0,0.646,Medium
TXP10648,51,Doctor,Lucknow,324313,188725,10429,1,0,0.5819224021238741,0.032157206155781604,0.6140796082796558,0,0,4,7,0,0.0,
TXP10649,31,Accountant,Delhi,569265,169704,251803,3,0,0.29811072172011277,0.44233002204597155,0.7404407437660844,1,0,0,3,0,0.024,Low
TXP10650,51,Engineer,Pune,654809,359271,129120,2,0,0.5486653359987416,0.197187271402806,0.7458526074015476,0,0,5,9,0,0.012,Low
TXP10651,59,Business Owner,Pune,1184335,629385,123571,1,0,0.5314248080146242,0.10433787737422266,0.635762685388847,0,0,2,9,0,0.002,Low
TXP10652,49,Pharmacist,Pune,434546,106379,76533,0,0,0.24480492283900898,0.176121745453876,0.420926668292885,0,0,8,9,0,0.002,Low
TXP10653,31,Accountant,Bangalore,345048,148691,59615,2,0,0.4309284505344184,0.17277306345783774,0.6037015139922561,0,0,0,1,0,0.004,Low
TXP10654,51,Teacher,Pune,372412,68042,41737,1,0,0.18270625006712995,0.11207211368054736,0.2947783637476773,0,0,9,9,0,0.0,
TXP10655,51,Accountant,Mumbai,695543,366217,102386,2,0,0.5265195681647289,0.1472029766671507,0.6737225448318795,0,0,0,8,0,0.006,Low
TXP10656,60,Consultant,Lucknow,643616,147095,35202,0,0,0.22854466017003927,0.054694103316263114,0.2832387634863024,0,0,3,7,0,0.0,
TXP10657,64,Architect,Mumbai,720409,131018,103675,0,1,0.1818661343764445,0.14391130593870982,0.3257774403151543,1,1,1,8,0,0.694,High
TXP10658,59,Consultant,Hyderabad,467734,154398,32287,0,0,0.330097876143278,0.06902855041540705,0.3991264265586851,0,0,3,4,0,0.0,
TXP10659,50,Pharmacist,Delhi,545721,223535,316212,0,0,0.4096140701933772,0.579438944075819,0.9890530142691961,1,0,8,3,0,0.208,Low
TXP10660,40,Doctor,Jaipur,721323,385700,25297,1,0,0.534711911307417,0.035070280581653436,0.5697821918890705,0,0,4,5,0,0.002,Low
TXP10661,32,Consultant,Pune,612764,360555,97530,3,0,0.5884076088020836,0.1591640501073823,0.747571658909466,0,0,3,9,0,0.008,Low
TXP10662,56,Freelancer,Chennai,335945,297433,12762,1,0,0.885362187262796,0.03798836119007576,0.9233505484528718,1,0,6,2,0,0.032,Low
TXP10663,43,Engineer,Chennai,540958,95858,96622,2,0,0.17720044809393706,0.17861275736748508,0.35581320546142214,0,0,5,2,0,0.012,Low
TXP10664,36,Pharmacist,Delhi,538243,262179,40237,0,0,0.48710155078654066,0.07475619747957707,0.5618577482661177,0,0,8,3,0,0.012,Low
TXP10665,51,Engineer,Hyderabad,403175,163014,55553,1,0,0.40432566503379425,0.137788801388975,0.5421144664227693,0,0,5,4,0,0.0,
TXP10666,52,Business Owner,Chennai,1041153,366018,112184,2,0,0.35155063664994485,0.10774977356834202,0.4593004102182868,0,0,2,2,0,0.0,
TXP10667,36,Engineer,Mumbai,593779,633135,51026,1,0,1.0662805521919771,0.08593432910224175,1.1522148812942188,1,0,5,8,0,0.002,Low
TXP10668,58,Accountant,Ahmedabad,440096,452423,59932,1,0,1.0280097978622846,0.13617937904457209,1.1641891769068566,1,0,0,0,0,0.05,Low
TXP10669,29,Freelancer,Bangalore,719499,217580,266651,1,0,0.30240486783164394,0.37060649146141966,0.6730113592930637,1,0,6,1,0,0.02,Low
TXP10670,41,Teacher,Kolkata,298790,146602,8195,1,0,0.4906522976003213,0.027427290069948793,0.5180795876702701,0,0,9,6,0,0.006,Low
TXP10671,28,Accountant,Chennai,483056,190687,89555,0,0,0.3947513331787619,0.18539258388261404,0.5801439170613759,0,0,0,2,0,0.018,Low
TXP10672,48,Lawyer,Jaipur,655423,356931,84965,2,0,0.5445811331003032,0.12963383952043184,0.674214972620735,0,1,7,5,0,0.638,Medium
TXP10673,25,Consultant,Pune,1073726,423686,554101,3,0,0.3945941515805708,0.5160543751385362,0.9106485267191071,1,0,3,9,1,0.088,Low
TXP10674,33,Engineer,Jaipur,682935,598862,60847,0,0,0.8768945800112748,0.08909632688323194,0.9659909068945068,1,0,5,5,0,0.004,Low
TXP10675,53,Accountant,Lucknow,456340,243225,47884,1,0,0.5329907525090941,0.10493053425077793,0.637921286759872,0,0,0,7,0,0.0,
TXP10676,28,Architect,Bangalore,826997,331417,145876,1,0,0.40074752387251705,0.17639241738482728,0.5771399412573444,0,0,1,1,0,0.0,
TXP10677,56,Consultant,Mumbai,786125,191090,467781,1,0,0.2430783908411512,0.5950465892828749,0.838124980124026,1,0,3,8,1,0.086,Low
TXP10678,24,Accountant,Hyderabad,575725,247894,66921,1,0,0.430577098441096,0.11623778713795649,0.5468148855790524,0,0,0,4,0,0.066,Low
TXP10679,41,Freelancer,Bangalore,398328,123869,9414,2,0,0.3109723644835412,0.0236337892390191,0.3346061537225603,0,0,6,1,0,0.004,Low
TXP10680,55,Consultant,Kolkata,615105,325994,29861,0,1,0.529981060144203,0.04854618317197877,0.5785272433161818,1,0,3,6,0,0.012,Low
TXP10681,34,Architect,Ahmedabad,704042,249220,95400,0,1,0.35398456342093226,0.13550327963388548,0.48948784305481774,1,0,1,0,0,0.264,Low
TXP10682,44,Teacher,Chennai,317294,151317,47294,2,1,0.4768983970702251,0.14905418948987376,0.6259525865600989,1,0,9,2,0,0.058,Low
TXP10683,49,Engineer,Hyderabad,872513,168387,108949,1,0,0.19299082076714044,0.12486805354189565,0.3178588743090361,0,0,5,4,0,0.002,Low
TXP10684,48,Engineer,Hyderabad,409606,134437,18758,2,0,0.32821052425989855,0.04579522760897057,0.3740057518688691,0,0,5,4,0,0.0,
TXP10685,45,Lawyer,Chennai,1284039,760740,128626,0,0,0.5924586402749449,0.10017296982412528,0.6926316100990701,0,0,7,2,0,0.026,Low
TXP10686,50,Business Owner,Chennai,1155472,593689,96963,0,1,0.5138064790838722,0.08391635625960646,0.5977228353434787,1,0,2,2,0,0.264,Low
TXP10687,36,Doctor,Chennai,859817,190856,93908,3,0,0.22197281514554842,0.10921858953707592,0.3311914046826243,0,0,4,2,0,0.0,
TXP10688,56,Business Owner,Chennai,1533263,1218999,270865,6,1,0.7950358157732887,0.17665919023676957,0.9716950060100583,2,1,2,2,1,0.996,High
TXP10689,57,Accountant,Chennai,486975,145321,77748,2,0,0.29841572976025466,0.1596550130910211,0.45807074285127575,0,0,0,2,0,0.0,
TXP10690,64,Lawyer,Hyderabad,1116062,494041,39193,2,0,0.44266447562949013,0.035117224670314015,0.47778170029980416,0,0,7,4,0,0.004,Low
TXP10691,58,Consultant,Delhi,262642,128864,47342,1,0,0.49064506057675467,0.18025296791830706,0.6708980284950617,0,0,3,3,0,0.002,Low
TXP10692,24,Teacher,Delhi,306800,149499,32188,0,0,0.48728487614080834,0.10491525423728813,0.5922001303780965,0,0,9,3,0,0.008,Low
TXP10693,44,Doctor,Jaipur,615187,233428,94674,1,0,0.3794423484241377,0.15389466942571933,0.533337017849857,0,0,4,5,0,0.0,
TXP10694,29,Consultant,Delhi,524368,269980,23705,2,1,0.5148674213529429,0.04520680133036341,0.5600742226833064,1,0,3,3,0,0.08,Low
TXP10695,51,Doctor,Kolkata,757009,262443,106533,0,0,0.34668412132484555,0.1407288420613229,0.48741296338616846,0,0,4,6,0,0.006,Low
TXP10696,40,Freelancer,Delhi,507862,104490,31761,0,0,0.20574486770028078,0.06253864238710516,0.26828351008738593,0,1,6,3,0,0.638,Medium
TXP10697,28,Freelancer,Hyderabad,555398,224380,253452,0,0,0.40399857399558514,0.45634301888015444,0.8603415928757395,1,0,6,4,0,0.064,Low
TXP10698,54,Lawyer,Chennai,960219,555520,545280,0,0,0.5785346884408661,0.5678704545525552,1.1464051429934212,1,0,7,2,1,0.134,Low
TXP10699,28,Consultant,Pune,630175,319402,376103,2,0,0.5068465108898322,0.5968231046931408,1.103669615582973,1,0,3,9,1,0.1,Low
TXP10700,61,Teacher,Pune,372140,152731,13610,2,0,0.4104127478905788,0.03657225775245875,0.44698500564303756,0,0,9,9,0,0.0,
TXP10701,26,Teacher,Kolkata,357457,157660,22574,3,0,0.44106004358566203,0.0631516518070705,0.5042116953927326,0,0,9,6,0,0.0,
TXP10702,46,Doctor,Lucknow,987211,561479,37517,1,0,0.568752779294396,0.038003020630847914,0.606755799925244,0,0,4,7,0,0.0,
TXP10703,60,Lawyer,Hyderabad,1094234,375053,158164,1,0,0.342753926491043,0.14454312331731603,0.4872970498083591,0,0,7,4,0,0.0,
TXP10704,60,Architect,Mumbai,654876,195891,16520,0,0,0.2991268576035769,0.025226149683298824,0.32435300728687566,0,0,1,8,0,0.002,Low
TXP10705,33,Accountant,Bangalore,460274,271450,60384,1,0,0.589757405371583,0.13119142076241544,0.7209488261339985,0,0,0,1,0,0.004,Low
TXP10706,33,Teacher,Jaipur,310822,167393,14088,1,0,0.5385493948304818,0.045324976996480304,0.583874371826962,0,0,9,5,0,0.0,
TXP10707,42,Teacher,Mumbai,317012,93635,60273,2,0,0.29536736779680267,0.19012844939623735,0.48549581719304,0,0,9,8,0,0.004,Low
TXP10708,40,Business Owner,Hyderabad,1073893,1098913,201845,8,1,1.023298410549282,0.18795634201917696,1.211254752568459,3,1,2,4,1,0.992,High
TXP10709,44,Doctor,Delhi,853610,287483,51720,3,0,0.3367849486299364,0.06058973067325828,0.39737467930319464,0,0,4,3,0,0.0,
TXP10710,37,Accountant,Chennai,621517,134927,353196,2,0,0.2170930159593382,0.5682805136464489,0.7853735296057871,1,0,0,2,1,0.06,Low
TXP10711,32,Freelancer,Mumbai,442332,383516,11076,8,1,0.8670320031107855,0.025040015192208567,0.8920720183029941,3,1,6,8,0,0.952,High
TXP10712,24,Engineer,Bangalore,602418,199966,113087,0,0,0.3319389526873367,0.18772181442121583,0.5196607671085526,0,0,5,1,0,0.014,Low
TXP10713,36,Engineer,Lucknow,621495,338029,70936,2,0,0.5438965719756393,0.11413768413261571,0.6580342561082551,0,0,5,7,0,0.008,Low
TXP10714,27,Doctor,Pune,696818,722674,19357,1,0,1.0371058152917978,0.02777913314524022,1.0648849484370382,1,0,4,9,0,0.03,Low
TXP10715,24,Accountant,Lucknow,457460,181402,37351,0,0,0.39654177414418745,0.08164866873606436,0.4781904428802518,0,0,0,7,0,0.006,Low
TXP10716,63,Architect,Bangalore,369129,59349,12488,0,0,0.16078119031558072,0.033830991333653006,0.19461218164923375,0,0,1,1,0,0.004,Low
TXP10717,55,Doctor,Chennai,660970,326452,59969,1,0,0.493898361499009,0.09072877740290784,0.5846271389019169,0,0,4,2,0,0.004,Low
TXP10718,57,Engineer,Delhi,670971,276045,94329,0,1,0.4114112234358862,0.14058580773237592,0.5519970311682622,1,0,5,3,0,0.042,Low
TXP10719,51,Lawyer,Bangalore,724272,312534,75744,0,0,0.43151467956789713,0.10457949499635497,0.5360941745642521,0,0,7,1,0,0.002,Low
TXP10720,54,Freelancer,Jaipur,414328,71792,36904,1,0,0.17327334865131008,0.0890695294549246,0.2623428781062347,0,0,6,5,0,0.0,
TXP10721,31,Business Owner,Bangalore,1386572,339664,57471,2,1,0.24496672368979036,0.041448262333293906,0.2864149860230843,1,1,2,1,0,0.712,High
TXP10722,62,Accountant,Hyderabad,602068,472735,38585,5,1,0.7851853943408386,0.06408744527196264,0.8492728396128012,2,1,0,4,0,1.0,High
TXP10723,49,Freelancer,Delhi,288070,80662,10954,0,0,0.28000833130836256,0.03802547991807547,0.31803381122643803,0,0,6,3,0,0.0,
TXP10724,57,Business Owner,Chennai,1598823,1405147,264365,0,1,0.8788633888804451,0.16534976041750712,1.0442131492979523,2,1,2,2,1,0.962,High
TXP10725,26,Architect,Pune,830376,336122,36821,0,1,0.40478289353256836,0.044342562887174,0.4491254564197424,1,0,1,9,0,0.03,Low
TXP10726,35,Consultant,Pune,546627,232571,69513,0,0,0.42546562829863876,0.12716715420204272,0.5526327825006815,0,0,3,9,0,0.012,Low
TXP10727,24,Engineer,Bangalore,476424,189218,38920,0,0,0.3971630312494753,0.0816919382734707,0.47885496952294593,0,0,5,1,0,0.0,
TXP10728,67,Engineer,Hyderabad,778663,212468,47246,3,0,0.27286258625361676,0.06067579941515135,0.33353838566876814,0,0,5,4,0,0.014,Low
TXP10729,28,Engineer,Mumbai,577971,150288,78086,1,0,0.26002688716215866,0.13510366437070373,0.39513055153286236,0,0,5,8,0,0.0,
TXP10730,53,Lawyer,Lucknow,345055,411320,35285,0,0,1.1920418484009796,0.10225906014983119,1.2943009085508108,1,0,7,7,0,0.098,Low
TXP10731,53,Pharmacist,Lucknow,360031,191565,33132,0,0,0.5320791820704328,0.09202540892312051,0.6241045909935533,0,0,8,7,0,0.0,
TXP10732,40,Accountant,Lucknow,525063,224420,66532,1,1,0.4274153768214481,0.1267124135579921,0.5541277903794402,1,0,0,7,0,0.058,Low
TXP10733,46,Engineer,Mumbai,425543,99547,46140,1,0,0.23392935614027255,0.10842617549812827,0.3423555316384008,0,0,5,8,0,0.0,
TXP10734,38,Freelancer,Hyderabad,387986,89137,28954,0,0,0.22974282577206395,0.0746264040455068,0.30436922981757075,0,0,6,4,0,0.0,
TXP10735,60,Teacher,Lucknow,351943,191057,42455,3,0,0.5428634750513578,0.12063032934310386,0.6634938043944616,0,0,9,7,0,0.002,Low
TXP10736,44,Engineer,Jaipur,819338,396747,115124,0,0,0.4842287309999048,0.14050855690813804,0.6247372879080428,0,0,5,5,0,0.0,
TXP10737,37,Accountant,Mumbai,520954,232725,12922,0,0,0.4467285019406704,0.024804493294993415,0.4715329952356638,0,0,0,8,0,0.004,Low
TXP10738,25,Accountant,Mumbai,657254,703984,68260,0,0,1.07109884458672,0.10385634777422427,1.1749551923609443,1,0,0,8,0,0.006,Low
TXP10739,34,Freelancer,Chennai,664314,510759,20183,8,1,0.7688517779242948,0.030381717079573815,0.7992334950038686,2,1,6,2,0,0.926,High
TXP10740,62,Doctor,Chennai,1086861,856676,58204,8,1,0.7882111879992014,0.05355238618369782,0.8417635741828992,2,1,4,2,1,0.99,High
TXP10741,61,Engineer,Delhi,642713,326985,77698,0,0,0.5087574080499383,0.12089066192841906,0.6296480699783573,0,0,5,3,0,0.012,Low
TXP10742,57,Teacher,Jaipur,232202,66363,40847,0,0,0.2857985719330583,0.17591149085709856,0.46171006279015686,0,0,9,5,0,0.0,
TXP10743,61,Engineer,Jaipur,669123,355574,119709,1,0,0.5314030454789329,0.17890432700714218,0.710307372486075,0,0,5,5,0,0.014,Low
TXP10744,57,Business Owner,Delhi,1619359,795946,52774,0,0,0.4915191751798088,0.0325894381665832,0.524108613346392,0,0,2,3,1,0.006,Low
TXP10745,41,Teacher,Jaipur,345135,97910,32939,0,0,0.2836860938473351,0.09543801700783751,0.3791241108551726,0,0,9,5,0,0.0,
TXP10746,53,Accountant,Kolkata,724458,247727,90514,0,0,0.34194804943833873,0.1249403001968368,0.46688834963517556,0,0,0,6,0,0.0,
TXP10747,38,Pharmacist,Ahmedabad,585983,136931,27232,0,0,0.23367742750216303,0.04647233793471824,0.28014976543688125,0,0,8,0,0,0.006,Low
TXP10748,50,Business Owner,Lucknow,1427309,285424,225197,1,1,0.19997351659661644,0.1577773278245986,0.357750844421215,1,0,2,7,1,0.03,Low
TXP10749,57,Engineer,Chennai,762957,362589,117466,0,0,0.4752417239765806,0.1539614945534283,0.6292032185300089,0,0,5,2,0,0.0,
TXP10750,61,Teacher,Delhi,370002,100041,67562,0,0,0.270379619569624,0.18259901297830822,0.4529786325479322,0,0,9,3,0,0.0,
TXP10751,56,Freelancer,Delhi,200000,103805,4305,1,0,0.519025,0.021525,0.54055,0,0,6,3,0,0.128,Low
TXP10752,47,Freelancer,Jaipur,375129,224336,22133,0,0,0.598023613210389,0.05900103697661338,0.6570246501870023,0,0,6,5,0,0.002,Low
TXP10753,38,Engineer,Mumbai,779575,143815,131665,0,0,0.1844787223807844,0.1688933072507456,0.35337202963153,0,0,5,8,0,0.0,
TXP10754,53,Pharmacist,Pune,419240,152127,58988,0,0,0.3628637534586394,0.1407022230703177,0.5035659765289572,0,0,8,9,0,0.004,Low
TXP10755,65,Accountant,Bangalore,527652,269592,95499,2,0,0.5109276568647517,0.18098860612676537,0.6919162629915171,0,0,0,1,0,0.022,Low
TXP10756,40,Engineer,Bangalore,443274,223865,13427,1,0,0.5050262365940705,0.03029052008464291,0.5353167566787134,0,0,5,1,0,0.0,
TXP10757,28,Engineer,Delhi,867588,426852,110577,2,0,0.4919985062034053,0.1274533534350406,0.6194518596384458,0,0,5,3,0,0.002,Low
TXP10758,52,Doctor,Lucknow,1136298,348897,139115,2,0,0.30704709504020955,0.12242827145695935,0.4294753664971689,0,0,4,7,0,0.016,Low
TXP10759,27,Consultant,Kolkata,590903,209317,15612,3,0,0.35423242054956566,0.026420580027517206,0.38065300057708285,0,0,3,6,0,0.0,
TXP10760,33,Engineer,Lucknow,622094,259870,69944,1,0,0.41773429738914053,0.112433169263809,0.5301674666529496,0,0,5,7,0,0.002,Low
TXP10761,40,Engineer,Delhi,497925,465278,64587,6,1,0.9344339006878546,0.1297123060701913,1.0641462067580458,3,1,5,3,0,0.998,High
TXP10762,33,Consultant,Lucknow,860690,255965,46849,0,0,0.2973951132231117,0.054431909282087625,0.3518270225051993,0,0,3,7,0,0.0,
TXP10763,40,Lawyer,Chennai,1027420,580918,381908,0,0,0.5654143388293006,0.3717155593622861,0.9371298981915867,1,0,7,2,1,0.018,Low
TXP10764,43,Doctor,Lucknow,962341,260997,130168,1,0,0.2712105168542128,0.1352618250703233,0.40647234192453613,0,0,4,7,0,0.0,
TXP10765,47,Doctor,Jaipur,866383,515570,90358,3,0,0.595083236859449,0.10429336679043795,0.699376603649887,0,0,4,5,0,0.004,Low
TXP10766,28,Engineer,Jaipur,1040310,469823,181474,0,0,0.4516182676317636,0.17444223356499505,0.6260605011967587,0,0,5,5,0,0.0,
TXP10767,57,Engineer,Kolkata,445811,159858,36390,1,0,0.3585779624100796,0.08162651886113173,0.44020448127121137,0,0,5,6,0,0.0,
TXP10768,29,Business Owner,Chennai,515758,219726,193267,0,1,0.4260253839979215,0.3747241923537783,0.8007495763516999,2,0,2,2,0,0.322,Low
TXP10769,25,Engineer,Pune,541036,147507,106733,0,0,0.2726380499634035,0.19727522752644924,0.4699132774898528,0,0,5,9,0,0.006,Low
TXP10770,36,Engineer,Mumbai,364801,99728,67125,0,0,0.27337644359527524,0.18400442981241827,0.4573808734076935,0,0,5,8,0,0.0,
TXP10771,66,Freelancer,Chennai,226130,45474,5702,1,0,0.20109671427939682,0.025215583956131427,0.22631229823552823,0,0,6,2,1,0.118,Low
TXP10772,66,Business Owner,Hyderabad,799474,160952,126901,0,0,0.2013223694579186,0.15873061537961208,0.3600529848375307,0,0,2,4,0,0.0,
TXP10773,34,Accountant,Ahmedabad,457781,140288,18247,1,0,0.306452211865499,0.03985967089066606,0.3463118827561651,0,0,0,0,0,0.0,
TXP10774,46,Teacher,Delhi,292722,144395,7302,2,1,0.4932837299553843,0.02494516981982905,0.5182288997752134,1,0,9,3,0,0.042,Low
TXP10775,39,Lawyer,Hyderabad,1029554,436105,71312,2,0,0.423586329614571,0.06926494384947268,0.49285127346404367,0,0,7,4,0,0.0,
TXP10776,54,Teacher,Kolkata,319628,62699,21888,0,0,0.19616241380604954,0.06847960754376964,0.2646420213498192,0,0,9,6,0,0.002,Low
TXP10777,34,Teacher,Hyderabad,339229,180980,56813,2,0,0.5335039162335767,0.1674768371807835,0.7009807534143602,0,0,9,4,0,0.012,Low
TXP10778,39,Accountant,Jaipur,639423,268951,94583,0,0,0.4206151483446795,0.14791929599029124,0.5685344443349708,0,0,0,5,0,0.0,
TXP10779,31,Architect,Lucknow,527388,307142,103731,0,0,0.5823833686014851,0.19668820678513732,0.7790715753866224,0,0,1,7,0,0.014,Low
TXP10780,27,Doctor,Mumbai,747090,337373,110623,1,0,0.45158280796155753,0.14807185211955723,0.5996546600811147,0,0,4,8,0,0.002,Low
TXP10781,63,Freelancer,Bangalore,504863,115527,48106,0,0,0.2288284148372925,0.09528525560399553,0.324113670441288,0,0,6,1,0,0.002,Low
TXP10782,27,Engineer,Delhi,308764,112143,45019,0,0,0.363199725356583,0.14580391496417977,0.5090036403207627,0,0,5,3,0,0.0,
TXP10783,48,Freelancer,Bangalore,200000,88364,39980,0,0,0.44182,0.1999,0.64172,0,0,6,1,0,0.004,Low
TXP10784,26,Business Owner,Lucknow,1338446,1550654,197856,1,0,1.158548047511816,0.14782516440708104,1.3063732119188969,1,0,2,7,1,0.046,Low
TXP10785,55,Consultant,Jaipur,838562,131410,131740,0,0,0.15670874664008147,0.15710227747024072,0.3138110241103222,0,0,3,5,0,0.0,
TXP10786,26,Doctor,Jaipur,1212844,252552,229113,1,1,0.20823123171652744,0.18890558060228685,0.3971368123188143,1,0,4,5,0,0.076,Low
TXP10787,50,Teacher,Lucknow,359485,94634,14543,1,0,0.2632488142759781,0.04045509548381713,0.3037039097597953,0,0,9,7,0,0.0,
TXP10788,52,Teacher,Delhi,399184,137038,58624,1,0,0.34329532245781397,0.1468595935708846,0.49015491602869854,0,0,9,3,0,0.0,
TXP10789,55,Freelancer,Bangalore,420679,155377,72838,2,1,0.3693481252926816,0.17314389356255006,0.5424920188552317,1,0,6,1,0,0.044,Low
TXP10790,42,Teacher,Chennai,367833,78021,70546,0,0,0.21210984332563962,0.19178812123980177,0.40389796456544136,0,0,9,2,0,0.0,
TXP10791,44,Teacher,Jaipur,450035,203877,26090,0,0,0.45302476474052017,0.057973268745764216,0.5109980334862844,0,0,9,5,0,0.0,
TXP10792,28,Accountant,Bangalore,337600,141205,37374,0,0,0.4182612559241706,0.11070497630331753,0.5289662322274882,0,0,0,1,0,0.004,Low
TXP10793,41,Lawyer,Pune,1003404,283470,142984,0,0,0.28250834160517596,0.14249893362992375,0.42500727523509974,0,0,7,9,0,0.002,Low
TXP10794,51,Teacher,Bangalore,478135,74659,30860,1,0,0.15614627667918057,0.06454244094241166,0.22068871762159223,0,0,9,1,0,0.034,Low
TXP10795,65,Engineer,Pune,642305,118788,82269,0,0,0.18494017639594895,0.12808400993297578,0.31302418632892476,0,0,5,9,0,0.008,Low
TXP10796,45,Pharmacist,Pune,665057,672855,44135,7,1,1.0117253107628368,0.06636273281839,1.0780880435812268,3,1,8,9,0,0.998,High
TXP10797,44,Freelancer,Jaipur,355618,77982,28457,1,0,0.21928586292032462,0.08002125876642914,0.2993071216867538,0,0,6,5,0,0.0,
TXP10798,29,Pharmacist,Delhi,496795,158760,49417,1,0,0.31956843365975907,0.09947161303958373,0.4190400466993428,0,0,8,3,0,0.0,
TXP10799,24,Engineer,Kolkata,605028,261784,69732,1,0,0.43268080154968036,0.11525417005493961,0.5479349716046199,0,1,5,6,0,0.646,Medium
TXP10800,28,Consultant,Jaipur,350833,139019,35394,2,0,0.39625405819863013,0.10088560654214399,0.4971396647407741,0,0,3,5,0,0.0,
TXP10801,64,Consultant,Delhi,539727,137106,224240,2,0,0.25402842548177135,0.4154693020730851,0.6694977275548565,1,0,3,3,0,0.068,Low
TXP10802,35,Business Owner,Delhi,761249,231967,340405,1,0,0.3047189552958362,0.4471664330593538,0.7518853883551899,1,0,2,3,0,0.014,Low
TXP10803,49,Business Owner,Hyderabad,1528826,651759,74321,0,0,0.4263133934142931,0.04861311882450979,0.47492651223880283,0,0,2,4,1,0.0,
TXP10804,57,Lawyer,Lucknow,1118038,600816,31889,3,0,0.5373842391761282,0.028522286362359775,0.565906525538488,0,0,7,7,0,0.002,Low
TXP10805,37,Consultant,Lucknow,808326,395227,44681,1,0,0.4889450543468848,0.05527596539020148,0.5442210197370863,0,0,3,7,0,0.004,Low
TXP10806,49,Teacher,Lucknow,399446,159390,49830,0,1,0.39902765329982026,0.12474777566930198,0.5237754289691222,1,0,9,7,0,0.044,Low
TXP10807,50,Doctor,Ahmedabad,767170,240148,449136,0,0,0.3130310100759936,0.585445207711459,0.8984762177874526,1,0,4,0,1,0.124,Low
TXP10808,32,Lawyer,Jaipur,1200482,1237541,60581,8,1,1.0308701005096286,0.05046389700137112,1.0813339975109997,3,1,7,5,1,0.972,High
TXP10809,49,Architect,Delhi,651406,355496,378362,3,0,0.5457364531490345,0.5808389852104525,1.126575438359487,1,1,1,3,1,0.73,High
TXP10810,45,Consultant,Hyderabad,760415,127490,117767,0,0,0.16765844966235544,0.15487201067837958,0.322530460340735,0,0,3,4,0,0.0,
TXP10811,53,Pharmacist,Pune,473440,281503,35474,0,0,0.5945906556269009,0.07492818519770193,0.6695188408246029,0,0,8,9,0,0.006,Low
TXP10812,66,Business Owner,Kolkata,1473780,661681,281889,2,1,0.4489686384670711,0.19126938891829173,0.6402380273853628,1,0,2,6,1,0.098,Low
TXP10813,40,Engineer,Kolkata,536820,245064,79759,2,0,0.45651056219962,0.14857680414291569,0.6050873663425357,0,0,5,6,0,0.004,Low
TXP10814,49,Engineer,Pune,746464,124733,58833,0,0,0.1670984803017962,0.0788155892313628,0.245914069533159,0,0,5,9,0,0.002,Low
TXP10815,59,Engineer,Bangalore,430177,181744,31023,0,0,0.42248655785874184,0.07211682632962711,0.49460338418836897,0,0,5,1,0,0.002,Low
TXP10816,24,Doctor,Bangalore,580216,213606,66298,1,0,0.36814910309264137,0.11426434293435549,0.4824134460269968,0,0,4,1,0,0.012,Low
TXP10817,31,Accountant,Lucknow,618742,122263,21189,0,0,0.19759932249629086,0.03424529125225054,0.2318446137485414,0,0,0,7,0,0.004,Low
TXP10818,58,Engineer,Jaipur,586718,161385,24162,2,0,0.27506400008181103,0.041181623880637716,0.31624562396244876,0,0,5,5,0,0.0,
TXP10819,38,Accountant,Ahmedabad,504610,277859,26065,0,0,0.5506410891579636,0.05165375240284576,0.6022948415608094,0,0,0,0,0,0.018,Low
TXP10820,45,Architect,Hyderabad,792409,314978,126349,0,0,0.3974942233114465,0.1594492238225462,0.5569434471339927,0,0,1,4,0,0.0,
TXP10821,37,Accountant,Kolkata,489273,164414,55040,0,0,0.33603734520400674,0.11249343413595272,0.4485307793399595,0,0,0,6,0,0.0,
TXP10822,49,Consultant,Lucknow,713963,130446,15637,0,0,0.182706946998654,0.021901695185884983,0.20460864218453897,0,0,3,7,0,0.002,Low
TXP10823,51,Business Owner,Mumbai,1759691,1709010,248526,0,0,0.9711989207196036,0.141232750522677,1.1124316712422806,1,0,2,8,1,0.092,Low
TXP10824,46,Engineer,Lucknow,830871,727651,79983,0,0,0.8757689220107574,0.09626404098831226,0.9720329629990696,1,0,5,7,0,0.02,Low
TXP10825,37,Lawyer,Mumbai,1293099,551273,144766,1,0,0.4263192532048977,0.1119527584508224,0.5382720116557201,0,0,7,8,0,0.0,
TXP10826,47,Doctor,Chennai,743574,282274,43529,0,0,0.37961789949621694,0.05854023943817293,0.4381581389343899,0,0,4,2,0,0.0,
TXP10827,25,Lawyer,Delhi,1207675,416893,144100,2,1,0.3452029726540667,0.11932018134017844,0.46452315399424515,1,0,7,3,0,0.138,Low
TXP10828,49,Business Owner,Pune,820418,342091,452521,0,0,0.4169715925296617,0.5515737099868604,0.968545302516522,1,0,2,9,1,0.102,Low
TXP10829,37,Doctor,Delhi,618619,157765,20550,1,0,0.2550277311236803,0.03321915427751168,0.28824688540119203,0,0,4,3,0,0.0,
TXP10830,30,Engineer,Lucknow,247431,141918,17593,0,0,0.5735659638444657,0.07110265084003217,0.6446686146844979,0,0,5,7,0,0.0,
TXP10831,26,Accountant,Delhi,717286,297643,45719,0,0,0.4149572137194926,0.06373887124522157,0.4786960849647142,0,0,0,3,0,0.022,Low
TXP10832,46,Pharmacist,Hyderabad,413602,361562,26776,6,1,0.8741785581307634,0.06473856509397924,0.9389171232247426,3,1,8,4,0,1.0,High
TXP10833,66,Freelancer,Chennai,431020,151872,38001,1,0,0.3523548791239386,0.08816528235348707,0.4405201614774256,0,0,6,2,0,0.002,Low
TXP10834,41,Freelancer,Ahmedabad,313451,160661,52427,1,1,0.5125553914327917,0.16725740227340158,0.6798127937061933,1,0,6,0,0,0.088,Low
TXP10835,61,Engineer,Chennai,704274,156860,129807,1,0,0.22272581410076192,0.18431320764361597,0.4070390217443779,0,0,5,2,0,0.0,
TXP10836,58,Freelancer,Kolkata,393654,110922,22201,1,0,0.2817753661845174,0.05639724224826879,0.3381726084327861,0,0,6,6,0,0.0,
TXP10837,38,Freelancer,Hyderabad,254277,115894,29936,0,0,0.455778540725272,0.11772987725983868,0.5735084179851108,0,0,6,4,0,0.002,Low
TXP10838,48,Business Owner,Delhi,1376665,401945,185356,2,0,0.2919700871308561,0.1346413252316286,0.4266114123624847,0,0,2,3,0,0.006,Low
TXP10839,60,Pharmacist,Ahmedabad,356626,180675,40630,1,0,0.5066231850734383,0.11392887787205644,0.6205520629454947,0,0,8,0,0,0.0,
TXP10840,51,Lawyer,Delhi,690648,144141,67775,3,1,0.2087039997220002,0.09813247848397447,0.3068364782059747,1,0,7,3,0,0.1,Low
TXP10841,33,Pharmacist,Jaipur,289311,142690,15783,2,0,0.49320627283442386,0.05455375011665647,0.5477600229510803,0,0,8,5,0,0.064,Low
TXP10842,62,Architect,Jaipur,422166,370732,45543,6,1,0.8781664084743915,0.1078793649891275,0.9860457734635191,3,1,1,5,0,1.0,High
TXP10843,40,Doctor,Bangalore,835705,130091,77067,0,0,0.15566617406860075,0.09221794772078665,0.2478841217893874,0,0,4,1,0,0.004,Low
TXP10844,62,Accountant,Chennai,353546,195935,57699,1,0,0.5541994535364564,0.16320082818077422,0.7174002817172306,0,0,0,2,0,0.0,
TXP10845,45,Pharmacist,Ahmedabad,351885,144836,55403,1,0,0.4116003808062293,0.15744632479361154,0.5690467055998408,0,0,8,0,0,0.0,
TXP10846,49,Engineer,Jaipur,599644,615143,26456,1,0,1.0258470025548492,0.04411951090980649,1.0699665134646557,1,0,5,5,0,0.01,Low
TXP10847,67,Teacher,Bangalore,317383,80827,175611,2,0,0.2546670741659131,0.5533094085064417,0.8079764826723549,1,0,9,1,0,0.104,Low
TXP10848,48,Pharmacist,Hyderabad,699203,826788,128281,0,0,1.182472043169151,0.18346746223914942,1.3659395054083006,1,0,8,4,0,0.084,Low
TXP10849,40,Teacher,Ahmedabad,460033,174375,53543,0,0,0.37904889431845107,0.11638947640712731,0.4954383707255784,0,0,9,0,0,0.0,
TXP10850,36,Engineer,Bangalore,469811,280110,81936,0,0,0.5962184793459497,0.17440204678051385,0.7706205261264636,0,0,5,1,0,0.016,Low
TXP10851,43,Business Owner,Pune,1422855,842966,43350,1,0,0.5924468761750143,0.030466913353785173,0.6229137895287995,0,1,2,9,1,0.606,Medium
TXP10852,48,Engineer,Ahmedabad,712392,310432,81763,1,0,0.4357600871430336,0.11477248481173287,0.5505325719547665,0,0,5,0,0,0.002,Low
TXP10853,27,Teacher,Lucknow,314151,109730,36786,0,0,0.34929062775544245,0.11709655547809811,0.46638718323354056,0,0,9,7,0,0.0,
TXP10854,33,Doctor,Bangalore,500891,185837,87619,1,0,0.37101285509222565,0.1749262813666047,0.5459391364588304,0,0,4,1,0,0.006,Low
TXP10855,26,Business Owner,Delhi,1195080,546289,44898,0,1,0.4571150048532316,0.03756903303544533,0.49468403788867693,1,0,2,3,0,0.074,Low
TXP10856,64,Teacher,Lucknow,339629,66468,21491,0,1,0.19570766925085903,0.0632778708531957,0.2589855401040547,1,0,9,7,0,0.148,Low
TXP10857,41,Freelancer,Pune,384635,114528,35839,1,1,0.29775761436166753,0.09317664799095246,0.39093426235262,1,0,6,9,0,0.032,Low
TXP10858,59,Business Owner,Jaipur,1376926,253178,242134,0,0,0.18387190016021196,0.17585113506462946,0.35972303522484145,0,0,2,5,1,0.0,
TXP10859,45,Teacher,Mumbai,304956,316024,57636,1,0,1.036293760411338,0.18899775705347657,1.2252915174648147,1,0,9,8,0,0.056,Low
TXP10860,57,Business Owner,Bangalore,739200,176023,146871,2,1,0.2381263528138528,0.19868912337662337,0.43681547619047617,1,0,2,1,0,0.082,Low
TXP10861,31,Engineer,Hyderabad,616362,227045,118745,2,0,0.36836307235033955,0.19265464126600926,0.5610177136163488,0,0,5,4,0,0.004,Low
TXP10862,63,Business Owner,Bangalore,1354388,681458,28536,0,0,0.5031482854248561,0.021069294766344653,0.5242175801912008,0,0,2,1,1,0.008,Low
TXP10863,67,Engineer,Mumbai,423503,156049,12106,0,1,0.3684720061014916,0.02858539372802554,0.39705739982951715,1,0,5,8,0,0.078,Low
TXP10864,42,Architect,Pune,798494,240318,37185,1,0,0.30096406485208405,0.04656891598434052,0.3475329808364246,0,0,1,9,0,0.0,
TXP10865,65,Doctor,Pune,445903,343477,36918,6,1,0.7702953332899756,0.08279379147482749,0.8530891247648031,2,1,4,9,0,0.996,High
TXP10866,64,Accountant,Lucknow,492188,195710,83369,2,0,0.3976326119287752,0.1693844628475298,0.567017074776305,0,0,0,7,0,0.006,Low
TXP10867,60,Business Owner,Ahmedabad,1096796,298406,198167,0,0,0.27207064941885273,0.18067808416515013,0.45274873358400286,0,0,2,0,0,0.022,Low
TXP10868,29,Accountant,Hyderabad,486377,207546,26084,0,0,0.4267183686728608,0.053629180656157675,0.48034754932901846,0,0,0,4,0,0.004,Low
TXP10869,49,Doctor,Lucknow,686987,405139,90365,1,0,0.5897331390550331,0.13153815137695474,0.7212712904319878,0,0,4,7,0,0.004,Low
TXP10870,57,Teacher,Hyderabad,462264,517855,85576,1,0,1.1202581209006108,0.18512365228527422,1.3053817731858852,1,0,9,4,0,0.192,Low
TXP10871,29,Business Owner,Hyderabad,859646,211005,88949,0,0,0.24545568757372221,0.10347166159093395,0.3489273491646562,0,0,2,4,0,0.002,Low
TXP10872,60,Freelancer,Mumbai,816183,296186,31535,0,0,0.36289165542531515,0.038637168380130434,0.4015288238054456,0,0,6,8,0,0.002,Low
TXP10873,56,Accountant,Lucknow,593712,347841,60799,1,0,0.5858749696822702,0.10240486970113456,0.6882798393834048,0,0,0,7,0,0.006,Low
TXP10874,45,Teacher,Hyderabad,355523,176806,31159,0,0,0.49731241016755595,0.08764271228584367,0.5849551224533996,0,0,9,4,0,0.0,
TXP10875,44,Accountant,Kolkata,597624,331205,74092,0,0,0.5542029771227394,0.12397761803408162,0.678180595156821,0,0,0,6,0,0.0,
TXP10876,29,Business Owner,Mumbai,2211971,2244876,218893,0,0,1.014875873146619,0.09895834981561694,1.113834222962236,1,0,2,8,1,0.02,Low
TXP10877,29,Business Owner,Pune,802562,478661,18557,0,0,0.5964162270329271,0.023122201150814516,0.6195384281837416,0,0,2,9,0,0.066,Low
TXP10878,27,Teacher,Mumbai,282774,284351,56249,6,1,1.0055768917934464,0.19891857101430824,1.2044954628077547,3,1,9,8,0,0.988,High
TXP10879,53,Engineer,Delhi,486770,498701,57359,7,1,1.0245105491299793,0.1178359389444707,1.14234648807445,3,1,5,3,0,1.0,High
TXP10880,34,Doctor,Delhi,806428,431456,84879,0,0,0.5350211054179667,0.10525304180906417,0.6402741472270308,0,0,4,3,0,0.018,Low
TXP10881,53,Engineer,Hyderabad,341134,193514,65440,0,0,0.5672668218354078,0.19183077617593086,0.7590975980113387,0,0,5,4,0,0.008,Low
TXP10882,54,Engineer,Lucknow,603350,115097,28993,0,0,0.19076323858456948,0.048053368691472614,0.2388166072760421,0,0,5,7,0,0.002,Low
TXP10883,47,Accountant,Pune,719354,593003,38890,7,1,0.8243549073196229,0.05406239487095366,0.8784173021905766,3,1,0,9,0,0.988,High
TXP10884,32,Business Owner,Mumbai,1260562,1200346,208550,0,1,0.9522308303756578,0.16544208059579774,1.1176729109714556,2,1,2,8,1,0.972,High
TXP10885,26,Engineer,Lucknow,556097,109566,37230,1,0,0.1970267777024512,0.06694875174654781,0.263975529448999,0,0,5,7,0,0.002,Low
TXP10886,54,Architect,Mumbai,551094,492418,90302,7,1,0.8935281458335601,0.16385952305777235,1.0573876688913326,3,1,1,8,0,0.996,High
TXP10887,63,Doctor,Mumbai,979702,574629,67477,0,0,0.5865344768102954,0.068875025262784,0.6554095020730794,0,0,4,8,0,0.004,Low
TXP10888,60,Freelancer,Kolkata,326125,146931,8470,0,0,0.4505358374856267,0.025971636642391722,0.4765074741280184,0,0,6,6,0,0.0,
TXP10889,59,Business Owner,Delhi,1938558,969955,219178,0,0,0.5003487128061167,0.1130623896731488,0.6134111024792656,0,0,2,3,1,0.006,Low
TXP10890,47,Accountant,Mumbai,743335,371119,41183,1,0,0.49926210927778186,0.05540301479144666,0.5546651240692285,0,0,0,8,0,0.01,Low
TXP10891,54,Doctor,Kolkata,851350,332693,133161,0,0,0.3907828742585306,0.15641158160568508,0.5471944558642157,0,0,4,6,0,0.0,
TXP10892,29,Business Owner,Delhi,1195393,608299,161875,2,0,0.5088694680326888,0.13541571683956657,0.6442851848722554,0,0,2,3,0,0.002,Low
TXP10893,25,Accountant,Kolkata,653065,273055,121632,0,0,0.4181130515339208,0.18624792325419368,0.6043609747881145,0,0,0,6,0,0.064,Low
TXP10894,43,Architect,Lucknow,825167,725570,132800,0,0,0.8793007960812781,0.16093711939522545,1.0402379154765036,1,0,1,7,0,0.018,Low
TXP10895,51,Teacher,Ahmedabad,301640,121409,15848,0,0,0.40249635326879724,0.05253945100119348,0.45503580426999074,0,0,9,0,0,0.0,
TXP10896,34,Architect,Delhi,565751,619245,92799,1,0,1.0945539645533107,0.164027991112698,1.2585819556660085,1,0,1,3,0,0.004,Low
TXP10897,27,Engineer,Jaipur,401647,209078,54428,0,1,0.5205516286689555,0.13551202921968794,0.6560636578886435,1,1,5,5,0,0.64,Medium
TXP10898,38,Freelancer,Ahmedabad,511359,302610,71800,0,0,0.591776032102691,0.14041016194102382,0.7321861940437149,0,0,6,0,0,0.01,Low
TXP10899,29,Business Owner,Lucknow,1466651,491282,249048,0,0,0.3349685780734476,0.1698072683958215,0.5047758464692691,0,0,2,7,1,0.002,Low
TXP10900,53,Freelancer,Mumbai,247511,122153,30515,0,1,0.4935255402790179,0.1232874498507137,0.6168129901297316,1,0,6,8,0,0.05,Low
TXP10901,61,Engineer,Pune,531720,103628,55235,3,1,0.1948920484465508,0.10387986158128339,0.2987719100278342,1,0,5,9,0,0.088,Low
TXP10902,25,Business Owner,Lucknow,661098,330267,88980,1,0,0.4995734369185809,0.1345942659030885,0.6341677028216695,0,0,2,7,0,0.004,Low
TXP10903,38,Teacher,Kolkata,296072,93895,21800,2,0,0.31713569672241887,0.07363073846902105,0.39076643519143994,0,0,9,6,0,0.0,
TXP10904,34,Freelancer,Kolkata,532652,89339,28159,1,0,0.16772489355151204,0.052865660881776466,0.22059055443328854,0,0,6,6,0,0.012,Low
TXP10905,31,Lawyer,Kolkata,716629,224635,93868,1,0,0.3134606609556688,0.13098548900477094,0.4444461499604398,0,0,7,6,0,0.006,Low
TXP10906,49,Architect,Kolkata,601867,255666,37371,0,1,0.42478820071544043,0.062091791043536196,0.48687999175897667,1,0,1,6,0,0.016,Low
TXP10907,67,Doctor,Lucknow,474537,96645,16316,1,0,0.20366167443213068,0.03438298804940394,0.23804466248153464,0,0,4,7,0,0.05,Low
TXP10908,28,Consultant,Pune,783658,719943,15751,8,1,0.918695400289412,0.020099329044047275,0.9387947293334592,3,1,3,9,0,0.974,High
TXP10909,29,Consultant,Bangalore,742030,137240,96091,0,0,0.18495209088581324,0.12949745967144186,0.3144495505572551,0,0,3,1,0,0.0,
TXP10910,49,Consultant,Kolkata,618787,351782,52712,1,0,0.5685025703513487,0.08518601715937794,0.6536885875107267,0,0,3,6,0,0.0,
TXP10911,27,Teacher,Bangalore,338659,158564,52633,2,0,0.46821138667509205,0.15541591984857925,0.6236273065236713,0,0,9,1,0,0.004,Low
TXP10912,42,Accountant,Pune,568029,169483,49720,1,0,0.2983703296838718,0.08753074226844051,0.38590107195231227,0,0,0,9,0,0.0,
TXP10913,43,Pharmacist,Pune,418513,136367,44982,1,0,0.3258369513013933,0.10748053226542545,0.4333174835668187,0,0,8,9,0,0.0,
TXP10914,56,Engineer,Ahmedabad,378560,367117,35310,8,1,0.9697722950126796,0.09327451394759087,1.0630468089602705,3,1,5,0,0,0.994,High
TXP10915,43,Teacher,Delhi,458334,343913,62839,5,1,0.7503545449388437,0.13710307330462065,0.8874576182434644,2,1,9,3,0,0.98,High
TXP10916,35,Business Owner,Jaipur,946690,428130,79621,0,0,0.45223885326770114,0.08410461713971838,0.5363434704074196,0,0,2,5,0,0.002,Low
TXP10917,24,Freelancer,Hyderabad,435485,141586,84256,1,0,0.325122564497055,0.19347623913567633,0.5185988036327314,0,0,6,4,0,0.04,Low
TXP10918,49,Engineer,Jaipur,751625,277737,141686,3,0,0.3695153833361051,0.18850623648761017,0.5580216198237152,0,0,5,5,0,0.0,
TXP10919,37,Business Owner,Lucknow,2611622,1555065,450883,0,0,0.5954403049139577,0.17264481613342206,0.7680851210473798,0,0,2,7,1,0.032,Low
TXP10920,61,Consultant,Hyderabad,525992,129533,97652,0,0,0.24626420173690855,0.1856530137340492,0.43191721547095774,0,0,3,4,0,0.002,Low
TXP10921,60,Doctor,Pune,889965,300839,89748,0,0,0.33803464181175663,0.10084441522981241,0.43887905704156904,0,0,4,9,0,0.0,
TXP10922,34,Architect,Jaipur,536791,151010,62567,2,0,0.2813199178078619,0.11655746836291965,0.39787738617078156,0,0,1,5,0,0.002,Low
TXP10923,59,Doctor,Chennai,692241,342174,106312,1,1,0.49429895079892694,0.15357657232091135,0.6478755231198383,1,0,4,2,0,0.064,Low
TXP10924,36,Lawyer,Delhi,719946,355513,104612,0,0,0.49380509093737585,0.14530534234512033,0.6391104332824962,0,0,7,3,0,0.026,Low
TXP10925,66,Doctor,Jaipur,574869,161883,103661,3,0,0.28159980795624745,0.18032108184647286,0.4619208898027203,0,0,4,5,0,0.004,Low
TXP10926,26,Doctor,Delhi,791741,147759,468750,2,0,0.18662542422332556,0.5920496728096688,0.7786750970329944,1,0,4,3,1,0.05,Low
TXP10927,56,Architect,Bangalore,414079,64242,82658,0,0,0.15514430821171804,0.19961891329915307,0.35476322151087114,0,0,1,1,0,0.0,
TXP10928,29,Lawyer,Lucknow,1136701,1090735,94040,3,1,0.9595619252556301,0.08273063892791509,1.0422925641835452,2,1,7,7,1,0.984,High
TXP10929,33,Accountant,Delhi,555500,185899,94401,0,0,0.3346516651665167,0.16993879387938793,0.5045904590459046,0,0,0,3,0,0.008,Low
TXP10930,28,Engineer,Bangalore,663365,394553,96568,0,0,0.5947751238006226,0.14557295003504858,0.7403480738356711,0,0,5,1,0,0.03,Low
TXP10931,46,Business Owner,Kolkata,1013524,366298,146403,0,0,0.3614102872748943,0.14444946542953102,0.5058597527044254,0,0,2,6,0,0.0,
TXP10932,33,Business Owner,Bangalore,1053118,279485,82828,2,0,0.26538811415245017,0.07865025571683325,0.3440383698692834,0,0,2,1,0,0.002,Low
TXP10933,67,Accountant,Lucknow,578756,318925,93416,1,0,0.5510526024784193,0.1614082618581924,0.7124608643366116,0,0,0,7,0,0.03,Low
TXP10934,25,Lawyer,Ahmedabad,608987,225922,249505,0,0,0.37098000449927504,0.4097049690715894,0.7806849735708644,1,1,7,0,0,0.67,High
TXP10935,36,Architect,Kolkata,592721,248722,35171,3,0,0.41962744697758303,0.0593382046527793,0.47896565163036237,0,0,1,6,0,0.004,Low
TXP10936,63,Accountant,Pune,464038,89582,61526,0,0,0.1930488451376827,0.13258827940815193,0.3256371245458346,0,0,0,9,0,0.008,Low
TXP10937,25,Teacher,Mumbai,296565,95586,26864,1,0,0.32231045470638814,0.0905838517694266,0.41289430647581477,0,0,9,8,0,0.0,
TXP10938,43,Lawyer,Bangalore,372540,214173,73807,1,0,0.5748993396682236,0.19811832286465883,0.7730176625328824,0,0,7,1,0,0.046,Low
TXP10939,24,Freelancer,Bangalore,650898,270303,69118,0,0,0.4152770480167399,0.10618868086858463,0.5214657288853246,0,0,6,1,0,0.034,Low
TXP10940,60,Accountant,Delhi,481346,485497,29409,0,0,1.0086237342784607,0.06109742264400244,1.0697211569224632,1,0,0,3,0,0.04,Low
TXP10941,32,Teacher,Pune,419802,181165,37250,2,0,0.43154868247411876,0.08873230713526853,0.5202809896093873,0,0,9,9,0,0.0,
TXP10942,40,Engineer,Jaipur,760318,425538,104688,0,0,0.5596842373848837,0.13768975612835682,0.6973739935132405,0,0,5,5,0,0.004,Low
TXP10943,32,Pharmacist,Chennai,371400,101502,12514,1,0,0.2732956381260097,0.033694130317716744,0.30698976844372644,0,0,8,2,0,0.0,
TXP10944,34,Lawyer,Hyderabad,627897,236907,80777,1,0,0.3773023282481044,0.12864689590808684,0.5059492241561913,0,0,7,4,0,0.002,Low
TXP10945,38,Freelancer,Bangalore,834075,484940,156489,1,0,0.5814105446152924,0.18761981836165811,0.7690303629769505,0,0,6,1,0,0.044,Low
TXP10946,47,Accountant,Jaipur,725092,165015,125488,0,1,0.22757801768603156,0.17306493520822186,0.40064295289425345,1,1,0,5,0,0.146,Low
TXP10947,61,Engineer,Chennai,595272,282068,19156,0,0,0.47384724966065933,0.03218024701313013,0.5060274966737894,0,0,5,2,0,0.0,
TXP10948,58,Freelancer,Hyderabad,488605,472171,97139,0,0,0.9663654690394081,0.1988088537775913,1.1651743228169995,1,0,6,4,0,0.064,Low
TXP10949,53,Lawyer,Mumbai,742288,853472,108203,2,1,1.1497855279891362,0.14576956652943332,1.2955550945185696,2,1,7,8,0,0.96,High
TXP10950,54,Consultant,Delhi,827823,728693,40737,0,1,0.8802521795118039,0.04920979484744927,0.9294619743592532,2,1,3,3,0,0.904,High
TXP10951,28,Architect,Jaipur,535250,155889,11901,0,0,0.2912452125175152,0.022234469873890706,0.3134796823914059,0,0,1,5,0,0.014,Low
TXP10952,67,Consultant,Delhi,384176,175912,19528,3,0,0.45789429844654533,0.0508308691849569,0.5087251676315022,0,0,3,3,0,0.024,Low
TXP10953,37,Doctor,Hyderabad,535688,432841,91533,8,1,0.8080095130001045,0.1708699840205493,0.9788794970206538,3,1,4,4,0,0.956,High
TXP10954,34,Freelancer,Ahmedabad,453163,153551,10828,0,0,0.33884275635919087,0.023894272038979352,0.3627370283981702,0,0,6,0,0,0.0,
TXP10955,32,Accountant,Bangalore,436893,102529,27072,3,0,0.23467759840510147,0.061964828916920164,0.2966424273220216,0,0,0,1,0,0.002,Low
TXP10956,57,Consultant,Kolkata,737890,113441,115343,1,0,0.15373700687094283,0.15631462684139913,0.31005163371234196,0,0,3,6,0,0.002,Low
TXP10957,35,Business Owner,Chennai,770135,451704,271472,0,0,0.5865257389938128,0.35249923714673403,0.9390249761405468,1,0,2,2,0,0.012,Low
TXP10958,58,Consultant,Pune,609176,209718,98011,0,0,0.34426503998844343,0.1608911053619972,0.5051561453504406,0,0,3,9,0,0.0,
TXP10959,58,Teacher,Lucknow,401189,235179,218453,1,0,0.5862050056207921,0.5445139323361309,1.1307189379569231,1,1,9,7,0,0.694,High
TXP10960,24,Teacher,Bangalore,364848,77765,10620,1,0,0.21314355567249924,0.02910801210367057,0.2422515677761698,0,0,9,1,0,0.002,Low
TXP10961,63,Engineer,Kolkata,598550,247988,108129,0,1,0.41431459360120293,0.1806515746387102,0.5949661682399131,1,1,5,6,0,0.714,High
TXP10962,45,Freelancer,Lucknow,581844,139897,35414,0,0,0.24043729934484157,0.060865111610672276,0.30130241095551386,0,0,6,7,0,0.0,
TXP10963,52,Accountant,Jaipur,598060,302339,71534,0,0,0.505532889676621,0.11961007256796977,0.6251429622445909,0,0,0,5,0,0.0,
TXP10964,31,Teacher,Lucknow,436793,219561,59391,1,1,0.5026660225782007,0.1359705856092016,0.6386366081874023,1,0,9,7,0,0.068,Low
TXP10965,34,Freelancer,Mumbai,381021,76460,221553,0,1,0.2006713540723477,0.5814718873762863,0.7821432414486341,2,1,6,8,0,0.92,High
TXP10966,64,Business Owner,Bangalore,1028146,576202,201230,0,0,0.5604281882145142,0.19572123025329088,0.7561494184678051,0,0,2,1,0,0.062,Low
TXP10967,60,Engineer,Delhi,404833,96181,43668,1,1,0.2375819164939617,0.10786670059011988,0.3454486170840816,1,1,5,3,0,0.642,Medium
TXP10968,37,Business Owner,Ahmedabad,1028407,1006554,31238,1,0,0.9787506308300119,0.030375133580382085,1.009125764410394,1,0,2,0,1,0.02,Low
TXP10969,53,Accountant,Pune,646476,383706,121994,1,0,0.5935347947951665,0.18870615459815987,0.7822409493933263,0,0,0,9,0,0.024,Low
TXP10970,58,Teacher,Delhi,427999,234149,53725,0,0,0.5470783810242548,0.12552599421961266,0.6726043752438674,0,0,9,3,0,0.002,Low
TXP10971,44,Doctor,Kolkata,992061,575845,144696,0,0,0.5804532180984838,0.14585393438508318,0.726307152483567,0,0,4,6,0,0.0,
TXP10972,60,Engineer,Bangalore,330871,100640,37895,0,0,0.3041668807480861,0.11453104079837761,0.41869792154646374,0,0,5,1,0,0.0,
TXP10973,28,Lawyer,Ahmedabad,1170786,231240,199329,3,0,0.19750834055070696,0.17025229204995618,0.36776063260066316,0,0,7,0,0,0.056,Low
TXP10974,42,Freelancer,Lucknow,200000,46951,5192,1,0,0.234755,0.02596,0.260715,0,0,6,7,1,0.146,Low
TXP10975,37,Doctor,Bangalore,979623,367576,66916,0,0,0.37522189658674815,0.0683079102879373,0.44352980687468546,0,0,4,1,0,0.0,
TXP10976,49,Accountant,Lucknow,513221,260179,53650,0,0,0.5069531449414579,0.10453586271801037,0.6114890076594683,0,0,0,7,0,0.004,Low
TXP10977,27,Architect,Jaipur,762405,165875,25760,1,0,0.2175680904506135,0.033787816186934765,0.2513559066375483,0,0,1,5,0,0.006,Low
TXP10978,48,Engineer,Mumbai,400132,384524,58844,1,0,0.9609928723521238,0.14706146971499406,1.1080543420671178,1,1,5,8,0,0.108,Low
TXP10979,65,Teacher,Hyderabad,420270,478574,38185,0,0,1.1387298641349608,0.09085825778666096,1.2295881219216218,1,1,9,4,0,0.732,High
TXP10980,48,Freelancer,Bangalore,230253,69891,15905,2,0,0.30354001902255345,0.06907619010392915,0.37261620912648263,0,0,6,1,0,0.0,
TXP10981,41,Pharmacist,Kolkata,433154,193993,8926,1,0,0.44786149960522126,0.020606989661875453,0.46846848926709667,0,0,8,6,0,0.01,Low
TXP10982,63,Freelancer,Lucknow,300285,342619,44913,1,0,1.1409794029005778,0.1495679104850392,1.290547313385617,1,1,6,7,0,0.696,High
TXP10983,31,Freelancer,Delhi,200000,103082,34017,2,0,0.51541,0.170085,0.685495,0,0,6,3,0,0.002,Low
TXP10984,62,Consultant,Jaipur,767014,168868,69880,1,0,0.22016286534535223,0.09110655085826334,0.3112694162036156,0,0,3,5,0,0.0,
TXP10985,63,Accountant,Kolkata,730608,369305,88812,1,1,0.505476260867661,0.12155903028710334,0.6270352911547642,1,1,0,6,0,0.696,High
TXP10986,37,Consultant,Pune,1230042,220061,75012,3,0,0.17890527315327445,0.06098328349763667,0.2398885566509111,0,0,3,9,0,0.01,Low
TXP10987,55,Doctor,Hyderabad,819431,194470,474832,0,0,0.23732321574360746,0.5794655071628971,0.8167887229065046,1,0,4,4,1,0.206,Low
TXP10988,61,Architect,Jaipur,828669,368979,18383,0,0,0.4452670487251243,0.022183766980543498,0.46745081570566777,0,0,1,5,0,0.0,
TXP10989,56,Accountant,Mumbai,573209,306504,61881,2,0,0.53471595875152,0.1079553879998395,0.6426713467513595,0,0,0,8,0,0.006,Low
TXP10990,46,Teacher,Hyderabad,379932,100190,51654,1,1,0.2637050840676753,0.1359559078993083,0.39966099196698357,1,0,9,4,0,0.122,Low
TXP10991,38,Engineer,Lucknow,548677,163086,101655,3,0,0.2972349852463289,0.1852729383589981,0.482507923605327,0,0,5,7,0,0.0,
TXP10992,56,Freelancer,Kolkata,479261,187728,42481,0,0,0.391703059502025,0.08863854976724582,0.48034160926927083,0,0,6,6,0,0.0,
TXP10993,48,Doctor,Pune,907495,1086861,143143,1,0,1.197649573826853,0.15773420239229968,1.3553837762191527,1,0,4,9,1,0.064,Low
TXP10994,40,Consultant,Chennai,645877,332639,82403,0,0,0.5150191135463873,0.1275831156706308,0.6426022292170182,0,0,3,2,0,0.004,Low
TXP10995,56,Consultant,Mumbai,736051,709211,137540,1,0,0.9635351354729496,0.18686205167848424,1.1503971871514338,1,0,3,8,0,0.084,Low
TXP10996,25,Engineer,Ahmedabad,591235,127340,54220,0,0,0.21537967136586975,0.09170634350131504,0.3070860148671848,0,0,5,0,0,0.0,
TXP10997,37,Consultant,Lucknow,898752,322403,69596,0,1,0.35872298476109094,0.07743626717937763,0.43615925194046856,1,0,3,7,0,0.022,Low
TXP10998,63,Freelancer,Chennai,290095,144662,52125,0,0,0.4986711249763009,0.17968251779589445,0.6783536427721953,0,0,6,2,0,0.004,Low
TXP10999,63,Business Owner,Bangalore,1179383,953454,34041,6,1,0.8084345797760354,0.02886339721701941,0.8372979769930549,3,1,2,1,1,0.948,High
TXP11000,62,Accountant,Pune,741200,322346,33019,0,0,0.434897463572585,0.044548030221262816,0.4794454937938478,0,0,0,9,0,0.026,Low
TXP11001,29,Engineer,Delhi,774609,133694,26981,0,0,0.17259546429230746,0.034831766736508354,0.20742723102881583,0,0,5,3,0,0.006,Low
TXP11002,29,Engineer,Ahmedabad,802376,340135,137815,0,0,0.4239097380779086,0.17175862687817184,0.5956683649560804,0,0,5,0,0,0.004,Low
TXP11003,26,Lawyer,Kolkata,906107,198160,19852,0,0,0.21869381872118857,0.02190911227923413,0.24060293100042268,0,0,7,6,0,0.002,Low
TXP11004,30,Architect,Pune,701359,612430,122806,5,1,0.8732047353780303,0.17509720414224383,1.0483019395202742,3,1,1,9,0,1.0,High
TXP11005,31,Doctor,Hyderabad,1000447,310090,101273,0,0,0.3099514517010896,0.10122775119521574,0.41117920289630533,0,0,4,4,0,0.002,Low
TXP11006,65,Consultant,Jaipur,1030845,285234,21363,0,0,0.27669921278174703,0.020723775155333732,0.2974229879370807,0,0,3,5,0,0.002,Low
TXP11007,38,Lawyer,Hyderabad,412099,217753,38035,2,0,0.5283997291912865,0.09229578329479081,0.6206955124860773,0,0,7,4,0,0.006,Low
TXP11008,52,Teacher,Hyderabad,271073,46777,14536,1,0,0.17256237249744533,0.05362393156087106,0.22618630405831638,0,0,9,4,0,0.0,
TXP11009,56,Freelancer,Bangalore,646416,212330,85580,1,0,0.32847268631964555,0.1323915249622534,0.46086421128189897,0,0,6,1,0,0.018,Low
TXP11010,53,Architect,Mumbai,605697,191704,86181,1,0,0.3165014850659653,0.1422840132937756,0.4587854983597409,0,0,1,8,0,0.002,Low
TXP11011,62,Lawyer,Delhi,732069,203632,78884,3,0,0.27815957239003425,0.10775487010104239,0.38591444249107665,0,0,7,3,0,0.004,Low
TXP11012,50,Teacher,Ahmedabad,274750,153939,7498,0,0,0.560287534121929,0.027290263876251136,0.5875777979981802,0,0,9,0,0,0.012,Low
TXP11013,59,Accountant,Mumbai,494498,478370,68291,8,1,0.9673851057031575,0.13810167078532168,1.1054867764884793,3,1,0,8,0,0.996,High
TXP11014,52,Doctor,Pune,519526,92873,89133,2,0,0.17876487413526945,0.1715660043963151,0.35033087853158457,0,0,4,9,0,0.022,Low
TXP11015,61,Lawyer,Hyderabad,1422773,1414275,212929,8,1,0.9940271568268445,0.14965774582452718,1.1436849026513716,3,1,7,4,1,0.996,High
TXP11016,56,Accountant,Bangalore,547756,212137,92785,1,0,0.3872837540802839,0.16939111575226926,0.5566748698325532,0,0,0,1,0,0.008,Low
TXP11017,60,Accountant,Pune,544204,302245,30525,1,1,0.5553891555372618,0.05609109819111951,0.6114802537283812,1,0,0,9,0,0.042,Low
TXP11018,50,Freelancer,Jaipur,538211,156525,317356,0,0,0.2908246022470741,0.589649784192445,0.880474386439519,1,0,6,5,1,0.032,Low
TXP11019,56,Accountant,Delhi,646234,263904,50402,0,0,0.4083721995438185,0.07799342034000067,0.48636561988381916,0,0,0,3,0,0.006,Low
TXP11020,27,Teacher,Ahmedabad,406753,152670,9116,3,0,0.3753383503010426,0.022411635562614166,0.39774998586365684,0,0,9,0,0,0.014,Low
TXP11021,45,Accountant,Jaipur,657362,243422,112941,1,0,0.37030129517678234,0.17180944441571006,0.5421107395924925,0,0,0,5,0,0.002,Low
TXP11022,25,Freelancer,Bangalore,355373,126245,67353,0,0,0.35524645935397453,0.18952762308897975,0.5447740824429543,0,0,6,1,0,0.0,
TXP11023,33,Consultant,Delhi,696383,776069,96101,1,0,1.114428410802676,0.13800020965474458,1.2524286204574206,1,0,3,3,0,0.048,Low
TXP11024,28,Teacher,Pune,396141,194136,24425,1,0,0.49006793035813007,0.06165733917973651,0.5517252695378666,0,0,9,9,0,0.006,Low
TXP11025,33,Freelancer,Hyderabad,370891,130962,24224,0,0,0.3531010458598348,0.06531298953061682,0.41841403539045163,0,0,6,4,0,0.0,
TXP11026,56,Lawyer,Hyderabad,898723,522456,93455,1,0,0.5813315114890795,0.103986434084807,0.6853179455738865,0,0,7,4,0,0.042,Low
TXP11027,61,Teacher,Lucknow,373925,99974,67908,1,0,0.2673637761583205,0.18160861135254397,0.4489723875108645,0,0,9,7,0,0.0,
TXP11028,36,Lawyer,Hyderabad,1096296,501264,51446,0,0,0.45723417763085883,0.04692710727759656,0.5041612849084554,0,0,7,4,0,0.0,
TXP11029,54,Accountant,Chennai,372231,213408,62786,3,0,0.5733214052564134,0.16867482826524388,0.7419962335216572,0,0,0,2,0,0.006,Low
TXP11030,59,Freelancer,Hyderabad,557211,249940,40361,0,0,0.44855539463506644,0.07243396128217139,0.5209893559172378,0,0,6,4,0,0.0,
TXP11031,47,Architect,Chennai,612604,543643,101413,0,0,0.8874297262179156,0.16554413617932628,1.052973862397242,1,0,1,2,0,0.044,Low
TXP11032,38,Engineer,Kolkata,706118,368852,131089,0,0,0.5223659501669693,0.1856474413624918,0.7080133915294611,0,0,5,6,0,0.004,Low
TXP11033,52,Business Owner,Chennai,1510772,471440,146467,1,0,0.31205238116671474,0.09694844754867048,0.40900082871538523,0,0,2,2,1,0.0,
TXP11034,31,Business Owner,Delhi,1843166,774232,157976,0,0,0.42005549147499466,0.08570904628232075,0.5057645377573154,0,0,2,3,1,0.004,Low
TXP11035,28,Engineer,Jaipur,803018,176919,132016,0,0,0.22031760184703209,0.16439980174790603,0.3847174035949381,0,0,5,5,0,0.0,
TXP11036,52,Engineer,Delhi,801985,313565,92474,2,0,0.39098611570041836,0.11530639600491281,0.5062925117053312,0,0,5,3,0,0.01,Low
TXP11037,27,Lawyer,Jaipur,1260917,1099231,180564,0,0,0.8717710999217236,0.1432005437312686,1.0149716436529923,1,0,7,5,1,0.044,Low
TXP11038,35,Engineer,Lucknow,643706,311992,85039,2,0,0.48468089469416165,0.13210844702395194,0.6167893417181135,0,0,5,7,0,0.022,Low
TXP11039,25,Engineer,Kolkata,604827,234446,28741,1,0,0.38762489108455805,0.047519373308400586,0.43514426439295867,0,0,5,6,0,0.004,Low
TXP11040,50,Engineer,Jaipur,730922,244897,125764,3,0,0.3350521669890905,0.17206213522099487,0.5071143022100854,0,0,5,5,0,0.0,
TXP11041,54,Lawyer,Jaipur,1083020,972964,59825,1,0,0.898380454654577,0.05523905375708667,0.9536195084116637,1,0,7,5,1,0.018,Low
TXP11042,59,Freelancer,Bangalore,403640,241947,75807,0,0,0.5994128431275394,0.18780844316717868,0.7872212862947181,0,0,6,1,0,0.01,Low
TXP11043,59,Teacher,Mumbai,374289,311051,24367,7,1,0.8310449946431768,0.06510210024873828,0.896147094891915,3,1,9,8,0,1.0,High
TXP11044,49,Pharmacist,Mumbai,496490,84205,75515,2,1,0.16960059618522025,0.15209772603677818,0.32169832222199846,1,0,8,8,0,0.036,Low
TXP11045,66,Accountant,Bangalore,464606,115113,33097,2,0,0.24776477273216446,0.07123670378772551,0.31900147651988997,0,0,0,1,0,0.004,Low
TXP11046,50,Freelancer,Hyderabad,643569,377763,49684,0,1,0.5869813493191872,0.0772007352746947,0.664182084593882,1,0,6,4,0,0.018,Low
TXP11047,28,Consultant,Bangalore,759935,448861,57603,1,0,0.5906570956726562,0.07579990393915269,0.6664569996118089,0,0,3,1,0,0.004,Low
TXP11048,43,Business Owner,Jaipur,2019483,898099,312253,0,1,0.44471728655304354,0.15462026667221265,0.5993375532252562,1,0,2,5,1,0.096,Low
TXP11049,34,Accountant,Jaipur,387450,211566,46581,3,0,0.5460472319008904,0.12022454510259388,0.6662717770034843,0,0,0,5,0,0.002,Low
TXP11050,33,Freelancer,Bangalore,366483,90258,65575,3,0,0.24628154648373868,0.17893053702354544,0.4252120835072841,0,0,6,1,0,0.002,Low
TXP11051,63,Engineer,Bangalore,604895,355326,45564,3,0,0.5874176509972805,0.07532546970961902,0.6627431207068996,0,0,5,1,0,0.006,Low
TXP11052,61,Lawyer,Hyderabad,1184345,253749,171207,2,0,0.21425260375988414,0.1445583845923274,0.35881098835221154,0,0,7,4,0,0.044,Low
TXP11053,29,Teacher,Delhi,373968,73113,58163,2,0,0.19550603260171992,0.1555293501048218,0.3510353827065417,0,0,9,3,0,0.004,Low
TXP11054,31,Teacher,Kolkata,368628,73908,147833,0,0,0.20049480777369055,0.4010357324999729,0.6015305402736634,1,0,9,6,0,0.024,Low
TXP11055,46,Doctor,Pune,574547,234362,52919,2,1,0.4079074470843987,0.09210560667795673,0.5000130537623554,1,0,4,9,0,0.03,Low
TXP11056,49,Pharmacist,Jaipur,384305,192705,41084,1,0,0.5014376601917747,0.10690467207036078,0.6083423322621355,0,0,8,5,0,0.0,
TXP11057,66,Business Owner,Kolkata,1329001,418635,111667,3,0,0.3149997629798623,0.08402326258595742,0.39902302556581976,0,0,2,6,0,0.026,Low
TXP11058,35,Teacher,Bangalore,268153,158224,20910,1,0,0.590051202112227,0.07797787084239222,0.6680290729546192,0,0,9,1,0,0.0,
TXP11059,49,Architect,Hyderabad,564899,195166,81094,0,0,0.34548830852948936,0.14355486556003816,0.4890431740895275,0,0,1,4,0,0.0,
TXP11060,36,Accountant,Chennai,600091,130640,35318,1,0,0.21770031545215643,0.058854407081592626,0.2765547225337491,0,0,0,2,0,0.01,Low
TXP11061,63,Pharmacist,Hyderabad,401767,144509,59337,1,0,0.35968359770712877,0.14769007907568316,0.507373676782812,0,0,8,4,0,0.0,
TXP11062,41,Teacher,Ahmedabad,446321,203328,84045,0,0,0.45556449282018996,0.18830617425574867,0.6438706670759387,0,0,9,0,0,0.008,Low
TXP11063,48,Engineer,Ahmedabad,783590,410994,95390,0,0,0.5245013336055846,0.1217345805842341,0.6462359141898186,0,1,5,0,0,0.682,High
TXP11064,56,Freelancer,Kolkata,214287,76381,27869,1,0,0.3564425280114986,0.1300545530060153,0.4864970810175139,0,0,6,6,0,0.0,
TXP11065,63,Business Owner,Mumbai,827051,344982,26802,0,0,0.4171230069246032,0.032406707687917674,0.4495297146125209,0,0,2,8,0,0.0,
TXP11066,66,Freelancer,Ahmedabad,200000,54061,35121,0,0,0.270305,0.175605,0.44591,0,0,6,0,0,0.002,Low
TXP11067,35,Pharmacist,Ahmedabad,421740,401935,30104,8,1,0.9530397875468298,0.07138047138047138,1.0244202589273013,3,1,8,0,0,0.998,High
TXP11068,67,Freelancer,Delhi,564958,335408,73845,3,1,0.5936866103320955,0.13070883145295756,0.724395441785053,1,0,6,3,0,0.086,Low
TXP11069,59,Business Owner,Chennai,1034442,852231,202999,6,1,0.8238557599169407,0.1962400985265486,1.0200958584434894,3,1,2,2,1,0.992,High
TXP11070,27,Consultant,Delhi,832943,457234,105942,0,0,0.5489379225229097,0.12718997578465754,0.6761278983075673,0,0,3,3,0,0.002,Low
TXP11071,28,Business Owner,Chennai,591066,238215,88924,1,0,0.4030260580036747,0.15044681981369254,0.5534728778173673,0,0,2,2,0,0.01,Low
TXP11072,60,Accountant,Lucknow,629797,165916,63078,1,0,0.2634436175466063,0.10015608203913325,0.3635996995857395,0,0,0,7,0,0.0,
TXP11073,31,Architect,Pune,561182,426658,17321,7,1,0.7602845422697093,0.03086520950422501,0.7911497517739343,2,0,1,9,0,0.304,Low
TXP11074,65,Engineer,Jaipur,601825,221176,98439,0,0,0.36750882731691104,0.16356748224151538,0.5310763095584264,0,0,5,5,0,0.002,Low
TXP11075,51,Freelancer,Ahmedabad,436068,471788,11468,1,0,1.0819138299531266,0.02629865066916169,1.1082124806222882,1,0,6,0,0,0.042,Low
TXP11076,54,Architect,Jaipur,446552,103454,65249,0,0,0.231672907074652,0.14611736147190024,0.37779026854655223,0,0,1,5,0,0.0,
TXP11077,32,Freelancer,Ahmedabad,277037,72030,112860,1,0,0.2600013716579374,0.40738240740406517,0.6673837790620025,1,0,6,0,0,0.034,Low
TXP11078,52,Business Owner,Delhi,1587117,832890,278086,0,0,0.5247817268670174,0.17521455570068242,0.6999962825676997,0,0,2,3,1,0.002,Low
TXP11079,37,Freelancer,Pune,509848,217442,24663,0,0,0.42648397169352437,0.04837324065211592,0.47485721234564027,0,0,6,9,0,0.0,
TXP11080,63,Teacher,Delhi,413002,231677,46491,3,0,0.5609585425736437,0.11256846213819788,0.6735270047118416,0,0,9,3,0,0.0,
TXP11081,64,Consultant,Delhi,808438,205655,103065,0,0,0.2543856176973373,0.12748658524215833,0.38187220293949564,0,0,3,3,0,0.0,
TXP11082,45,Engineer,Chennai,621448,127093,63610,1,0,0.20451107735482293,0.10235771939084204,0.306868796745665,0,0,5,2,0,0.004,Low
TXP11083,34,Engineer,Mumbai,341098,279046,27744,6,1,0.8180816070454825,0.08133732827515845,0.899418935320641,3,1,5,8,0,1.0,High
TXP11084,46,Lawyer,Hyderabad,832408,315097,462123,0,1,0.37853672718186276,0.5551640541657457,0.9337007813476084,2,1,7,4,1,0.956,High
TXP11085,24,Teacher,Kolkata,348356,208748,26494,0,0,0.5992375615749406,0.07605438115031748,0.675291942725258,0,0,9,6,0,0.01,Low
TXP11086,60,Teacher,Jaipur,467186,216183,46186,0,1,0.46273432851155644,0.09885998296181821,0.5615943114733747,1,0,9,5,0,0.01,Low
TXP11087,44,Consultant,Lucknow,873652,252291,73914,0,0,0.2887774537229927,0.08460348056205445,0.37338093428504715,0,0,3,7,0,0.0,
TXP11088,49,Accountant,Ahmedabad,703606,383174,85781,0,1,0.5445860325238842,0.12191624289730332,0.6665022754211875,1,0,0,0,0,0.052,Low
TXP11089,59,Teacher,Delhi,385852,378829,24241,1,0,0.9817987207530349,0.06282460632574148,1.0446233270787764,1,0,9,3,0,0.04,Low
TXP11090,46,Doctor,Mumbai,657739,103223,130204,1,0,0.15693610991593931,0.19795694036692366,0.35489305028286294,0,0,4,8,0,0.002,Low
TXP11091,24,Accountant,Delhi,561712,290734,61876,0,0,0.5175855242544222,0.11015609422622269,0.6277416184806449,0,0,0,3,0,0.05,Low
TXP11092,63,Business Owner,Pune,1294489,369236,71131,2,0,0.2852368772542679,0.0549490957435714,0.3401859729978393,0,0,2,9,0,0.118,Low
TXP11093,38,Doctor,Chennai,612168,133056,64811,0,0,0.2173520994236876,0.1058712640974373,0.3232233635211249,0,0,4,2,0,0.0,
TXP11094,44,Lawyer,Lucknow,803903,202462,461060,0,0,0.2518487927026022,0.5735269056092588,0.825375698311861,1,0,7,7,1,0.186,Low
TXP11095,32,Engineer,Hyderabad,569134,205378,13616,1,0,0.36086053548022085,0.02392406709140554,0.3847846025716264,0,0,5,4,0,0.0,
TXP11096,32,Doctor,Pune,1121123,382516,159557,0,0,0.3411900389163366,0.14231890702447456,0.4835089459408111,0,0,4,9,0,0.004,Low
TXP11097,33,Teacher,Bangalore,225155,63043,111422,0,0,0.2799982234460705,0.4948679798361129,0.7748662032821834,1,0,9,1,0,0.042,Low
TXP11098,49,Engineer,Lucknow,780872,177647,39449,0,0,0.2274982327449313,0.05051916319191878,0.2780173959368501,0,0,5,7,0,0.002,Low
TXP11099,64,Freelancer,Delhi,309480,152574,51728,2,0,0.4930011632415665,0.16714488819956055,0.660146051441127,0,0,6,3,0,0.004,Low
TXP11100,58,Consultant,Pune,503025,481660,43460,6,1,0.9575269618806223,0.08639729635703991,1.0439242582376622,3,1,3,9,0,0.998,High
TXP11101,48,Teacher,Hyderabad,420796,210400,30669,0,0,0.5000047528968906,0.07288329736974686,0.5728880502666375,0,0,9,4,0,0.0,
TXP11102,49,Pharmacist,Mumbai,573189,162310,96904,0,0,0.28317012364159116,0.16906116481649158,0.45223128845808275,0,0,8,8,0,0.0,
TXP11103,34,Accountant,Mumbai,675451,175728,91141,2,1,0.26016394971655976,0.13493354810341535,0.3950974978199751,1,0,0,8,0,0.102,Low
TXP11104,61,Teacher,Jaipur,398042,98694,188585,1,0,0.2479487089302134,0.4737816612317293,0.7217303701619427,1,0,9,5,0,0.018,Low
TXP11105,25,Pharmacist,Hyderabad,705984,149324,94163,0,0,0.21151187562324358,0.13337837684706735,0.34489025247031097,0,0,8,4,0,0.008,Low
TXP11106,30,Engineer,Mumbai,683808,647385,104860,0,0,0.9467350484346483,0.15334713837802424,1.1000821868126727,1,0,5,8,0,0.046,Low
TXP11107,41,Pharmacist,Pune,484352,204604,82611,0,0,0.4224283165961945,0.1705598407769556,0.5929881573731501,0,0,8,9,0,0.0,
TXP11108,50,Doctor,Jaipur,868585,406042,439890,1,0,0.4674752614885129,0.506444389437994,0.9739196509265069,1,0,4,5,1,0.012,Low
TXP11109,57,Accountant,Mumbai,674346,307566,107685,2,0,0.45609523894261994,0.15968805331387745,0.6157832922564974,0,0,0,8,0,0.038,Low
TXP11110,50,Doctor,Lucknow,644124,181353,84037,0,0,0.2815498258099372,0.13046711502754127,0.4120169408374785,0,0,4,7,0,0.0,
TXP11111,40,Freelancer,Chennai,352216,105185,11451,0,1,0.2986377677334363,0.032511299884161994,0.33114906761759827,1,0,6,2,0,0.01,Low
TXP11112,66,Business Owner,Bangalore,1076415,491578,120067,2,0,0.4566807411639563,0.11154341030178881,0.5682241514657451,0,0,2,1,0,0.006,Low
TXP11113,67,Freelancer,Hyderabad,200000,61450,6968,1,0,0.30725,0.03484,0.34209,0,0,6,4,1,0.12,Low
TXP11114,47,Accountant,Pune,563807,138516,85963,1,0,0.2456798159653924,0.1524688412878875,0.3981486572532799,0,0,0,9,0,0.002,Low
TXP11115,48,Accountant,Ahmedabad,361387,115084,42777,0,0,0.31845085739110707,0.11836895073702153,0.4368198081281286,0,0,0,0,0,0.002,Low
TXP11116,30,Doctor,Delhi,810611,220841,155348,1,0,0.27243770439828724,0.19164309391311,0.4640807983113972,0,0,4,3,0,0.0,
TXP11117,29,Lawyer,Pune,1116322,211811,59125,1,0,0.18974005708030478,0.05296410892197771,0.2427041660022825,0,0,7,9,0,0.004,Low
TXP11118,47,Architect,Mumbai,573699,300367,74056,0,0,0.5235620072546754,0.1290851125764556,0.652647119831131,0,0,1,8,0,0.006,Low
TXP11119,56,Accountant,Pune,717711,383185,41688,3,0,0.5338987419727439,0.05808466081751568,0.5919834027902596,0,0,0,9,0,0.0,
TXP11120,52,Consultant,Ahmedabad,487109,121235,63583,2,0,0.24888679946377504,0.1305313595109103,0.37941815897468534,0,0,3,0,0,0.006,Low
TXP11121,66,Consultant,Delhi,964426,172774,144738,1,0,0.17914697446978825,0.150076833266627,0.32922380773641524,0,0,3,3,0,0.0,
TXP11122,45,Accountant,Jaipur,617513,297932,92636,1,1,0.4824708143796163,0.1500146555619072,0.6324854699415235,1,0,0,5,0,0.05,Low
TXP11123,49,Business Owner,Mumbai,513586,125925,85621,0,1,0.24518775823328517,0.16671209885004654,0.4118998570833317,1,0,2,8,0,0.054,Low
TXP11124,51,Doctor,Kolkata,1342158,438947,233051,0,0,0.3270456980474728,0.1736390201451692,0.500684718192642,0,0,4,6,1,0.0,
TXP11125,44,Engineer,Mumbai,590438,105606,20021,0,0,0.17886043919937403,0.03390872538691615,0.21276916458629017,0,0,5,8,0,0.0,
TXP11126,30,Doctor,Bangalore,624503,157263,51076,1,0,0.2518210480974471,0.08178663673353051,0.3336076848309776,0,0,4,1,0,0.0,
TXP11127,40,Business Owner,Kolkata,637165,592255,91549,7,1,0.9295159024742413,0.14368177787543257,1.0731976803496739,3,1,2,6,0,1.0,High
TXP11128,43,Accountant,Bangalore,527998,270323,57945,2,0,0.5119773180959019,0.10974473388156773,0.6217220519774697,0,0,0,1,0,0.0,
TXP11129,64,Teacher,Ahmedabad,342355,83256,18597,0,0,0.24318616640621576,0.054320807349096695,0.2975069737553125,0,0,9,0,0,0.0,
TXP11130,43,Teacher,Hyderabad,356158,107260,42556,1,0,0.3011584746095834,0.1194862954082177,0.4206447700178011,0,0,9,4,0,0.0,
TXP11131,45,Lawyer,Delhi,825550,173701,77055,1,1,0.2104063957361759,0.0933377748167888,0.3037441705529647,1,0,7,3,0,0.066,Low
TXP11132,51,Business Owner,Chennai,1453290,266500,131096,1,0,0.18337702729668545,0.09020635936392599,0.27358338666061144,0,0,2,2,0,0.0,
TXP11133,63,Freelancer,Jaipur,391855,233732,64952,2,0,0.5964757371987087,0.1657551900575468,0.7622309272562555,0,0,6,5,0,0.006,Low
TXP11134,30,Doctor,Chennai,413007,398055,38561,6,1,0.9637972237758682,0.09336645625861063,1.0571636800344788,3,1,4,2,0,0.996,High
TXP11135,24,Engineer,Lucknow,577595,227539,14302,0,1,0.39394212207515644,0.024761294678797428,0.4187034167539539,1,0,5,7,0,0.198,Low
TXP11136,55,Freelancer,Lucknow,200000,98894,73080,0,0,0.49447,0.3654,0.85987,1,0,6,7,0,0.074,Low
TXP11137,36,Accountant,Ahmedabad,585377,309099,101928,0,1,0.5280340703512437,0.174123684394843,0.7021577547460867,1,0,0,0,0,0.074,Low
TXP11138,53,Business Owner,Hyderabad,808279,414664,467586,1,0,0.513020875217592,0.578495791675894,1.0915166668934861,1,0,2,4,1,0.066,Low
TXP11139,46,Lawyer,Lucknow,940840,148128,135399,0,0,0.15744228561710813,0.14391288635687258,0.3013551719739807,0,0,7,7,0,0.002,Low
TXP11140,42,Accountant,Mumbai,681407,706732,58319,1,0,1.0371657467563438,0.08558614748601057,1.1227518942423544,1,0,0,8,0,0.01,Low
TXP11141,55,Engineer,Pune,457687,203536,86479,0,0,0.44470566129254274,0.18894790544629844,0.6336535667388412,0,0,5,9,0,0.0,
TXP11142,53,Engineer,Bangalore,759188,242250,105758,1,0,0.3190909234603287,0.13930409858954568,0.4583950220498743,0,0,5,1,0,0.0,
TXP11143,52,Business Owner,Lucknow,1026644,607893,176562,1,0,0.5921166441337017,0.17197977098195674,0.7640964151156584,0,0,2,7,0,0.008,Low
TXP11144,52,Accountant,Ahmedabad,725319,325981,114494,1,1,0.44943121578229717,0.15785330316729604,0.6072845189495932,1,1,0,0,0,0.706,High
TXP11145,53,Freelancer,Bangalore,395227,229408,34876,1,0,0.5804461739709078,0.088242959109575,0.6686891330804828,0,0,6,1,0,0.002,Low
TXP11146,39,Consultant,Mumbai,598711,144080,63562,0,0,0.2406503304599381,0.10616474392486525,0.34681507438480336,0,0,3,8,0,0.0,
TXP11147,63,Teacher,Hyderabad,391234,210789,20932,0,0,0.5387798606460583,0.05350250745078393,0.5922823680968423,0,0,9,4,0,0.0,
TXP11148,42,Freelancer,Delhi,384631,113315,27909,1,0,0.29460703895421847,0.07256045404556576,0.3671674929997842,0,0,6,3,0,0.0,
TXP11149,41,Lawyer,Chennai,689637,410543,110385,0,0,0.5953030362350048,0.16006246764602247,0.7553655038810273,0,1,7,2,0,0.61,Medium
TXP11150,24,Accountant,Mumbai,502216,110969,90858,2,0,0.22095871099287956,0.18091418831737738,0.40187289931025694,0,0,0,8,0,0.038,Low
TXP11151,37,Freelancer,Jaipur,443309,169500,66674,2,0,0.38235181329501544,0.1504007362810139,0.5327525495760294,0,0,6,5,0,0.0,
TXP11152,25,Accountant,Kolkata,684218,346748,70974,2,0,0.5067800028645841,0.10373009771739417,0.6105101005819783,0,0,0,6,0,0.006,Low
TXP11153,51,Business Owner,Ahmedabad,426364,146963,15166,0,0,0.3446890450413262,0.03557054535561164,0.38025959039693785,0,0,2,0,0,0.0,
TXP11154,53,Engineer,Chennai,603462,625123,18255,1,0,1.035894555083833,0.03025045487536912,1.066145009959202,1,0,5,2,0,0.018,Low
TXP11155,61,Business Owner,Jaipur,1449961,861073,126695,0,0,0.5938594210464971,0.08737821224157064,0.6812376332880677,0,0,2,5,1,0.034,Low
TXP11156,27,Consultant,Delhi,784820,267928,81219,0,0,0.3413878341530542,0.10348742386789328,0.44487525802094746,0,0,3,3,0,0.004,Low
TXP11157,24,Consultant,Jaipur,985775,962558,127797,8,1,0.9764479724074966,0.1296411452917755,1.1060891176992722,3,1,3,5,1,1.0,High
TXP11158,31,Freelancer,Hyderabad,438848,425824,9289,0,0,0.9703222983812163,0.02116678212046084,0.9914890805016772,1,1,6,4,0,0.646,Medium
TXP11159,52,Freelancer,Kolkata,422317,223403,83682,0,1,0.5289936232735125,0.1981497311261446,0.7271433543996572,1,0,6,6,0,0.216,Low
TXP11160,62,Teacher,Bangalore,385539,170283,32967,0,0,0.44167516126773165,0.08550885902593512,0.5271840202936668,0,0,9,1,0,0.0,
TXP11161,26,Business Owner,Chennai,1239725,411351,214047,3,0,0.33180826392950047,0.17265683921837505,0.5044651031478755,0,0,2,2,0,0.002,Low
TXP11162,55,Engineer,Kolkata,541438,85155,62965,0,0,0.15727562527934869,0.11629217010996643,0.27356779538931514,0,0,5,6,0,0.008,Low
TXP11163,33,Accountant,Pune,601614,250422,26157,2,0,0.4162502867286998,0.04347804406147463,0.45972833079017444,0,0,0,9,0,0.002,Low
TXP11164,33,Accountant,Mumbai,484747,410828,79286,8,1,0.8475101444671138,0.1635616104895956,1.0110717549567094,3,1,0,8,0,0.996,High
TXP11165,42,Pharmacist,Pune,438882,66070,64853,0,1,0.1505416034378261,0.14776864852055907,0.2983102519583852,1,0,8,9,0,0.254,Low
TXP11166,57,Accountant,Mumbai,497200,212425,57147,1,0,0.4272425583266291,0.1149376508447305,0.5421802091713596,0,0,0,8,0,0.002,Low
TXP11167,56,Teacher,Hyderabad,431184,101353,48559,1,0,0.23505742328101228,0.11261781513228691,0.34767523841329917,0,0,9,4,0,0.0,
TXP11168,46,Teacher,Kolkata,200000,159888,7149,5,1,0.79944,0.035745,0.835185,2,1,9,6,0,0.972,High
TXP11169,51,Business Owner,Delhi,1358239,603020,589841,0,0,0.44397193719220257,0.4342689320509866,0.8782408692431891,1,0,2,3,1,0.076,Low
TXP11170,55,Freelancer,Lucknow,455140,386053,83756,5,1,0.848207145054269,0.184022498571868,1.0322296436261371,3,1,6,7,0,1.0,High
TXP11171,30,Engineer,Jaipur,347869,403575,12796,0,1,1.160134993345196,0.036783961778715554,1.1969189551239117,2,1,5,5,0,0.812,High
TXP11172,52,Teacher,Lucknow,368583,80072,24854,1,0,0.21724279198986388,0.06743121630677487,0.28467400829663875,0,0,9,7,0,0.0,
TXP11173,31,Consultant,Kolkata,835635,343512,152432,1,1,0.41107899980254536,0.18241457095502223,0.5934935707575676,1,0,3,6,0,0.058,Low
TXP11174,24,Teacher,Pune,385378,172570,27431,0,0,0.4477941138310957,0.07117946535609194,0.5189735791871877,0,0,9,9,0,0.012,Low
TXP11175,26,Engineer,Lucknow,202225,95958,27848,2,0,0.4745110644084559,0.1377079985165039,0.6122190629249599,0,0,5,7,0,0.002,Low
TXP11176,47,Business Owner,Ahmedabad,1746555,462582,203067,0,0,0.264853955357833,0.11626716593522678,0.38112112129305975,0,0,2,0,1,0.04,Low
TXP11177,46,Consultant,Lucknow,617207,117369,78594,1,0,0.19016148553078627,0.12733815397427442,0.3174996395050607,0,0,3,7,0,0.0,
TXP11178,31,Doctor,Mumbai,937313,839872,88896,7,1,0.8960421972169382,0.0948413176815002,0.9908835148984384,3,1,4,8,0,1.0,High
TXP11179,60,Freelancer,Ahmedabad,561161,191786,41525,3,0,0.34176644492400576,0.07399837123392396,0.4157648161579297,0,0,6,0,0,0.002,Low
TXP11180,26,Consultant,Chennai,592194,340884,17017,0,1,0.5756289324106627,0.02873551572626538,0.6043644481369281,1,1,3,2,0,0.664,High
TXP11181,56,Teacher,Lucknow,389627,96618,59991,1,0,0.2479756279723941,0.15397033573135332,0.4019459637037474,0,0,9,7,0,0.0,
TXP11182,51,Pharmacist,Ahmedabad,461450,122530,71200,0,1,0.2655325604074114,0.15429624011268828,0.4198288005200997,1,0,8,0,0,0.038,Low
TXP11183,31,Freelancer,Kolkata,200000,39079,28146,1,0,0.195395,0.14073,0.336125,0,0,6,6,1,0.0,
TXP11184,57,Freelancer,Jaipur,625161,594607,84930,0,0,0.9511261898934834,0.13585300426610106,1.0869791941595845,1,1,6,5,0,0.65,Medium
TXP11185,58,Freelancer,Chennai,333743,152167,21315,0,0,0.45594064894244973,0.0638665080615923,0.519807157004042,0,0,6,2,0,0.0,
TXP11186,55,Engineer,Delhi,471825,207281,11334,2,0,0.4393175435807768,0.024021618184708313,0.46333916176548506,0,0,5,3,0,0.0,
TXP11187,47,Engineer,Delhi,539540,290007,89330,0,0,0.537507877080476,0.16556696445119917,0.7030748415316751,0,0,5,3,0,0.0,
TXP11188,37,Teacher,Hyderabad,366334,335997,39712,2,0,0.917187593835134,0.1084038063624998,1.0255914001976338,1,0,9,4,0,0.044,Low
TXP11189,55,Engineer,Lucknow,591409,124494,44492,2,0,0.2105040674051291,0.07523050883567886,0.28573457624080795,0,0,5,7,0,0.0,
TXP11190,66,Accountant,Jaipur,604806,169486,23192,1,0,0.2802320082803411,0.03834618042810422,0.31857818870844534,0,0,0,5,0,0.0,
TXP11191,39,Architect,Bangalore,435681,195225,213669,0,0,0.4480916083097496,0.4904253341320829,0.9385169424418325,1,1,1,1,0,0.104,Low
TXP11192,27,Consultant,Ahmedabad,616370,262514,51032,0,0,0.42590327238509335,0.08279442542628616,0.5086976978113795,0,0,3,0,0,0.008,Low
TXP11193,60,Business Owner,Chennai,1153601,448694,190174,3,0,0.3889507724074442,0.16485249232620292,0.553803264733647,0,0,2,2,0,0.008,Low
TXP11194,44,Consultant,Kolkata,1091619,499234,202353,0,0,0.4573335568545436,0.1853696207193169,0.6427031775738605,0,0,3,6,0,0.0,
TXP11195,37,Freelancer,Lucknow,432928,189114,78539,1,0,0.4368255229506985,0.18141353758592652,0.618239060536625,0,0,6,7,0,0.002,Low
TXP11196,54,Accountant,Kolkata,658522,359945,122221,1,1,0.5465952542208157,0.18559896252517,0.7321942167459857,1,0,0,6,0,0.096,Low
TXP11197,41,Engineer,Bangalore,605783,250616,111094,3,0,0.41370589798657276,0.18338910137788614,0.5970949993644589,0,0,5,1,0,0.012,Low
TXP11198,30,Teacher,Hyderabad,320980,160608,36880,2,0,0.5003676241510374,0.11489812449373793,0.6152657486447753,0,0,9,4,0,0.004,Low
TXP11199,33,Freelancer,Bangalore,412991,108169,24570,1,0,0.2619161192374652,0.05949282187747433,0.32140894111493956,0,0,6,1,0,0.002,Low
TXP11200,30,Accountant,Mumbai,533158,242684,87250,0,0,0.4551821411288961,0.16364754913177706,0.6188296902606732,0,0,0,8,0,0.0,
TXP11201,56,Business Owner,Pune,1441458,801432,84279,0,0,0.5559870630986127,0.05846788460017566,0.6144549476987883,0,0,2,9,1,0.014,Low
TXP11202,46,Doctor,Chennai,1074922,347822,73199,0,0,0.32357882711489766,0.06809703401735195,0.3916758611322496,0,0,4,2,0,0.0,
TXP11203,44,Freelancer,Pune,503952,252276,31237,2,0,0.50059529478998,0.061984077848684004,0.562579372638664,0,0,6,9,0,0.008,Low
TXP11204,42,Consultant,Bangalore,963673,458857,108602,1,0,0.47615425564480895,0.11269590410855135,0.5888501597533603,0,0,3,1,0,0.002,Low
TXP11205,42,Freelancer,Hyderabad,305281,53969,23790,1,0,0.17678466724100092,0.07792820385153351,0.25471287109253443,0,0,6,4,0,0.01,Low
TXP11206,59,Pharmacist,Hyderabad,458536,357516,21894,5,1,0.7796901442852906,0.0477476141458904,0.827437758431181,2,1,8,4,0,1.0,High
TXP11207,52,Consultant,Delhi,619625,129244,62936,1,1,0.20858422432923138,0.10157111155941094,0.3101553358886423,1,0,3,3,0,0.018,Low
TXP11208,41,Architect,Lucknow,700311,409887,124167,0,0,0.5852928199042997,0.1773026555344697,0.7625954754387694,0,0,1,7,0,0.022,Low
TXP11209,25,Architect,Delhi,592566,528945,72707,0,0,0.8926347444841587,0.12269856859826585,1.0153333130824245,1,0,1,3,0,0.016,Low
TXP11210,24,Consultant,Chennai,881359,175721,156970,0,0,0.19937505602143962,0.17809995699822662,0.37747501301966624,0,0,3,2,0,0.0,
TXP11211,28,Business Owner,Chennai,827599,937127,45730,1,0,1.1323442875112222,0.05525622916412417,1.1876005166753465,1,0,2,2,1,0.096,Low
TXP11212,43,Doctor,Chennai,808606,337603,40475,0,1,0.41751236077892073,0.05005528032193676,0.4675676411008575,1,0,4,2,0,0.034,Low
TXP11213,34,Teacher,Kolkata,391211,119397,48355,1,0,0.3051984734580572,0.1236033751607189,0.42880184861877607,0,0,9,6,0,0.002,Low
TXP11214,65,Teacher,Delhi,226081,37463,23376,1,0,0.1657060964875421,0.10339657025579328,0.26910266674333533,0,0,9,3,0,0.012,Low
TXP11215,25,Lawyer,Kolkata,1430407,563206,198584,0,0,0.39373828567673397,0.13883041679745695,0.5325687024741909,0,0,7,6,1,0.022,Low
TXP11216,26,Lawyer,Pune,829212,269104,135188,0,0,0.32452979455193603,0.16303189051774455,0.4875616850696806,0,0,7,9,0,0.0,
TXP11217,46,Pharmacist,Lucknow,297496,58155,113409,0,0,0.19548161992094013,0.38121184822653076,0.5766934681474709,1,0,8,7,0,0.018,Low
TXP11218,35,Architect,Bangalore,675295,344984,128040,0,1,0.5108641408569589,0.18960602403394072,0.7004701648908995,1,0,1,1,0,0.144,Low
TXP11219,43,Consultant,Ahmedabad,756019,424719,69316,1,0,0.5617835001501285,0.091685526421955,0.6534690265720835,0,0,3,0,0,0.064,Low
TXP11220,28,Accountant,Delhi,541810,265740,30964,0,0,0.4904671379265794,0.05714918513870176,0.5476163230652812,0,1,0,3,0,0.684,High
TXP11221,60,Doctor,Ahmedabad,998238,1087260,118954,2,0,1.0891791336334622,0.11916396690969489,1.208343100543157,1,0,4,0,1,0.034,Low
TXP11222,61,Doctor,Hyderabad,949488,234923,37916,1,0,0.24742071516438333,0.03993310078695044,0.28735381595133375,0,0,4,4,0,0.0,
TXP11223,53,Lawyer,Delhi,974469,919683,70155,0,0,0.9437786117362379,0.0719930546790098,1.0157716664152476,1,0,7,3,0,0.094,Low
TXP11224,32,Doctor,Pune,890031,217022,51105,1,0,0.24383645064048332,0.05741934831483398,0.3012557989553173,0,0,4,9,0,0.004,Low
TXP11225,57,Doctor,Delhi,779128,385106,403322,1,0,0.4942782187265764,0.5176582025033114,1.0119364212298878,1,0,4,3,1,0.022,Low
TXP11226,67,Architect,Kolkata,934078,538554,37380,1,0,0.576562128644503,0.040018071295973144,0.6165801999404761,0,0,1,6,0,0.014,Low
TXP11227,58,Freelancer,Lucknow,228120,231915,5869,0,0,1.0166359810625987,0.025727687182184815,1.0423636682447834,1,0,6,7,0,0.102,Low
TXP11228,45,Lawyer,Bangalore,934912,511079,129226,0,0,0.5466600065032858,0.13822263485761227,0.6848826413608982,0,0,7,1,0,0.012,Low
TXP11229,67,Engineer,Jaipur,609753,266714,79173,0,0,0.43741318205896484,0.12984437960944842,0.5672575616684132,0,0,5,5,0,0.004,Low
TXP11230,47,Teacher,Bangalore,398796,129388,58824,0,0,0.3244465842184977,0.14750398700087264,0.4719505712193703,0,0,9,1,0,0.0,
TXP11231,40,Doctor,Bangalore,631229,215623,87658,2,0,0.3415923539634586,0.13886877820885923,0.4804611321723178,0,0,4,1,0,0.01,Low
TXP11232,33,Architect,Hyderabad,371012,68227,15053,1,0,0.18389432147747242,0.040572811661078345,0.22446713313855077,0,0,1,4,0,0.006,Low
TXP11233,53,Accountant,Pune,565682,92859,40952,3,1,0.1641540653582755,0.07239403056841123,0.2365480959266867,1,0,0,9,0,0.032,Low
TXP11234,46,Accountant,Ahmedabad,578123,267650,25041,0,1,0.4629637637665341,0.04331431200626856,0.5062780757728027,1,0,0,0,0,0.048,Low
TXP11235,55,Accountant,Pune,698959,242743,120035,0,1,0.34729218738152023,0.17173396436700866,0.5190261517485288,1,0,0,9,0,0.316,Low
TXP11236,40,Doctor,Jaipur,545927,217550,84314,1,1,0.3984965022796088,0.154441894245934,0.5529383965255428,1,0,4,5,0,0.176,Low
TXP11237,40,Business Owner,Hyderabad,1661877,666325,93521,0,0,0.4009472421845901,0.056274321144103925,0.457221563328694,0,0,2,4,1,0.004,Low
TXP11238,37,Freelancer,Lucknow,805112,221260,65564,0,1,0.2748189071831,0.08143463269706575,0.3562535398801657,1,0,6,7,0,0.022,Low
TXP11239,32,Business Owner,Bangalore,1048894,381956,203475,1,1,0.36415119163614246,0.19399005047221168,0.5581412421083541,1,1,2,1,0,0.69,High
TXP11240,63,Engineer,Kolkata,406358,147037,51586,0,0,0.3618410367213147,0.1269471746587984,0.4887882113801131,0,0,5,6,0,0.0,
TXP11241,25,Teacher,Hyderabad,325581,105746,53463,1,0,0.32479168010418297,0.1642079851096962,0.48899966521387916,0,0,9,4,0,0.0,
TXP11242,48,Teacher,Chennai,350840,182192,23726,0,0,0.5193022460380801,0.06762626838444875,0.5869285144225288,0,0,9,2,0,0.0,
TXP11243,62,Consultant,Delhi,851481,300593,49223,1,0,0.3530237315923667,0.05780868862605273,0.4108324202184194,0,0,3,3,0,0.0,
TXP11244,32,Accountant,Pune,490860,206966,79080,2,0,0.4216395713645439,0.16110499938882777,0.5827445707533716,0,0,0,9,0,0.0,
TXP11245,45,Accountant,Hyderabad,705519,390140,101211,0,0,0.5529829813229693,0.14345609402439907,0.6964390753473684,0,0,0,4,0,0.0,
TXP11246,66,Business Owner,Chennai,754187,407114,107528,3,0,0.5398051146466327,0.14257471953242365,0.6823798341790563,0,0,2,2,0,0.008,Low
TXP11247,27,Business Owner,Ahmedabad,504317,277722,60252,1,0,0.5506893481679181,0.11947247465383876,0.670161822821757,0,0,2,0,0,0.018,Low
TXP11248,49,Teacher,Jaipur,416402,113054,50569,3,0,0.27150205810730976,0.12144274042872032,0.3929447985360301,0,0,9,5,0,0.002,Low
TXP11249,52,Accountant,Jaipur,322537,53457,49162,0,1,0.16573912450354533,0.1524228228079259,0.31816194731147124,1,0,0,5,0,0.078,Low
TXP11250,57,Teacher,Bangalore,337752,90341,23169,1,0,0.26747732063762764,0.06859766929581468,0.3360749899334423,0,0,9,1,0,0.0,
TXP11251,46,Consultant,Bangalore,1311182,361123,109481,0,1,0.2754179053708791,0.08349794307731498,0.3589158484481941,1,0,3,1,0,0.026,Low
TXP11252,60,Teacher,Hyderabad,349277,195319,61785,1,0,0.5592094526693713,0.176893983858084,0.7361034365274552,0,0,9,4,0,0.0,
TXP11253,34,Architect,Hyderabad,470677,561158,35581,1,0,1.1922358645100568,0.07559536582412142,1.267831230334178,1,0,1,4,0,0.098,Low
TXP11254,29,Teacher,Lucknow,346556,300600,41009,8,1,0.8673922829210864,0.11833296783203869,0.985725250753125,3,1,9,7,0,1.0,High
TXP11255,41,Pharmacist,Delhi,494919,104388,72493,2,0,0.2109193625623587,0.14647447360073063,0.35739383616308934,0,0,8,3,0,0.002,Low
TXP11256,44,Consultant,Mumbai,778916,171403,155772,0,0,0.22005325349588403,0.1999856210425771,0.42003887453846117,0,0,3,8,0,0.0,
TXP11257,65,Accountant,Ahmedabad,616226,267250,60607,0,0,0.43368828968592693,0.09835190336013086,0.5320401930460578,0,0,0,0,0,0.004,Low
TXP11258,59,Consultant,Bangalore,562959,270747,54638,1,0,0.480935556585826,0.09705502532155982,0.5779905819073858,0,0,3,1,0,0.002,Low
TXP11259,64,Engineer,Mumbai,853132,457995,146453,1,0,0.5368395512066129,0.17166511161227102,0.7085046628188838,0,0,5,8,0,0.0,
TXP11260,61,Architect,Mumbai,689218,726579,113714,0,0,1.0542078123322374,0.164989887089426,1.2191976994216633,1,0,1,8,0,0.034,Low
TXP11261,57,Business Owner,Delhi,1490717,358915,225983,0,0,0.2407666914645771,0.15159349494236665,0.39236018640694376,0,0,2,3,1,0.002,Low
TXP11262,40,Doctor,Kolkata,674370,195161,69717,3,0,0.289397511751709,0.10338093331553895,0.39277844506724796,0,0,4,6,0,0.0,
TXP11263,60,Business Owner,Kolkata,1714552,2045971,134264,1,0,1.1932977244201401,0.0783085027459068,1.2716062271660469,1,0,2,6,1,0.082,Low
TXP11264,48,Pharmacist,Bangalore,474294,449852,61454,8,1,0.9484665629335391,0.12956942318477568,1.0780359861183149,3,1,8,1,0,0.998,High
TXP11265,61,Doctor,Chennai,855510,480453,152041,0,1,0.5615983448469334,0.17771972273848347,0.7393180675854168,1,0,4,2,0,0.042,Low
TXP11266,35,Teacher,Delhi,294013,120192,52651,3,0,0.40879825041749857,0.17907711563774392,0.5878753660552425,0,0,9,3,0,0.0,
TXP11267,46,Freelancer,Delhi,300460,144877,11877,1,1,0.48218398455701256,0.039529388271317314,0.5217133728283299,1,0,6,3,0,0.024,Low
TXP11268,65,Consultant,Pune,873876,323817,313880,2,0,0.37055257267621494,0.35918139415660805,0.729733966832823,1,0,3,9,0,0.02,Low
TXP11269,45,Accountant,Mumbai,505639,491500,52409,0,0,0.9720373626243228,0.10364904605855166,1.0756864086828746,1,0,0,8,0,0.01,Low
TXP11270,44,Engineer,Pune,471926,461110,92483,8,1,0.9770811525535783,0.1959692833198425,1.1730504358734208,3,1,5,9,0,0.984,High
TXP11271,50,Doctor,Mumbai,671363,263218,95360,1,0,0.39206509742121626,0.14203940342258956,0.5341045008438058,0,0,4,8,0,0.002,Low
TXP11272,54,Teacher,Kolkata,391937,369915,36569,5,1,0.9438123984211748,0.09330326047298418,1.037115658894159,3,1,9,6,0,1.0,High
TXP11273,29,Accountant,Bangalore,487096,120263,12026,1,0,0.24689794208944438,0.024689178313925798,0.2715871204033702,0,0,0,1,0,0.004,Low
TXP11274,50,Pharmacist,Ahmedabad,488234,231842,59451,1,0,0.474858367094467,0.12176743119078147,0.5966257982852484,0,0,8,0,0,0.012,Low
TXP11275,63,Doctor,Kolkata,803005,413386,29947,0,0,0.5147987870561205,0.03729366566833332,0.5520924527244537,0,0,4,6,0,0.002,Low
TXP11276,57,Business Owner,Delhi,433060,145228,228079,2,1,0.33535306885881866,0.5266683600424883,0.862021428901307,2,1,2,3,0,0.962,High
TXP11277,35,Doctor,Ahmedabad,505774,390145,78624,6,1,0.7713820797431263,0.15545283071094995,0.9268349104540763,2,1,4,0,0,0.974,High
TXP11278,30,Engineer,Hyderabad,650441,516279,66924,7,1,0.7937368646810394,0.1028901929613908,0.8966270576424303,2,1,5,4,0,0.992,High
TXP11279,33,Accountant,Ahmedabad,476297,216837,46323,2,0,0.4552558592642826,0.09725654371117182,0.5525124029754543,0,0,0,0,0,0.0,
TXP11280,40,Accountant,Ahmedabad,655672,323769,119018,0,0,0.49379720347978867,0.18152063836796448,0.6753178418477531,0,1,0,0,0,0.594,Medium
TXP11281,49,Business Owner,Kolkata,1586722,946268,114121,0,0,0.5963665972993378,0.07192249177864805,0.6682890890779859,0,0,2,6,1,0.01,Low
TXP11282,44,Architect,Delhi,765066,233672,49594,2,0,0.30542724418546896,0.06482316558310001,0.370250409768569,0,0,1,3,0,0.0,
TXP11283,51,Business Owner,Ahmedabad,1927908,645788,364481,0,1,0.3349682661205825,0.18905518313114525,0.5240234492517277,1,1,2,0,1,0.708,High
TXP11284,25,Pharmacist,Kolkata,491691,110398,81455,0,0,0.22452719289147047,0.165662987526719,0.3901901804181895,0,0,8,6,0,0.0,
TXP11285,66,Architect,Kolkata,753821,787999,126425,8,1,1.0453396761300096,0.1677122287651843,1.213051904895194,3,1,1,6,0,0.964,High
TXP11286,24,Business Owner,Ahmedabad,966239,446429,53273,0,1,0.4620275107918434,0.05513439221559055,0.517161903007434,1,0,2,0,0,0.124,Low
TXP11287,59,Consultant,Mumbai,1191426,670380,54559,1,0,0.5626702791444874,0.04579302449333823,0.6084633036378256,0,0,3,8,0,0.0,
TXP11288,49,Business Owner,Delhi,1993453,652999,49209,0,0,0.3275718063079491,0.024685307353622083,0.35225711366157114,0,0,2,3,1,0.014,Low
TXP11289,52,Doctor,Jaipur,802376,185292,50282,0,0,0.230929140452855,0.06266638084887884,0.29359552130173383,0,0,4,5,0,0.0,
TXP11290,44,Freelancer,Ahmedabad,507987,518511,80949,3,0,1.0207170655941982,0.1593525031152372,1.1800695687094356,1,0,6,0,0,0.028,Low
TXP11291,34,Doctor,Pune,1071859,1025932,67748,6,1,0.9571520134644576,0.06320607467959871,1.0203580881440562,3,1,4,9,1,0.992,High
TXP11292,63,Business Owner,Pune,1141144,320424,172585,2,0,0.280791907068696,0.15123858163386916,0.43203048870256516,0,1,2,9,0,0.662,High
TXP11293,34,Freelancer,Hyderabad,351506,288644,22968,6,1,0.8211637923676979,0.06534170113739168,0.8865054935050896,3,1,6,4,0,1.0,High
TXP11294,59,Doctor,Delhi,974797,469065,352944,2,0,0.48119249443730333,0.36206923082446907,0.8432617252617725,1,0,4,3,1,0.13,Low
TXP11295,62,Engineer,Kolkata,611765,93924,120498,1,0,0.15352954157233578,0.19696778991933178,0.35049733149166756,0,0,5,6,0,0.002,Low
TXP11296,63,Architect,Lucknow,679279,592317,43518,1,1,0.8719789659329966,0.06406498655191754,0.9360439524849141,2,1,1,7,0,0.964,High
TXP11297,58,Business Owner,Bangalore,866291,439378,383976,3,0,0.5071944646775737,0.4432413588505479,0.9504358235281216,1,0,2,1,1,0.04,Low
TXP11298,57,Engineer,Chennai,342349,92366,25400,0,0,0.26980070045479904,0.0741932939777829,0.34399399443258194,0,0,5,2,0,0.0,
TXP11299,47,Business Owner,Lucknow,1294456,545588,610889,3,0,0.4214805292725284,0.4719272033966392,0.8934077326691676,1,0,2,7,1,0.212,Low
TXP11300,45,Business Owner,Delhi,1561984,1508714,168976,0,0,0.9658959374743915,0.10818036548389741,1.074076302958289,1,0,2,3,1,0.04,Low
TXP11301,28,Teacher,Delhi,336451,149640,29662,1,0,0.44476015823998144,0.08816142618092976,0.5329215844209112,0,0,9,3,0,0.0,
TXP11302,56,Pharmacist,Ahmedabad,643642,225681,93379,0,0,0.35063125153423796,0.14507909676497183,0.4957103482992098,0,0,8,0,0,0.006,Low
TXP11303,59,Business Owner,Ahmedabad,918433,281003,153531,1,0,0.30595917176320975,0.16716624947056563,0.4731254212337754,0,0,2,0,0,0.0,
TXP11304,43,Accountant,Lucknow,444529,233895,52438,1,1,0.5261636473660886,0.11796305752830524,0.6441267048943938,1,0,0,7,0,0.034,Low
TXP11305,42,Consultant,Kolkata,737898,362529,19034,3,0,0.4912996105152745,0.025794893061100586,0.5170945035763751,0,0,3,6,0,0.004,Low
TXP11306,58,Architect,Hyderabad,636785,187574,255583,3,0,0.2945640993427923,0.4013646678235197,0.695928767166312,1,0,1,4,0,0.024,Low
TXP11307,66,Engineer,Ahmedabad,715495,140493,21443,3,0,0.1963577663016513,0.02996946170133963,0.22632722800299093,0,0,5,0,0,0.004,Low
TXP11308,40,Engineer,Chennai,483755,424116,63344,0,0,0.8767165197258943,0.13094231584169672,1.007658835567591,1,0,5,2,0,0.052,Low
TXP11309,66,Engineer,Chennai,805214,154942,115391,3,0,0.19242338061682981,0.14330476121875677,0.3357281418355866,0,0,5,2,0,0.006,Low
TXP11310,57,Business Owner,Hyderabad,1986766,819126,1030082,0,0,0.41229113040992243,0.5184717274203404,0.9307628578302628,1,0,2,4,1,0.33,Low
TXP11311,32,Business Owner,Mumbai,1184342,205184,198356,2,0,0.17324725459369,0.1674820279952919,0.3407292825889819,0,0,2,8,0,0.02,Low
TXP11312,49,Business Owner,Mumbai,1699884,512714,312770,0,0,0.3016170515164564,0.18399490788783235,0.48561195940428875,0,0,2,8,1,0.002,Low
TXP11313,25,Pharmacist,Delhi,394350,386682,65602,1,1,0.9805553442373526,0.16635476099911245,1.146910105236465,2,1,8,3,0,0.924,High
TXP11314,32,Freelancer,Ahmedabad,611283,172660,45797,3,0,0.2824550985386474,0.07491947265014731,0.35737457118879473,0,0,6,0,0,0.002,Low
TXP11315,32,Engineer,Pune,757091,373615,95087,3,0,0.49348757282810124,0.1255952058603259,0.6190827786884272,0,0,5,9,0,0.006,Low
TXP11316,63,Lawyer,Lucknow,1115859,541705,206062,1,0,0.48546008052988776,0.18466670072114846,0.6701267812510362,0,0,7,7,0,0.008,Low
TXP11317,40,Accountant,Jaipur,548443,142936,42624,2,0,0.2606214319446141,0.07771819496283114,0.33833962690744523,0,0,0,5,0,0.002,Low
TXP11318,24,Accountant,Hyderabad,254575,121679,42668,0,0,0.4779691642934302,0.1676048315820485,0.6455739958754787,0,0,0,4,0,0.016,Low
TXP11319,48,Business Owner,Delhi,943309,458919,20475,1,0,0.48649912170879317,0.021705506891167157,0.5082046285999604,0,0,2,3,0,0.0,
TXP11320,66,Architect,Pune,549853,498440,11357,1,0,0.9064968273338511,0.020654611323390068,0.9271514386572411,1,0,1,9,0,0.274,Low
TXP11321,63,Lawyer,Ahmedabad,655436,539484,102738,8,1,0.8230918045392686,0.15674756955675306,0.9798393740960216,3,0,7,0,0,0.366,Medium
TXP11322,65,Teacher,Pune,357334,137420,56123,0,0,0.3845701780407126,0.1570603413053334,0.541630519346046,0,0,9,9,0,0.016,Low
TXP11323,48,Freelancer,Pune,387155,218598,62725,0,0,0.5646265707533159,0.16201521354496262,0.7266417842982784,0,0,6,9,0,0.004,Low
TXP11324,62,Accountant,Hyderabad,467538,204701,87618,1,0,0.4378275134855349,0.18740294906510274,0.6252304625506376,0,0,0,4,0,0.004,Low
TXP11325,58,Engineer,Delhi,441179,443342,18186,6,1,1.0049027718907746,0.04122136366418166,1.0461241355549562,3,1,5,3,0,0.998,High
TXP11326,26,Teacher,Kolkata,307069,367526,18963,0,0,1.1968840879411469,0.06175484988715891,1.2586389378283056,1,0,9,6,0,0.182,Low
TXP11327,60,Doctor,Chennai,1024299,350557,187109,0,0,0.3422408886467721,0.1826702945136137,0.5249111831603858,0,0,4,2,0,0.002,Low
TXP11328,67,Pharmacist,Lucknow,433897,180582,22520,1,1,0.4161863299354455,0.05190171861063801,0.4680880485460835,1,1,8,7,0,0.654,High
TXP11329,67,Doctor,Delhi,697012,689104,99534,1,0,0.9886544277573414,0.14280098477501105,1.1314554125323524,1,0,4,3,0,0.05,Low
TXP11330,53,Accountant,Jaipur,504330,192516,58241,1,0,0.3817262506692047,0.11548192651636825,0.4972081771855729,0,0,0,5,0,0.006,Low
TXP11331,61,Teacher,Pune,370339,191203,12952,1,0,0.516291829917994,0.03497336224378205,0.551265192161776,0,0,9,9,0,0.004,Low
TXP11332,57,Pharmacist,Kolkata,545624,259155,38928,0,0,0.4749699426711435,0.07134583522718942,0.546315777898333,0,0,8,6,0,0.008,Low
TXP11333,35,Engineer,Hyderabad,200000,85356,22733,0,1,0.42678,0.113665,0.540445,1,0,5,4,0,0.038,Low
TXP11334,42,Engineer,Bangalore,753245,164099,130630,2,0,0.21785607604431492,0.1734229898638557,0.39127906590817063,0,0,5,1,0,0.0,
TXP11335,60,Doctor,Lucknow,1087273,572098,160217,0,1,0.5261769583168164,0.14735673561285895,0.6735336939296754,1,0,4,7,0,0.036,Low
TXP11336,67,Engineer,Lucknow,442472,252721,58379,0,0,0.5711570449655572,0.13193829214051964,0.7030953371060767,0,0,5,7,0,0.004,Low
TXP11337,40,Engineer,Chennai,454155,96114,49632,1,1,0.2116325923968689,0.10928427519239026,0.3209168675892592,1,0,5,2,0,0.046,Low
TXP11338,33,Business Owner,Bangalore,1019898,377064,75230,0,0,0.36970755899119323,0.07376227818860318,0.44346983717979643,0,0,2,1,0,0.0,
TXP11339,35,Engineer,Ahmedabad,486599,129678,20176,2,1,0.26649869810665455,0.04146329934915608,0.30796199745581065,1,0,5,0,0,0.1,Low
TXP11340,39,Doctor,Bangalore,844785,992067,79100,0,1,1.1743425842078161,0.09363329131080689,1.267975875518623,2,1,4,1,1,0.934,High
TXP11341,47,Consultant,Pune,399625,189715,10043,1,0,0.4747325617766656,0.025131060369096028,0.49986362214576163,0,0,3,9,0,0.0,
TXP11342,42,Accountant,Pune,438207,93512,25411,0,0,0.21339686495195193,0.057988576175186615,0.2713854411271385,0,0,0,9,0,0.008,Low
TXP11343,31,Lawyer,Pune,1284799,699781,125713,0,0,0.5446618498302069,0.09784643356665128,0.6425082833968582,0,0,7,9,0,0.006,Low
TXP11344,54,Lawyer,Pune,667945,154587,63687,0,1,0.23143672008922891,0.09534767084116207,0.32678439093039097,1,0,7,9,0,0.03,Low
TXP11345,44,Pharmacist,Delhi,624342,317644,17464,2,0,0.5087660288751998,0.02797184876237703,0.5367378776375769,0,0,8,3,0,0.002,Low
TXP11346,40,Engineer,Lucknow,653300,232340,82335,3,0,0.35564059390785246,0.12602938925455381,0.4816699831624062,0,0,5,7,0,0.0,
TXP11347,46,Architect,Bangalore,360517,107334,42881,0,1,0.2977224374994799,0.11894307341956135,0.41666551091904125,1,0,1,1,0,0.026,Low
TXP11348,60,Freelancer,Lucknow,545299,524031,18572,2,0,0.9609975444664304,0.03405837898107277,0.9950559234475032,1,0,6,7,0,0.026,Low
TXP11349,39,Doctor,Jaipur,776466,175035,147349,1,0,0.2254251956943382,0.18976877287608215,0.41519396857042035,0,0,4,5,0,0.0,
TXP11350,29,Pharmacist,Bangalore,454453,203527,17218,3,0,0.44785049279023353,0.037887306278096965,0.4857377990683305,0,0,8,1,0,0.0,
TXP11351,31,Engineer,Delhi,636743,253228,110710,2,0,0.39769263266341365,0.17386920625746966,0.5715618389208833,0,0,5,3,0,0.004,Low
TXP11352,48,Doctor,Jaipur,894926,183404,17948,0,0,0.20493761495363863,0.02005528948762244,0.22499290444126108,0,0,4,5,0,0.008,Low
TXP11353,41,Consultant,Lucknow,877366,176099,156882,1,0,0.20071327131436595,0.1788102114738889,0.3795234827882548,0,0,3,7,0,0.0,
TXP11354,48,Freelancer,Jaipur,626737,642165,14759,7,1,1.0246163861396407,0.023548952750515766,1.0481653388901564,3,1,6,5,0,0.994,High
TXP11355,35,Business Owner,Chennai,1363254,660762,213221,0,0,0.4846947083962343,0.15640592288744432,0.6411006312836786,0,0,2,2,1,0.006,Low
TXP11356,38,Engineer,Jaipur,393654,185153,33501,0,0,0.47034451574225083,0.08510265359935375,0.5554471693416045,0,0,5,5,0,0.0,
TXP11357,49,Teacher,Bangalore,321581,56692,137346,3,0,0.176291509759594,0.4270961281916531,0.6033876379512472,1,0,9,1,0,0.074,Low
TXP11358,64,Freelancer,Pune,891457,358474,502065,3,0,0.4021214708056586,0.5631959814102082,0.9653174522158668,1,0,6,9,1,0.206,Low
TXP11359,49,Lawyer,Pune,1081122,1231848,35421,2,0,1.1394162730940633,0.032763184913451024,1.1721794580075144,1,0,7,9,1,0.09,Low
TXP11360,55,Lawyer,Ahmedabad,1492321,830753,236012,3,0,0.5566851903846425,0.15815096081875146,0.7148361512033939,0,0,7,0,1,0.034,Low
TXP11361,33,Doctor,Lucknow,1079086,602348,35421,2,0,0.5582020339435411,0.0328250018997559,0.591027035843297,0,0,4,7,0,0.0,
TXP11362,39,Engineer,Chennai,636270,295359,239368,0,0,0.46420387571314065,0.3762050701746114,0.8404089458877521,1,0,5,2,0,0.022,Low
TXP11363,30,Consultant,Bangalore,804253,455838,23464,0,0,0.5667843327908009,0.02917489894349166,0.5959592317342925,0,0,3,1,0,0.0,
TXP11364,40,Accountant,Bangalore,546341,281449,58064,0,0,0.5151526244598154,0.1062779472893303,0.6214305717491457,0,0,0,1,0,0.004,Low
TXP11365,46,Pharmacist,Hyderabad,326219,170561,48980,0,1,0.522842017172513,0.1501445348063724,0.6729865519788854,1,0,8,4,0,0.136,Low
TXP11366,49,Accountant,Mumbai,551804,224235,50095,0,0,0.40636711585997926,0.09078404650926779,0.49715116236924706,0,0,0,8,0,0.0,
TXP11367,44,Freelancer,Lucknow,631601,181728,336397,1,0,0.2877259535687879,0.532609986367976,0.8203359399367639,1,0,6,7,0,0.038,Low
TXP11368,45,Lawyer,Bangalore,750090,186029,117491,2,0,0.2480089055979949,0.1566358703622232,0.4046447759602181,0,0,7,1,0,0.0,
TXP11369,30,Accountant,Kolkata,591195,175726,95284,2,1,0.2972386437639019,0.16117186376745404,0.458410507531356,1,0,0,6,0,0.098,Low
TXP11370,37,Engineer,Bangalore,727738,314981,135421,1,0,0.4328219771401246,0.18608482723177847,0.618906804371903,0,0,5,1,0,0.002,Low
TXP11371,38,Lawyer,Hyderabad,672579,153143,58991,3,1,0.2276951852496138,0.08770865578616044,0.31540384103577424,1,1,7,4,0,0.622,Medium
TXP11372,30,Teacher,Jaipur,322921,86022,184584,1,0,0.26638713493393124,0.5716072971407867,0.8379944320747179,1,1,9,5,0,0.65,Medium
TXP11373,32,Pharmacist,Delhi,398208,143604,33992,2,0,0.3606256027000964,0.08536242365798778,0.4459880263580842,0,0,8,3,0,0.002,Low
TXP11374,31,Business Owner,Delhi,871133,222027,57734,0,0,0.25487152937611135,0.06627461019155513,0.32114613956766647,0,0,2,3,0,0.0,
TXP11375,46,Engineer,Kolkata,406859,168801,63138,0,0,0.4148882045131114,0.15518398265738254,0.5700721871704939,0,0,5,6,0,0.0,
TXP11376,52,Doctor,Kolkata,619910,350515,50297,2,0,0.5654288525753739,0.08113597135067993,0.6465648239260537,0,0,4,6,0,0.002,Low
TXP11377,41,Engineer,Ahmedabad,812918,395598,78907,0,0,0.4866394888537343,0.09706637077786444,0.5837058596315987,0,0,5,0,0,0.008,Low
TXP11378,54,Teacher,Delhi,295071,132750,27341,1,0,0.44989172097562957,0.0926590549393197,0.5425507759149493,0,0,9,3,0,0.002,Low
TXP11379,53,Freelancer,Jaipur,468968,193320,69538,0,0,0.41222428822435647,0.14827877381825624,0.5605030620426127,0,0,6,5,0,0.0,
TXP11380,62,Pharmacist,Delhi,449713,166203,83288,1,0,0.3695757071732416,0.18520256252320924,0.5547782696964508,0,0,8,3,0,0.0,
TXP11381,58,Doctor,Mumbai,1035773,242322,145024,3,0,0.23395280626160364,0.14001523499840215,0.3739680412600058,0,0,4,8,0,0.012,Low
TXP11382,41,Teacher,Lucknow,428669,236890,44960,0,0,0.5526175207444438,0.1048827883518519,0.6575003090962958,0,0,9,7,0,0.0,
TXP11383,65,Teacher,Delhi,401844,105219,219966,2,1,0.26184041568369815,0.5473915250694299,0.8092319407531281,2,1,9,3,0,0.97,High
TXP11384,62,Business Owner,Pune,1322453,252706,179026,0,0,0.19108883264660445,0.13537418721119013,0.3264630198577946,0,0,2,9,0,0.014,Low
TXP11385,40,Teacher,Ahmedabad,336136,163868,10389,0,0,0.4875050574767356,0.030907132827188995,0.5184121903039246,0,0,9,0,0,0.0,
TXP11386,37,Business Owner,Hyderabad,723250,165643,26918,0,0,0.22902592464569652,0.037218112685793295,0.2662440373314898,0,0,2,4,0,0.002,Low
TXP11387,54,Business Owner,Kolkata,1977411,627537,53044,1,0,0.3173528416702446,0.026824974676483544,0.3441778163467281,0,0,2,6,1,0.006,Low
TXP11388,47,Engineer,Mumbai,486049,79093,49687,0,0,0.16272639178354445,0.10222631874564087,0.26495271052918534,0,0,5,8,0,0.0,
TXP11389,58,Freelancer,Kolkata,549546,116328,92682,1,0,0.21168018691792861,0.16865194178467316,0.3803321287026018,0,0,6,6,0,0.006,Low
TXP11390,67,Engineer,Ahmedabad,758934,172992,435997,0,0,0.22794076955308368,0.5744860554409211,0.8024268249940048,1,0,5,0,1,0.076,Low
TXP11391,57,Business Owner,Bangalore,977887,170626,87177,0,0,0.1744843729387956,0.08914833718006272,0.2636327101188583,0,0,2,1,0,0.002,Low
TXP11392,26,Accountant,Mumbai,653801,291265,308476,1,0,0.44549488299956713,0.4718194068225653,0.9173142898221324,1,0,0,8,0,0.086,Low
TXP11393,60,Teacher,Chennai,395852,208476,67549,0,0,0.526651374756222,0.1706420581429423,0.6972934328991643,0,0,9,2,0,0.0,
TXP11394,66,Architect,Mumbai,926474,294611,129436,0,0,0.3179916543799394,0.13970818393176712,0.4576998383117065,0,0,1,8,0,0.012,Low
TXP11395,63,Architect,Ahmedabad,574904,312494,39107,0,0,0.5435585767362899,0.06802353088515647,0.6115821076214464,0,0,1,0,0,0.002,Low
TXP11396,49,Consultant,Hyderabad,518544,127564,21295,1,0,0.2460041963652072,0.0410669104261162,0.2870711067913234,0,0,3,4,0,0.002,Low
TXP11397,46,Teacher,Mumbai,319670,94758,7317,1,0,0.29642443770137955,0.022889229517940375,0.3193136672193199,0,1,9,8,0,0.664,High
TXP11398,67,Freelancer,Ahmedabad,481328,104848,18897,0,1,0.21783066848386132,0.039260130306152975,0.2570907987900143,1,0,6,0,0,0.066,Low
TXP11399,62,Teacher,Jaipur,353492,151737,25687,0,0,0.42925158136534913,0.07266642526563544,0.5019180066309846,0,0,9,5,0,0.0,
TXP11400,38,Consultant,Lucknow,679181,230202,81041,0,0,0.33894057695960284,0.11932165357982628,0.4582622305394291,0,0,3,7,0,0.0,
TXP11401,27,Accountant,Delhi,359080,152960,11318,0,0,0.42597749805057367,0.031519438565222234,0.45749693661579593,0,0,0,3,0,0.014,Low
TXP11402,52,Pharmacist,Jaipur,547048,269559,24355,2,0,0.49275200713648526,0.04452077331422471,0.53727278045071,0,0,8,5,0,0.004,Low
TXP11403,45,Architect,Ahmedabad,965575,381948,50783,2,1,0.39556533671646427,0.05259353235118971,0.448158869067654,1,0,1,0,0,0.078,Low
TXP11404,48,Freelancer,Pune,519637,224708,69504,1,1,0.43243264047787205,0.13375490967733245,0.5661875501552045,1,0,6,9,0,0.058,Low
TXP11405,36,Engineer,Bangalore,691370,394677,90460,0,0,0.5708622011368731,0.13084166220692248,0.7017038633437956,0,0,5,1,0,0.016,Low
TXP11406,41,Engineer,Delhi,685866,195183,81712,1,0,0.28457891191573864,0.11913697427777438,0.403715886193513,0,0,5,3,0,0.0,
TXP11407,56,Consultant,Pune,821468,255988,53469,2,0,0.31162260733223934,0.06508957135274898,0.37671217868498835,0,0,3,9,0,0.0,
TXP11408,39,Engineer,Hyderabad,739749,349876,64211,1,0,0.4729658303018997,0.08680106360400622,0.559766893905906,0,0,5,4,0,0.0,
TXP11409,65,Consultant,Kolkata,821167,349067,30715,2,1,0.42508649275969446,0.03740408467461551,0.46249057743430994,1,0,3,6,0,0.062,Low
TXP11410,67,Teacher,Chennai,331239,76297,20127,1,0,0.23033821500487564,0.06076277249961508,0.2911009875044907,0,0,9,2,0,0.0,
TXP11411,25,Accountant,Delhi,470401,399597,85418,7,1,0.8494816124965721,0.18158549833014812,1.0310671108267202,3,1,0,3,0,0.994,High
TXP11412,58,Architect,Jaipur,610164,219980,119802,0,0,0.3605260225119804,0.19634393376207052,0.5568699562740509,0,0,1,5,0,0.008,Low
TXP11413,65,Business Owner,Bangalore,1325651,449031,680429,1,0,0.3387248981821007,0.5132791360622064,0.8520040342443072,1,0,2,1,1,0.114,Low
TXP11414,57,Teacher,Pune,331035,76212,153070,0,1,0.2302233902759527,0.46239823583608985,0.6926216261120426,2,1,9,9,0,0.924,High
TXP11415,53,Teacher,Ahmedabad,368860,208772,50051,1,0,0.5659925174863092,0.13569104809412785,0.701683565580437,0,0,9,0,0,0.002,Low
TXP11416,36,Accountant,Delhi,593915,292825,15427,2,0,0.49304193361002835,0.02597509744660431,0.5190170310566327,0,0,0,3,0,0.02,Low
TXP11417,36,Freelancer,Kolkata,574976,210792,114660,2,0,0.36661008459483524,0.19941701914514692,0.5660271037399822,0,0,6,6,0,0.008,Low
TXP11418,41,Engineer,Ahmedabad,792419,361364,29962,0,0,0.4560264203659932,0.03781080463744559,0.49383722500343885,0,0,5,0,0,0.004,Low
TXP11419,55,Architect,Pune,662481,366866,94652,0,1,0.5537758818743481,0.14287504094457049,0.6966509228189186,1,0,1,9,0,0.08,Low
TXP11420,55,Architect,Bangalore,440755,93121,28874,0,1,0.2112761057730485,0.06551031752334063,0.27678642329638914,1,0,1,1,0,0.002,Low
TXP11421,58,Lawyer,Mumbai,813723,756907,73687,1,1,0.9301777140378237,0.09055538555503531,1.020733099592859,2,1,7,8,0,0.956,High
TXP11422,62,Freelancer,Kolkata,456609,180002,62221,2,0,0.3942147439056173,0.13626757247448035,0.5304823163800977,0,0,6,6,0,0.004,Low
TXP11423,52,Teacher,Ahmedabad,239853,122218,23641,1,0,0.5095537683497809,0.09856453744585225,0.6081183057956332,0,0,9,0,0,0.0,
TXP11424,52,Lawyer,Kolkata,1247166,207422,81188,0,0,0.16631466861668776,0.06509799016329823,0.23141265877998599,0,0,7,6,0,0.004,Low
TXP11425,67,Pharmacist,Hyderabad,514237,304843,41241,3,0,0.5928064297201485,0.08019842990683285,0.6730048596269813,0,0,8,4,0,0.026,Low
TXP11426,39,Doctor,Ahmedabad,876270,310819,71397,3,0,0.3547068825818526,0.08147831147933857,0.43618519406119116,0,0,4,0,0,0.0,
TXP11427,67,Engineer,Delhi,804828,250827,155072,0,0,0.31165292460003874,0.1926771931394037,0.5043301177394425,0,0,5,3,0,0.008,Low
TXP11428,33,Teacher,Mumbai,312191,87952,51121,1,0,0.2817249696499899,0.16374911512503562,0.44547408477502554,0,0,9,8,0,0.0,
TXP11429,53,Teacher,Mumbai,384442,87829,39420,1,0,0.22845838904178004,0.10253822423148355,0.3309966132732636,0,0,9,8,0,0.0,
TXP11430,48,Business Owner,Chennai,1156054,585204,64701,1,0,0.506208187506812,0.05596710880287599,0.562175296309688,0,0,2,2,0,0.002,Low
TXP11431,62,Freelancer,Kolkata,422386,244957,70108,3,0,0.5799363615271339,0.16598088004810765,0.7459172415752416,0,0,6,6,0,0.0,
TXP11432,43,Business Owner,Jaipur,891123,299542,43034,0,1,0.33613990436785945,0.04829187441015438,0.3844317787780138,1,0,2,5,0,0.006,Low
TXP11433,28,Business Owner,Mumbai,1866241,1079787,108023,1,0,0.5785892604438548,0.057882663600253126,0.6364719240441079,0,0,2,8,1,0.04,Low
TXP11434,24,Doctor,Mumbai,724899,377461,353102,1,0,0.5207084021360217,0.4871051001587807,1.0078135022948025,1,0,4,8,1,0.036,Low
TXP11435,53,Accountant,Hyderabad,619946,227193,110637,2,1,0.3664722411306791,0.17846231768573392,0.5449345588164131,1,0,0,4,0,0.124,Low
TXP11436,26,Engineer,Lucknow,318748,144492,13936,2,0,0.4533110795989308,0.043721058641936573,0.4970321382408674,0,0,5,7,0,0.002,Low
TXP11437,37,Engineer,Hyderabad,776998,268641,32635,3,0,0.3457422026826324,0.04200139511298613,0.3877435977956185,0,0,5,4,0,0.0,
TXP11438,53,Teacher,Hyderabad,413132,165841,44996,1,0,0.40142375802406977,0.10891434214730401,0.5103381001713738,0,0,9,4,0,0.0,
TXP11439,27,Engineer,Lucknow,614615,108246,42871,2,0,0.17612001008761582,0.0697526093570772,0.24587261944469302,0,0,5,7,0,0.002,Low
TXP11440,41,Lawyer,Kolkata,843264,390699,103191,0,0,0.463317537568306,0.12237093010018214,0.5856884676684881,0,0,7,6,0,0.012,Low
TXP11441,60,Engineer,Ahmedabad,660000,114688,66854,0,1,0.17376969696969696,0.1012939393939394,0.27506363636363634,1,0,5,0,0,0.02,Low
TXP11442,48,Pharmacist,Bangalore,728879,377332,71643,0,0,0.5176881210735939,0.09829203475473981,0.6159801558283337,0,0,8,1,0,0.006,Low
TXP11443,24,Pharmacist,Jaipur,323676,168708,12997,2,0,0.521224928632336,0.04015435188274694,0.561379280515083,0,0,8,5,0,0.002,Low
TXP11444,38,Business Owner,Mumbai,1512810,1415545,68664,8,1,0.9357057396500552,0.045388383207408727,0.9810941228574639,3,1,2,8,1,0.966,High
TXP11445,32,Architect,Chennai,504141,149048,84591,0,0,0.29564744783701385,0.16779234380857735,0.46343979164559124,0,0,1,2,0,0.0,
TXP11446,38,Freelancer,Jaipur,447012,163869,80220,0,0,0.36658747416176746,0.17945826957665567,0.5460457437384232,0,0,6,5,0,0.0,
TXP11447,47,Business Owner,Ahmedabad,1100847,460702,68520,2,0,0.41849775672732,0.062242981994773114,0.48074073872209305,0,0,2,0,0,0.006,Low
TXP11448,27,Doctor,Lucknow,714336,644342,28875,1,0,0.9020152981230122,0.040422154280338664,0.9424374524033508,1,0,4,7,0,0.014,Low
TXP11449,35,Freelancer,Jaipur,448430,186824,13280,3,0,0.4166179782797761,0.029614432575875833,0.44623241085565196,0,0,6,5,0,0.0,
TXP11450,60,Freelancer,Mumbai,279874,79485,36241,0,0,0.28400280126056726,0.12949041354323731,0.4134932148038046,0,0,6,8,0,0.002,Low
TXP11451,60,Business Owner,Jaipur,1611672,1416984,239758,5,1,0.8792012270486799,0.14876352012071936,1.0279647471693993,3,1,2,5,1,0.998,High
TXP11452,66,Freelancer,Bangalore,200000,30227,17421,0,0,0.151135,0.087105,0.23824,0,0,6,1,1,0.004,Low
TXP11453,29,Teacher,Lucknow,382385,74763,54429,0,0,0.19551760660067732,0.14234083449926122,0.33785844109993857,0,0,9,7,0,0.0,
TXP11454,62,Freelancer,Jaipur,401019,203121,59484,0,0,0.5065121602717079,0.14833212391432826,0.654844284186036,0,0,6,5,0,0.0,
TXP11455,47,Architect,Mumbai,462652,269561,87145,0,0,0.5826431097239394,0.1883597174550202,0.7710028271789595,0,0,1,8,0,0.0,
TXP11456,34,Accountant,Mumbai,570238,195098,18063,0,1,0.3421343368909122,0.03167624746158622,0.3738105843524984,1,0,0,8,0,0.04,Low
TXP11457,36,Freelancer,Jaipur,216457,82406,11821,0,1,0.3807037887432608,0.05461130848159219,0.43531509722485295,1,0,6,5,0,0.018,Low
TXP11458,57,Teacher,Kolkata,352382,76143,11394,3,0,0.21608084408397704,0.032334228195537794,0.24841507227951484,0,0,9,6,0,0.002,Low
TXP11459,48,Business Owner,Chennai,630849,251055,111180,0,0,0.39796369654227876,0.17623868786349825,0.574202384405777,0,0,2,2,0,0.0,
TXP11460,30,Freelancer,Pune,519190,111675,84454,0,0,0.2150946666923477,0.16266492035670949,0.3777595870490572,0,0,6,9,0,0.008,Low
TXP11461,27,Doctor,Hyderabad,615128,570290,75928,7,1,0.9271078539751076,0.12343447217489693,1.0505423261500046,3,1,4,4,0,1.0,High
TXP11462,31,Business Owner,Lucknow,1019602,581138,35746,1,0,0.5699655355717231,0.03505877783684222,0.6050243134085653,0,0,2,7,0,0.002,Low
TXP11463,43,Engineer,Pune,644092,153335,44568,1,0,0.23806381697024648,0.06919508393210907,0.3072589009023556,0,0,5,9,0,0.0,
TXP11464,52,Business Owner,Ahmedabad,890983,440193,65567,1,0,0.4940531974235199,0.0735895073194438,0.5676427047429636,0,0,2,0,0,0.01,Low
TXP11465,33,Teacher,Ahmedabad,346522,55643,41906,2,0,0.1605756633056487,0.12093315864504996,0.28150882195069865,0,0,9,0,0,0.004,Low
TXP11466,66,Freelancer,Mumbai,222925,71107,14812,2,0,0.31897274868229225,0.06644387125714926,0.38541661993944154,0,0,6,8,0,0.006,Low
TXP11467,57,Engineer,Ahmedabad,694631,138812,273741,1,0,0.1998355961654461,0.39408117403340764,0.5939167701988538,1,0,5,0,0,0.022,Low
TXP11468,49,Business Owner,Kolkata,1905965,588207,288824,2,0,0.3086137468421508,0.15153688551468678,0.4601506323568376,0,0,2,6,1,0.006,Low
TXP11469,64,Engineer,Chennai,1018831,232386,75224,1,0,0.22809082173589143,0.0738336387487228,0.30192446048461424,0,0,5,2,0,0.002,Low
TXP11470,26,Consultant,Ahmedabad,766410,243708,77734,0,0,0.31798645633538186,0.10142612961730667,0.4194125859526885,0,0,3,0,0,0.0,
TXP11471,29,Architect,Bangalore,776112,778157,33357,2,1,1.0026349289793226,0.04297962149792813,1.0456145504772507,2,1,1,1,0,0.982,High
TXP11472,28,Pharmacist,Chennai,321937,91837,52945,1,0,0.2852638870337985,0.16445764233374852,0.44972152936754706,0,0,8,2,0,0.0,
TXP11473,28,Freelancer,Kolkata,675410,300881,82262,2,1,0.44547904235945573,0.1217956500495995,0.5672746924090553,1,0,6,6,0,0.06,Low
TXP11474,46,Freelancer,Pune,566434,319176,103252,0,0,0.5634831242474851,0.18228425553550812,0.7457673797829932,0,0,6,9,0,0.002,Low
TXP11475,32,Engineer,Chennai,527409,174186,57585,0,0,0.3302674015801778,0.10918471243380375,0.43945211401398154,0,0,5,2,0,0.0,
TXP11476,58,Lawyer,Chennai,1209295,286064,229108,3,0,0.23655435605042607,0.18945583997287677,0.4260101960233028,0,0,7,2,0,0.022,Low
TXP11477,43,Teacher,Pune,334731,343002,60431,0,0,1.024709393513,0.18053601249958923,1.2052454060125892,1,1,9,9,0,0.086,Low
TXP11478,65,Freelancer,Kolkata,381296,378731,47190,3,0,0.9932729428055893,0.12376211657085309,1.1170350593764424,1,0,6,6,0,0.074,Low
TXP11479,58,Architect,Ahmedabad,726053,295676,136571,3,0,0.40723748817235106,0.18810059320738293,0.595338081379734,0,0,1,0,0,0.014,Low
TXP11480,41,Engineer,Mumbai,440496,156268,34427,2,0,0.35475464022374775,0.07815507972830628,0.4329097199520541,0,0,5,8,0,0.0,
TXP11481,40,Architect,Lucknow,813459,821845,69807,1,0,1.0103090629029858,0.08581501956460005,1.096124082467586,1,0,1,7,0,0.018,Low
TXP11482,47,Business Owner,Pune,777604,274009,21917,1,0,0.3523760165842768,0.028185297400733535,0.38056131398501036,0,0,2,9,0,0.0,
TXP11483,26,Business Owner,Pune,779978,769667,98321,2,1,0.986780396370154,0.12605611953157653,1.1128365159017306,2,1,2,9,0,0.98,High
TXP11484,55,Engineer,Pune,463546,455225,69507,5,1,0.9820492464609769,0.14994628364822477,1.1319955301092017,3,1,5,9,0,0.994,High
TXP11485,58,Doctor,Pune,951900,521480,151574,1,0,0.5478306544805127,0.15923311272192459,0.7070637672024372,0,0,4,9,0,0.002,Low
TXP11486,61,Teacher,Lucknow,312993,58766,14700,3,0,0.18775499771560386,0.04696590658577029,0.23472090430137416,0,0,9,7,0,0.008,Low
TXP11487,36,Business Owner,Lucknow,660801,252752,66046,1,0,0.3824933678974457,0.09994839596187052,0.4824417638593162,0,0,2,7,0,0.0,
TXP11488,48,Engineer,Ahmedabad,509148,127936,26391,3,0,0.25127467848248447,0.05183365151193759,0.30310832999442205,0,0,5,0,0,0.004,Low
TXP11489,32,Teacher,Jaipur,348077,116553,48446,0,0,0.3348483237904257,0.1391818476946193,0.47403017148504495,0,0,9,5,0,0.0,
TXP11490,27,Consultant,Jaipur,537424,292671,26027,0,0,0.5445811872934592,0.048429173241239694,0.5930103605346989,0,0,3,5,0,0.014,Low
TXP11491,37,Consultant,Delhi,542697,210230,99177,0,0,0.38738006659332924,0.18274838445762553,0.5701284510509548,0,0,3,3,0,0.006,Low
TXP11492,60,Architect,Pune,987807,967627,60764,6,1,0.9795709080822468,0.06151404069823356,1.0410849487804803,3,1,1,9,1,1.0,High
TXP11493,57,Accountant,Pune,463943,112993,260941,2,1,0.24354931532537402,0.562441937910476,0.8059912532358501,2,1,0,9,0,0.974,High
TXP11494,34,Lawyer,Chennai,819239,417931,141861,0,0,0.5101453910275268,0.17316192222294105,0.6833073132504678,0,0,7,2,0,0.008,Low
TXP11495,64,Freelancer,Jaipur,394914,170221,40488,3,0,0.4310330856844781,0.10252358741396861,0.5335566730984468,0,0,6,5,0,0.0,
TXP11496,26,Accountant,Ahmedabad,507864,183150,12350,0,0,0.36062804215301736,0.02431753382795394,0.3849455759809713,0,0,0,0,0,0.04,Low
TXP11497,51,Doctor,Mumbai,924269,851782,100768,0,0,0.9215736977005612,0.10902453722888034,1.0305982349294416,1,1,4,8,0,0.676,High
TXP11498,52,Lawyer,Delhi,1137035,341577,40043,0,0,0.3004102776079892,0.035217033776444875,0.3356273113844341,0,0,7,3,0,0.0,
TXP11499,32,Accountant,Delhi,519404,302256,102510,1,0,0.5819285180707118,0.19736082124896998,0.7792893393196818,0,0,0,3,0,0.016,Low
TXP11500,26,Lawyer,Ahmedabad,590880,226921,74368,0,0,0.38403906038451124,0.12585973463308964,0.5098987950176008,0,0,7,0,0,0.002,Low
TXP11501,48,Lawyer,Mumbai,1218610,402524,80642,0,1,0.33031404633147604,0.06617539655837389,0.3964894428898499,1,0,7,8,0,0.01,Low
TXP11502,57,Lawyer,Chennai,876164,337007,106426,1,0,0.38463917714035273,0.12146812697166284,0.5061073041120155,0,0,7,2,0,0.022,Low
TXP11503,35,Doctor,Lucknow,1146064,1293135,38778,0,1,1.1283270393276466,0.033835806726325926,1.1621628460539726,2,1,4,7,1,0.93,High
TXP11504,65,Business Owner,Hyderabad,301765,279026,49483,7,1,0.9246466621377561,0.16397859261345749,1.0886252547512136,3,1,2,4,0,0.992,High
TXP11505,32,Business Owner,Jaipur,1278161,294510,238452,2,0,0.23041698189821158,0.18655865732094784,0.4169756392191594,0,0,2,5,0,0.036,Low
TXP11506,38,Business Owner,Pune,1967442,812988,349024,0,0,0.4132208217573885,0.17739989285579957,0.5906207146131881,0,0,2,9,1,0.004,Low
TXP11507,63,Engineer,Ahmedabad,547010,245794,44590,0,0,0.44934096268806784,0.08151587722345112,0.530856839911519,0,0,5,0,0,0.0,
TXP11508,48,Lawyer,Jaipur,843626,397114,66341,0,0,0.47072280844829345,0.07863792723315782,0.5493607356814513,0,0,7,5,0,0.002,Low
TXP11509,28,Business Owner,Pune,1318204,720918,34689,0,0,0.5468941074370887,0.02631535027962288,0.5732094577167115,0,0,2,9,1,0.018,Low
TXP11510,34,Business Owner,Hyderabad,976481,309572,134024,1,0,0.31702818590428283,0.13725203050545787,0.4542802164097407,0,0,2,4,0,0.002,Low
TXP11511,57,Teacher,Hyderabad,331275,342208,38521,8,1,1.033002792242095,0.11628103539355521,1.14928382763565,3,1,9,4,0,0.996,High
TXP11512,47,Lawyer,Lucknow,815546,474041,83742,2,0,0.5812559929176282,0.10268212951813876,0.6839381224357669,0,0,7,7,0,0.016,Low
TXP11513,38,Architect,Kolkata,549612,190031,100784,2,0,0.34575482340269137,0.18337299767836218,0.5291278210810535,0,0,1,6,0,0.0,
TXP11514,61,Lawyer,Hyderabad,1207214,519664,60624,0,0,0.4304655181268607,0.05021810548916762,0.4806836236160283,0,0,7,4,0,0.0,
TXP11515,31,Accountant,Jaipur,596107,268151,219465,3,0,0.44983702590306773,0.3681637692561906,0.8180007951592583,1,0,0,5,0,0.096,Low
TXP11516,28,Business Owner,Bangalore,1300251,514809,43164,0,1,0.39593047803847103,0.033196667412676475,0.4291271454511475,1,0,2,1,0,0.124,Low
TXP11517,49,Teacher,Bangalore,398514,96586,23993,0,0,0.2423653874142439,0.06020616590634206,0.302571553320586,0,0,9,1,0,0.0,
TXP11518,41,Lawyer,Pune,833911,408461,450298,0,0,0.4898136611700769,0.5399832835878169,1.0297969447578939,1,0,7,9,1,0.05,Low
TXP11519,29,Accountant,Pune,472579,241813,52225,0,0,0.5116879929070061,0.110510623620601,0.622198616527607,0,0,0,9,0,0.0,
TXP11520,60,Freelancer,Kolkata,359606,143424,27522,1,1,0.3988365043964784,0.07653376195057925,0.4753702663470576,1,0,6,6,0,0.038,Low
TXP11521,36,Engineer,Bangalore,600267,587615,31506,0,0,0.9789227127261702,0.05248664344366757,1.0314093561698379,1,0,5,1,0,0.02,Low
TXP11522,51,Engineer,Pune,441118,88784,68379,2,0,0.20127040837145616,0.1550129443822288,0.35628335275368495,0,0,5,9,0,0.0,
TXP11523,28,Lawyer,Hyderabad,774934,145515,44017,1,0,0.1877772816781816,0.05680096627583769,0.2445782479540193,0,0,7,4,0,0.006,Low
TXP11524,36,Consultant,Pune,657099,198972,94470,0,0,0.3028036871156401,0.1437682906228742,0.4465719777385143,0,0,3,9,0,0.0,
TXP11525,40,Doctor,Delhi,1224911,355078,101505,1,0,0.28988065255353246,0.08286724504882395,0.37274789760235644,0,0,4,3,0,0.0,
TXP11526,63,Pharmacist,Kolkata,222618,215564,24961,3,1,0.9683134337744477,0.11212480572101088,1.0804382394954586,2,1,8,6,0,0.982,High
TXP11527,55,Teacher,Ahmedabad,339222,170503,63806,0,0,0.5026295464327196,0.18809511175572338,0.690724658188443,0,0,9,0,0,0.012,Low
TXP11528,52,Pharmacist,Mumbai,672569,703190,17973,0,1,1.045528414185013,0.026722908727580368,1.0722513229125934,2,0,8,8,0,0.35,Low
TXP11529,26,Architect,Chennai,669495,256377,73676,0,0,0.38294087334483456,0.11004712507188254,0.4929879984167171,0,0,1,2,0,0.002,Low
TXP11530,63,Accountant,Mumbai,625341,140898,108681,0,1,0.22531386875320825,0.17379477756935816,0.39910864632256643,1,0,0,8,0,0.108,Low
TXP11531,57,Engineer,Mumbai,614973,363021,77385,1,1,0.5903039645642979,0.12583479274699866,0.7161387573112966,1,1,5,8,0,0.69,High
TXP11532,63,Engineer,Lucknow,499899,159351,34911,0,0,0.3187663908109438,0.0698361068935925,0.3886024977045363,0,0,5,7,0,0.0,
TXP11533,50,Engineer,Ahmedabad,263712,52245,147358,1,0,0.19811385147433563,0.5587838247785463,0.756897676252882,1,0,5,0,1,0.054,Low
TXP11534,36,Freelancer,Pune,480818,178965,68491,1,0,0.37220944307409454,0.14244683019354518,0.5146562732676397,0,0,6,9,0,0.0,
TXP11535,56,Engineer,Lucknow,483659,262771,87226,1,0,0.5432980674400766,0.18034607026851562,0.7236441377085923,0,0,5,7,0,0.002,Low
TXP11536,29,Lawyer,Mumbai,699916,384450,19172,0,0,0.5492801993382063,0.027391858451585618,0.5766720577897919,0,0,7,8,0,0.004,Low
TXP11537,47,Accountant,Delhi,500101,77482,16441,0,0,0.15493270359387404,0.032875359177446155,0.1878080627713202,0,0,0,3,0,0.002,Low
TXP11538,42,Architect,Chennai,929177,1042271,72949,0,0,1.121714162102592,0.0785092614216667,1.2002234235242586,1,1,1,2,1,0.646,Medium
TXP11539,39,Engineer,Mumbai,960725,261478,59469,0,0,0.272167373598064,0.06190012750787166,0.33406750110593564,0,0,5,8,0,0.01,Low
TXP11540,63,Doctor,Bangalore,843441,141308,57090,3,1,0.16753750410520712,0.0676870107096999,0.23522451481490703,1,0,4,1,0,0.052,Low
TXP11541,51,Doctor,Ahmedabad,707046,375798,42301,0,0,0.5315043151364974,0.0598277905539385,0.591332105690436,0,0,4,0,0,0.002,Low
TXP11542,56,Architect,Ahmedabad,461643,248705,25505,0,0,0.5387388089930965,0.05524831958894644,0.5939871285820428,0,0,1,0,0,0.002,Low
TXP11543,64,Business Owner,Ahmedabad,1387416,580361,60369,0,0,0.41830352251956154,0.04351182341849885,0.4618153459380604,0,0,2,0,0,0.018,Low
TXP11544,36,Engineer,Kolkata,867435,354343,163174,2,0,0.4084951610207105,0.1881109247378766,0.5966060857585871,0,0,5,6,0,0.0,
TXP11545,66,Engineer,Kolkata,562898,290401,25867,2,0,0.5159034141176554,0.0459532632910403,0.5618566774086957,0,0,5,6,0,0.002,Low
TXP11546,48,Lawyer,Hyderabad,305250,153796,17335,1,0,0.5038361998361999,0.05678951678951679,0.5606257166257166,0,0,7,4,0,0.0,
TXP11547,65,Engineer,Jaipur,700507,385662,45062,0,0,0.5505469609868281,0.06432769408442743,0.6148746550712555,0,0,5,5,0,0.0,
TXP11548,59,Pharmacist,Chennai,598539,238659,112491,0,0,0.39873592196999696,0.1879426403292016,0.5866785622991986,0,0,8,2,0,0.01,Low
TXP11549,50,Freelancer,Lucknow,212123,124185,33097,1,0,0.5854386370172023,0.15602739919763534,0.7414660362148376,0,0,6,7,0,0.004,Low
TXP11550,61,Teacher,Pune,360589,215728,58468,3,0,0.5982656154236541,0.16214582252925075,0.7604114379529048,0,0,9,9,0,0.022,Low
TXP11551,30,Consultant,Mumbai,831220,168276,32298,1,0,0.20244459950434301,0.038856139168932415,0.24130073867327542,0,0,3,8,0,0.008,Low
TXP11552,28,Engineer,Jaipur,589033,313539,100451,1,0,0.5322944554889115,0.170535436894028,0.7028298923829395,0,0,5,5,0,0.002,Low
TXP11553,66,Freelancer,Pune,331384,124242,30976,0,0,0.3749185235255776,0.09347463969292422,0.4683931632185018,0,0,6,9,0,0.004,Low
TXP11554,54,Consultant,Lucknow,932868,949930,62789,5,1,1.0182898330739183,0.06730748616095739,1.0855973192348756,3,1,3,7,1,1.0,High
TXP11555,46,Lawyer,Jaipur,799155,340346,98803,2,1,0.4258823382197446,0.12363433877032616,0.5495166769900708,1,0,7,5,0,0.02,Low
TXP11556,65,Freelancer,Pune,227222,226459,38171,0,0,0.9966420505056729,0.16798989534464093,1.1646319458503138,1,0,6,9,0,0.106,Low
TXP11557,33,Lawyer,Delhi,387631,146488,62081,3,0,0.37790579184843315,0.16015488957281537,0.5380606814212485,0,0,7,3,0,0.0,
TXP11558,55,Lawyer,Kolkata,1215212,658524,218980,0,0,0.5419005078949187,0.18019901054301637,0.7220995184379351,0,0,7,6,1,0.004,Low
TXP11559,66,Engineer,Lucknow,692499,170394,129541,0,0,0.246056673006026,0.18706308601167654,0.43311975901770255,0,0,5,7,0,0.002,Low
TXP11560,53,Accountant,Chennai,558797,191038,35127,1,0,0.3418737036884593,0.06286182638775799,0.4047355300762173,0,0,0,2,0,0.0,
TXP11561,62,Freelancer,Bangalore,383958,219918,36973,0,0,0.5727657712562312,0.09629438636517536,0.6690601576214065,0,0,6,1,0,0.0,
TXP11562,54,Pharmacist,Delhi,447100,153289,10119,0,0,0.342851711026616,0.02263252068888392,0.3654842317154999,0,0,8,3,0,0.008,Low
TXP11563,41,Business Owner,Kolkata,769705,239582,137221,0,0,0.3112647053091769,0.17827739198783948,0.48954209729701637,0,0,2,6,0,0.0,
TXP11564,59,Consultant,Ahmedabad,672337,641508,32153,1,0,0.9541465068856838,0.04782274365385216,1.001969250539536,1,0,3,0,0,0.026,Low
TXP11565,25,Consultant,Kolkata,368384,391528,64491,0,1,1.06282574704656,0.17506460649756775,1.237890353544128,2,1,3,6,0,0.94,High
TXP11566,37,Engineer,Jaipur,489590,212675,38819,0,0,0.4343940848465042,0.07928879266324884,0.513682877509753,0,0,5,5,0,0.0,
TXP11567,36,Teacher,Hyderabad,331343,261248,28582,5,1,0.7884518459723006,0.08626106481802845,0.8747129107903291,2,1,9,4,0,1.0,High
TXP11568,52,Engineer,Delhi,691482,244401,18700,0,0,0.3534452089859172,0.02704336483089943,0.3804885738168166,0,0,5,3,0,0.0,
TXP11569,35,Business Owner,Ahmedabad,1184029,1053341,93346,8,1,0.8896243250798755,0.07883759603861054,0.9684619211184862,3,1,2,0,1,0.926,High
TXP11570,62,Pharmacist,Jaipur,579492,226102,104253,0,0,0.3901727720141089,0.17990412292145536,0.5700768949355642,0,0,8,5,0,0.012,Low
TXP11571,25,Engineer,Lucknow,802370,242569,19737,1,0,0.30231563991674665,0.02459837730722734,0.32691401722397395,0,0,5,7,0,0.0,
TXP11572,55,Freelancer,Chennai,608725,271538,56696,0,0,0.44607663559078403,0.09313893794406342,0.5392155735348474,0,0,6,2,0,0.0,
TXP11573,36,Business Owner,Kolkata,1388203,656585,35610,1,0,0.47297477386232417,0.02565186791845285,0.49862664178077704,0,0,2,6,1,0.004,Low
TXP11574,50,Business Owner,Lucknow,1204745,483249,104531,1,0,0.40112139913425665,0.08676607912877829,0.4878874782630349,0,0,2,7,0,0.0,
TXP11575,64,Accountant,Ahmedabad,451921,438551,23082,2,0,0.9704151831846717,0.051075298558818906,1.0214904817434907,1,0,0,0,0,0.02,Low
TXP11576,40,Lawyer,Jaipur,1084986,1109837,70957,0,0,1.0229044430066379,0.06539900054009913,1.088303443546737,1,0,7,5,1,0.022,Low
TXP11577,63,Doctor,Hyderabad,1135949,316229,472623,0,0,0.27838309642422326,0.41606005199177076,0.6944431484159941,1,0,4,4,1,0.062,Low
TXP11578,54,Engineer,Kolkata,651315,180532,64147,1,0,0.27718078042114797,0.09848844261225367,0.37566922303340167,0,0,5,6,0,0.0,
TXP11579,57,Doctor,Chennai,1183451,536149,81993,0,0,0.45303861334351825,0.06928296989059961,0.5223215832341178,0,0,4,2,0,0.002,Low
TXP11580,47,Business Owner,Hyderabad,589771,93335,74358,0,0,0.1582563401727111,0.12607944439451924,0.28433578456723035,0,0,2,4,0,0.002,Low
TXP11581,58,Engineer,Pune,426875,209192,19456,3,0,0.49005446559297217,0.04557774524158126,0.5356322108345535,0,0,5,9,0,0.002,Low
TXP11582,29,Consultant,Jaipur,903936,243524,60283,0,0,0.269404028603795,0.06668945589068252,0.3360934844944775,0,0,3,5,0,0.0,
TXP11583,42,Teacher,Lucknow,365857,105919,43289,3,0,0.28950928914849244,0.11832218599070128,0.4078314751391937,0,0,9,7,0,0.004,Low
TXP11584,53,Business Owner,Kolkata,1725512,668738,108283,0,1,0.3875591708432048,0.06275412747057105,0.45031329831377587,1,1,2,6,1,0.64,Medium
TXP11585,30,Accountant,Kolkata,548452,135558,78013,1,0,0.2471647473251989,0.14224216522138675,0.38940691254658566,0,0,0,6,0,0.0,
TXP11586,33,Teacher,Ahmedabad,297921,268491,32315,1,0,0.9012154228805623,0.10846835234844136,1.0096837752290038,1,0,9,0,0,0.114,Low
TXP11587,64,Pharmacist,Chennai,478640,90183,76083,1,0,0.188415092762828,0.1589566271101454,0.34737171987297344,0,0,8,2,0,0.004,Low
TXP11588,55,Doctor,Bangalore,493463,172698,279243,3,0,0.3499715277538539,0.565884372283231,0.9158559000370848,1,0,4,1,0,0.076,Low
TXP11589,57,Engineer,Pune,430711,229241,17592,0,1,0.5322385543902989,0.040844092674670485,0.5730826470649694,1,0,5,9,0,0.122,Low
TXP11590,51,Freelancer,Hyderabad,595866,254512,47812,2,0,0.42712958953858754,0.08023951693837204,0.5073691064769595,0,0,6,4,0,0.002,Low
TXP11591,38,Doctor,Delhi,974557,274384,75546,1,1,0.28154741077227907,0.07751829805747637,0.35906570882975547,1,0,4,3,0,0.04,Low
TXP11592,53,Doctor,Delhi,872600,296109,496863,0,0,0.3393410497364199,0.5694052257620903,0.9087462754985102,1,0,4,3,1,0.214,Low
TXP11593,60,Accountant,Kolkata,377892,176858,62675,2,0,0.46801202459962105,0.16585426523980396,0.6338662898394251,0,0,0,6,0,0.004,Low
TXP11594,52,Doctor,Ahmedabad,728319,428227,114184,0,1,0.5879662620362781,0.15677745603231552,0.7447437180685935,1,1,4,0,0,0.66,High
TXP11595,45,Business Owner,Mumbai,710000,391857,76109,2,0,0.5519112676056338,0.10719577464788732,0.6591070422535211,0,0,2,8,0,0.002,Low
TXP11596,27,Engineer,Kolkata,776479,236123,90691,0,0,0.30409450867312576,0.11679774984255853,0.42089225851568424,0,0,5,6,0,0.002,Low
TXP11597,43,Architect,Delhi,556604,333511,17097,2,1,0.5991890104993856,0.03071663157289563,0.6299056420722812,1,0,1,3,0,0.096,Low
TXP11598,55,Freelancer,Delhi,287137,43523,34453,1,0,0.1515757286591418,0.11998801965612234,0.27156374831526414,0,0,6,3,0,0.0,
TXP11599,59,Business Owner,Pune,1211918,196855,196865,0,0,0.16243260682653446,0.16244085820987889,0.32487346503641334,0,0,2,9,0,0.008,Low
TXP11600,27,Business Owner,Lucknow,943938,491535,116377,1,0,0.5207280562918327,0.12328881769777253,0.6440168739896053,0,0,2,7,0,0.0,
TXP11601,50,Consultant,Mumbai,1017073,935821,68911,0,0,0.9201119290355756,0.06775423199711328,0.9878661610326889,1,0,3,8,1,0.068,Low
TXP11602,40,Engineer,Kolkata,489778,86860,68646,0,0,0.17734565456186271,0.14015737742405743,0.31750303198592017,0,0,5,6,0,0.0,
TXP11603,35,Consultant,Pune,498138,127880,42375,0,1,0.25671601042281456,0.08506678872119774,0.34178279914401233,1,0,3,9,0,0.032,Low
TXP11604,45,Freelancer,Ahmedabad,200000,68349,23615,0,0,0.341745,0.118075,0.45982,0,0,6,0,0,0.0,
TXP11605,40,Freelancer,Pune,445382,213228,47995,0,0,0.4787530703979954,0.10776142726917567,0.5865144976671711,0,0,6,9,0,0.0,
TXP11606,33,Teacher,Kolkata,316284,136302,28026,1,1,0.4309481352202451,0.08861023636984482,0.5195583715900899,1,0,9,6,0,0.038,Low
TXP11607,24,Engineer,Jaipur,385664,99088,200462,0,0,0.25692831065383337,0.5197840607368072,0.7767123713906405,1,0,5,5,0,0.04,Low
TXP11608,45,Accountant,Bangalore,668922,581519,119802,5,1,0.8693375311321798,0.1790971144617758,1.0484346455939557,3,1,0,1,0,0.998,High
TXP11609,49,Freelancer,Kolkata,550086,311786,11517,0,0,0.5667950102347633,0.02093672625734885,0.5877317364921122,0,0,6,6,0,0.002,Low
TXP11610,41,Doctor,Chennai,794356,410486,149379,1,1,0.5167531937821329,0.18805044589579484,0.7048036396779278,1,0,4,2,0,0.026,Low
TXP11611,37,Freelancer,Delhi,654648,193406,73368,1,1,0.2954351040559201,0.11207244198408917,0.40750754604000927,1,0,6,3,0,0.034,Low
TXP11612,52,Engineer,Mumbai,699380,414046,102201,0,0,0.5920186450856473,0.14613085876061654,0.7381495038462639,0,0,5,8,0,0.028,Low
TXP11613,35,Engineer,Mumbai,476571,223454,82929,2,1,0.4688787190156346,0.17401184713295606,0.6428905661485906,1,0,5,8,0,0.266,Low
TXP11614,59,Engineer,Lucknow,444116,79098,46223,1,0,0.1781021174648065,0.10407866413279414,0.2821807815976006,0,0,5,7,0,0.0,
TXP11615,58,Doctor,Bangalore,963596,159785,164095,1,0,0.16582156837512815,0.17029439723701634,0.3361159656121445,0,0,4,1,0,0.0,
TXP11616,35,Teacher,Chennai,373782,408036,19426,0,1,1.0916416520859753,0.05197147000123067,1.143613122087206,2,1,9,2,0,0.926,High
TXP11617,30,Engineer,Delhi,625462,298680,30428,0,0,0.47753500612347355,0.048648838778375024,0.5261838449018486,0,0,5,3,0,0.004,Low
TXP11618,52,Pharmacist,Mumbai,415350,96644,57461,2,0,0.232680871554111,0.13834356566750933,0.3710244372216203,0,0,8,8,0,0.002,Low
TXP11619,34,Teacher,Chennai,386476,146926,68261,2,0,0.3801684968794958,0.17662416294931638,0.5567926598288121,0,0,9,2,0,0.002,Low
TXP11620,56,Engineer,Pune,486675,93425,257210,0,0,0.1919658909950172,0.5285046488929984,0.7204705398880156,1,0,5,9,0,0.022,Low
TXP11621,29,Business Owner,Lucknow,1159205,654253,157504,0,0,0.5643980141562537,0.1358724298118107,0.7002704439680644,0,0,2,7,0,0.002,Low
TXP11622,38,Architect,Kolkata,881511,268668,101010,1,0,0.30478122224226356,0.11458733923910196,0.41936856148136553,0,0,1,6,0,0.0,
TXP11623,55,Freelancer,Kolkata,350874,196019,27947,1,1,0.5586592337990276,0.07964967481204079,0.6383089086110684,1,0,6,6,0,0.038,Low
TXP11624,34,Doctor,Jaipur,485402,279200,95332,2,1,0.5751933448976312,0.19639803709090609,0.7715913819885374,1,0,4,5,0,0.064,Low
TXP11625,46,Architect,Delhi,481592,73566,37345,0,0,0.15275585973188924,0.07754489277230518,0.23030075250419443,0,0,1,3,0,0.0,
TXP11626,49,Freelancer,Chennai,599144,600997,92240,7,1,1.0030927456504612,0.15395297290801543,1.1570457185584768,3,1,6,2,0,1.0,High
TXP11627,57,Engineer,Hyderabad,638209,102812,73876,0,0,0.16109456306633094,0.11575518364673641,0.27684974671306734,0,0,5,4,0,0.006,Low
TXP11628,57,Doctor,Mumbai,774224,432722,100286,0,0,0.558910599516419,0.1295309884477877,0.6884415879642067,0,0,4,8,0,0.0,
TXP11629,52,Teacher,Ahmedabad,319454,122441,29014,0,0,0.3832821000832671,0.09082371796878423,0.4741058180520513,0,0,9,0,0,0.0,
TXP11630,27,Engineer,Ahmedabad,672803,123610,130300,2,0,0.1837239132405771,0.19366738852234608,0.3773913017629232,0,0,5,0,0,0.03,Low
TXP11631,40,Consultant,Kolkata,597161,119207,73392,1,0,0.19962288227128028,0.12290152906837519,0.3225244113396555,0,0,3,6,0,0.002,Low
TXP11632,58,Lawyer,Hyderabad,976416,314971,184349,2,0,0.32257869596565397,0.18880169927571855,0.5113803952413726,0,0,7,4,0,0.014,Low
TXP11633,36,Architect,Ahmedabad,532999,305464,11388,0,0,0.5731042647359563,0.021365893744641172,0.5944701584805975,0,0,1,0,0,0.004,Low
TXP11634,64,Teacher,Bangalore,296140,136760,36449,0,0,0.4618086040386304,0.12308029985817519,0.5848889038968056,0,0,9,1,0,0.008,Low
TXP11635,62,Engineer,Bangalore,504376,272579,75199,0,0,0.5404281726331149,0.14909313686614747,0.6895213094992625,0,0,5,1,0,0.002,Low
TXP11636,38,Engineer,Delhi,543688,171210,83790,0,0,0.3149048719118318,0.15411412427715895,0.46901899618899073,0,0,5,3,0,0.002,Low
TXP11637,52,Teacher,Hyderabad,347070,58809,63477,2,0,0.1694442043391823,0.18289394070360446,0.35233814504278677,0,0,9,4,0,0.008,Low
TXP11638,52,Freelancer,Bangalore,485318,285581,10090,0,0,0.5884409809650579,0.02079049200730243,0.6092314729723604,0,0,6,1,0,0.008,Low
TXP11639,34,Freelancer,Bangalore,200000,31545,4011,0,0,0.157725,0.020055,0.17778,0,0,6,1,1,0.112,Low
TXP11640,55,Engineer,Kolkata,478852,276031,50283,0,0,0.5764432434238553,0.10500739268082832,0.6814506361046837,0,0,5,6,0,0.0,
TXP11641,25,Engineer,Ahmedabad,541264,170987,13679,0,0,0.3159031452304236,0.025272325519524668,0.34117547074994825,0,0,5,0,0,0.002,Low
TXP11642,37,Doctor,Delhi,1101012,170151,215155,1,0,0.15454054996675787,0.19541567212709762,0.34995622209385546,0,0,4,3,0,0.0,
TXP11643,43,Business Owner,Chennai,767998,353371,46058,0,0,0.460119687811687,0.05997151034247485,0.5200911981541618,0,0,2,2,0,0.0,
TXP11644,45,Doctor,Pune,832559,492244,87485,1,0,0.5912421822357334,0.10507964000148938,0.6963218222372228,0,0,4,9,0,0.004,Low
TXP11645,34,Accountant,Mumbai,699503,408881,21687,1,1,0.5845307311047987,0.0310034410145489,0.6155341721193476,1,1,0,8,0,0.698,High
TXP11646,50,Business Owner,Mumbai,674812,573538,76907,5,1,0.8499226451219006,0.11396803850553933,0.9638906836274399,3,1,2,8,0,1.0,High
TXP11647,26,Architect,Lucknow,713036,693110,63026,0,0,0.9720547069152189,0.08839104897929417,1.060445755894513,1,0,1,7,0,0.024,Low
TXP11648,40,Lawyer,Pune,699432,282915,19611,1,1,0.4044925024877329,0.02803846549771815,0.43253096798545104,1,0,7,9,0,0.146,Low
TXP11649,67,Engineer,Pune,524304,229009,42113,1,0,0.43678667338032895,0.0803217217492142,0.5171083951295432,0,0,5,9,0,0.006,Low
TXP11650,51,Business Owner,Mumbai,878755,424208,79490,0,0,0.4827375093171589,0.09045752229005809,0.5731950316072171,0,0,2,8,0,0.002,Low
TXP11651,52,Business Owner,Mumbai,907257,697408,179805,5,1,0.7686994974962993,0.1981852992040844,0.9668847967003836,2,1,2,8,0,1.0,High
TXP11652,44,Lawyer,Chennai,1580478,919132,90750,0,0,0.5815531756848245,0.057419337694039396,0.6389725133788638,0,0,7,2,1,0.034,Low
TXP11653,39,Architect,Hyderabad,785112,343433,355516,0,0,0.43743185685609187,0.4528220177503337,0.8902538746064256,1,0,1,4,1,0.028,Low
TXP11654,60,Consultant,Hyderabad,948312,503715,187497,0,0,0.5311701212259257,0.19771657429200518,0.7288866955179308,0,0,3,4,0,0.004,Low
TXP11655,43,Engineer,Chennai,673799,264822,109535,0,0,0.39302818793141575,0.16256331635992335,0.5555915042913391,0,0,5,2,0,0.002,Low
TXP11656,29,Engineer,Ahmedabad,359061,120796,71383,0,1,0.33642194501769895,0.19880465993243487,0.5352266049501339,1,0,5,0,0,0.06,Low
TXP11657,42,Teacher,Pune,373697,220381,72606,0,0,0.5897317880528877,0.19429109679767298,0.7840228848505607,0,0,9,9,0,0.02,Low
TXP11658,28,Freelancer,Jaipur,610939,251679,66052,0,0,0.411954384971331,0.10811554017667885,0.5200699251480099,0,0,6,5,0,0.0,
TXP11659,26,Doctor,Pune,629320,339891,91470,2,0,0.5400924807728977,0.14534735905421725,0.685439839827115,0,0,4,9,0,0.01,Low
TXP11660,24,Business Owner,Lucknow,1586130,918340,63254,1,0,0.5789815462793088,0.03987945502575451,0.6188610013050633,0,0,2,7,1,0.044,Low
TXP11661,61,Business Owner,Mumbai,1481734,672573,147294,3,0,0.45390940614172315,0.09940650616102485,0.553315912302748,0,0,2,8,1,0.002,Low
TXP11662,38,Engineer,Pune,877806,348508,145385,0,0,0.3970216653793663,0.16562315591372126,0.5626448212930876,0,0,5,9,0,0.0,
TXP11663,57,Business Owner,Mumbai,1032886,156564,114609,1,0,0.15157916749767159,0.11095997041299814,0.26253913791066974,0,0,2,8,0,0.0,
TXP11664,58,Pharmacist,Pune,390238,65563,57164,0,0,0.16800772861689534,0.1464849655851045,0.3144926942019998,0,0,8,9,0,0.0,
TXP11665,48,Doctor,Lucknow,727674,174920,112232,1,0,0.24038236902788887,0.15423390144487778,0.39461627047276665,0,0,4,7,0,0.0,
TXP11666,47,Lawyer,Ahmedabad,1258892,294207,82614,0,0,0.23370312941856808,0.06562437444991309,0.29932750386848117,0,0,7,0,0,0.004,Low
TXP11667,35,Accountant,Jaipur,367159,97165,65216,0,1,0.26464011504552526,0.17762331850778545,0.4422634335533107,1,0,0,5,0,0.046,Low
TXP11668,41,Architect,Bangalore,319059,302105,32789,3,0,0.946862492517058,0.10276782664021387,1.0496303191572718,1,0,1,1,0,0.04,Low
TXP11669,38,Pharmacist,Chennai,508939,158803,29433,1,0,0.3120275710841574,0.057832078107592465,0.3698596491917499,0,0,8,2,0,0.008,Low
TXP11670,67,Accountant,Chennai,505741,171568,88896,3,0,0.3392408367128629,0.1757737656231154,0.5150146023359783,0,1,0,2,0,0.624,Medium
TXP11671,39,Freelancer,Jaipur,451159,87745,42953,0,1,0.19448797430617587,0.0952059030186697,0.2896938773248456,1,0,6,5,0,0.016,Low
TXP11672,50,Teacher,Pune,406718,68760,63064,0,1,0.16906062677334172,0.15505583721399102,0.32411646398733274,1,0,9,9,0,0.044,Low
TXP11673,31,Teacher,Bangalore,316845,143617,37592,0,0,0.45327210465685114,0.11864476321229624,0.5719168678691474,0,0,9,1,0,0.0,
TXP11674,48,Engineer,Lucknow,319049,125003,28311,1,0,0.3917987519158499,0.08873558606985134,0.4805343379857013,0,0,5,7,0,0.002,Low
TXP11675,40,Engineer,Hyderabad,906672,317212,401012,1,0,0.34986411844636206,0.4422900453526744,0.7921541637990365,1,0,5,4,1,0.042,Low
TXP11676,52,Lawyer,Pune,650692,625332,81469,3,0,0.9610261075900733,0.1252036293668894,1.0862297369569627,1,1,7,9,0,0.228,Low
TXP11677,31,Teacher,Ahmedabad,286457,149661,25867,0,0,0.5224553772468469,0.09029976575890972,0.6127551430057565,0,0,9,0,0,0.0,
TXP11678,38,Doctor,Mumbai,1020744,349565,40551,1,0,0.3424609892392216,0.03972690508099974,0.3821878943202213,0,0,4,8,0,0.0,
TXP11679,50,Architect,Delhi,588481,258051,106621,0,0,0.4385035370725648,0.18118002110518436,0.6196835581777491,0,0,1,3,0,0.0,
TXP11680,30,Engineer,Pune,590491,341957,15579,0,0,0.5791062014493024,0.026383128616693566,0.6054893300659959,0,0,5,9,0,0.0,
TXP11681,26,Engineer,Delhi,672418,354923,117924,1,0,0.5278309028015312,0.1753730566403636,0.7032039594418947,0,0,5,3,0,0.006,Low
TXP11682,52,Teacher,Pune,415014,374440,35190,1,0,0.9022346234102946,0.0847923202590756,0.9870269436693702,1,1,9,9,0,0.692,High
TXP11683,67,Freelancer,Jaipur,399980,176040,54029,0,0,0.440122006100305,0.13507925396269813,0.5752012600630031,0,0,6,5,0,0.01,Low
TXP11684,47,Doctor,Delhi,1103990,253566,205337,0,0,0.22968142827380683,0.1859953441607261,0.41567677243453294,0,0,4,3,0,0.0,
TXP11685,26,Lawyer,Pune,366050,147238,17316,0,0,0.4022346673951646,0.04730501297636935,0.44953968037153397,0,0,7,9,0,0.0,
TXP11686,43,Pharmacist,Chennai,575978,340747,70298,0,1,0.5915972485060194,0.12204980051321404,0.7136470490192334,1,0,8,2,0,0.046,Low
TXP11687,38,Engineer,Delhi,474070,181683,273469,0,0,0.3832408716012403,0.576853629210876,0.9600945008121163,1,1,5,3,0,0.642,Medium
TXP11688,48,Lawyer,Pune,1243067,705362,194372,0,0,0.5674368316430248,0.15636486207099054,0.7238016937140154,0,0,7,9,1,0.004,Low
TXP11689,53,Consultant,Hyderabad,775568,258497,88890,0,0,0.333300239308481,0.11461277412167599,0.447913013430157,0,0,3,4,0,0.0,
TXP11690,37,Doctor,Mumbai,665418,398904,88136,3,0,0.5994788238370468,0.1324520827509926,0.7319309065880394,0,0,4,8,0,0.018,Low
TXP11691,30,Teacher,Hyderabad,389770,160058,60942,3,1,0.41064730482079176,0.15635374708161223,0.567001051902404,1,1,9,4,0,0.738,High
TXP11692,40,Accountant,Bangalore,639318,108058,109569,0,0,0.16902073772363674,0.1713841937814984,0.3404049315051352,0,0,0,1,0,0.02,Low
TXP11693,67,Lawyer,Pune,1060473,439077,166628,3,0,0.41403882984290974,0.15712611259315418,0.5711649424360639,0,0,7,9,0,0.108,Low
TXP11694,43,Lawyer,Kolkata,642575,631091,53796,1,0,0.9821281562463525,0.08371941018558145,1.065847566431934,1,0,7,6,0,0.02,Low
TXP11695,59,Doctor,Ahmedabad,703196,115757,140224,0,1,0.16461555526481947,0.1994095529553638,0.3640251082201833,1,0,4,0,0,0.058,Low
TXP11696,32,Lawyer,Hyderabad,898981,466916,88289,0,0,0.5193836132243062,0.098210084529039,0.6175936977533452,0,0,7,4,0,0.022,Low
TXP11697,61,Doctor,Delhi,791748,217000,19321,2,0,0.27407710534159857,0.024402966600483994,0.2984800719420826,0,0,4,3,0,0.0,
TXP11698,45,Freelancer,Jaipur,562461,285981,47961,1,0,0.5084459189170449,0.08526991204723527,0.5937158309642802,0,0,6,5,0,0.0,
TXP11699,25,Accountant,Ahmedabad,348509,97477,172058,2,0,0.2796972244619221,0.49369743679503253,0.7733946612569547,1,0,0,0,0,0.132,Low
TXP11700,47,Accountant,Kolkata,583432,138534,24422,2,0,0.2374466947304913,0.041859205528664865,0.2793059002591562,0,0,0,6,0,0.002,Low
TXP11701,31,Architect,Lucknow,603602,355081,341277,0,0,0.5882700852548534,0.5654007110645757,1.153670796319429,1,1,1,7,1,0.692,High
TXP11702,34,Business Owner,Pune,864599,270395,25598,0,0,0.3127403570903968,0.029606788811923215,0.34234714590232,0,0,2,9,0,0.002,Low
TXP11703,36,Doctor,Jaipur,651502,274034,93772,0,0,0.42061881621238306,0.14393202169755426,0.5645508379099373,0,0,4,5,0,0.002,Low
TXP11704,40,Pharmacist,Pune,478546,203138,15944,0,0,0.42449001767855127,0.033317591203353494,0.45780760888190475,0,0,8,9,0,0.0,
TXP11705,31,Engineer,Bangalore,200000,80442,117654,0,1,0.40221,0.58827,0.99048,2,1,5,1,0,0.83,High
TXP11706,44,Engineer,Kolkata,494806,381096,18170,6,1,0.7701927624159771,0.03672146255300057,0.8069142249689777,2,1,5,6,0,0.988,High
TXP11707,41,Freelancer,Pune,318627,144496,169787,0,0,0.4534957803324891,0.5328707234477932,0.9863665037802822,1,0,6,9,0,0.03,Low
TXP11708,53,Teacher,Delhi,381966,126690,26048,0,0,0.33167873580371027,0.06819455134750213,0.3998732871512124,0,0,9,3,0,0.0,
TXP11709,41,Accountant,Bangalore,469447,252595,57714,0,1,0.5380692602146782,0.12294039582743099,0.6610096560421092,1,0,0,1,0,0.052,Low
TXP11710,54,Engineer,Chennai,567732,131417,109937,0,0,0.2314771758505774,0.19364242283330868,0.42511959868388605,0,0,5,2,0,0.004,Low
TXP11711,61,Teacher,Lucknow,442536,174760,181880,0,0,0.39490572518393985,0.41099481172153224,0.8059005369054721,1,0,9,7,0,0.08,Low
TXP11712,55,Engineer,Kolkata,749152,432820,133100,0,1,0.5777465721242151,0.17766754944256974,0.7554141215667849,1,0,5,6,0,0.18,Low
TXP11713,34,Architect,Mumbai,794363,342711,41062,1,0,0.43142870450914755,0.05169173287275465,0.48312043738190225,0,0,1,8,0,0.002,Low
TXP11714,48,Engineer,Jaipur,525019,574509,35535,3,0,1.0942632552345726,0.06768326479613118,1.1619465200307038,1,0,5,5,0,0.022,Low
TXP11715,56,Architect,Hyderabad,736885,590650,24870,8,1,0.8015497669242826,0.033750178114631185,0.8352999450389138,3,1,1,4,0,1.0,High
TXP11716,61,Teacher,Pune,335966,177294,53796,0,0,0.5277141139281951,0.16012334581475507,0.6878374597429502,0,0,9,9,0,0.0,
TXP11717,64,Consultant,Jaipur,714703,410968,23275,2,0,0.575019273740281,0.03256597495742987,0.6075852486977108,0,0,3,5,0,0.004,Low
TXP11718,31,Freelancer,Jaipur,511452,139531,61479,1,1,0.2728134800528691,0.12020482860561695,0.393018308658486,1,0,6,5,0,0.068,Low
TXP11719,34,Business Owner,Mumbai,961202,217565,62110,1,0,0.22634680327340143,0.06461701078441368,0.29096381405781513,0,0,2,8,0,0.0,
TXP11720,45,Lawyer,Mumbai,1273250,468296,81259,0,0,0.36779579815432945,0.06382014529746712,0.4316159434517966,0,0,7,8,0,0.002,Low
TXP11721,47,Engineer,Bangalore,575980,268313,114234,2,0,0.4658373554637314,0.19832980311816384,0.6641671585818952,0,0,5,1,0,0.012,Low
TXP11722,64,Engineer,Kolkata,692754,174737,108222,3,0,0.2522352812109349,0.15621995686780588,0.4084552380787408,0,0,5,6,0,0.012,Low
TXP11723,40,Consultant,Delhi,1012008,153669,172698,1,0,0.1518456375838926,0.17064884862570256,0.3224944862095952,0,0,3,3,0,0.008,Low
TXP11724,35,Consultant,Lucknow,935697,284752,115050,0,0,0.3043207363067318,0.12295646988287876,0.4272772061896105,0,0,3,7,0,0.0,
TXP11725,55,Accountant,Mumbai,409108,239731,72323,2,1,0.5859846299754587,0.17678216998934268,0.7627667999648015,1,1,0,8,0,0.738,High
TXP11726,38,Engineer,Mumbai,666734,308521,90801,2,0,0.4627347637888573,0.1361877450377512,0.5989225088266085,0,0,5,8,0,0.03,Low
TXP11727,39,Accountant,Hyderabad,635071,209952,120861,1,0,0.3305961065770599,0.19031100459633649,0.5209071111733964,0,0,0,4,0,0.0,
TXP11728,45,Business Owner,Chennai,1556745,1378037,109969,0,0,0.8852040636070776,0.0706403425095311,0.9558444061166087,1,0,2,2,1,0.044,Low
TXP11729,51,Accountant,Mumbai,438670,136093,55780,2,0,0.3102400437686644,0.1271570884719721,0.4373971322406365,0,0,0,8,0,0.0,
TXP11730,43,Freelancer,Chennai,351444,79576,50686,0,0,0.2264258317114533,0.14422212358156633,0.37064795529301964,0,0,6,2,0,0.002,Low
TXP11731,56,Pharmacist,Bangalore,599455,118594,54387,0,0,0.19783636803429783,0.09072741073141437,0.2885637787657122,0,0,8,1,0,0.0,
TXP11732,33,Engineer,Delhi,485735,461531,86629,8,1,0.9501703603816896,0.17834621758777935,1.128516577969469,3,1,5,3,0,0.994,High
TXP11733,63,Accountant,Jaipur,520030,311468,102115,0,0,0.5989423687094976,0.19636367132665422,0.7953060400361518,0,0,0,5,0,0.018,Low
TXP11734,55,Accountant,Mumbai,707587,642020,77041,8,1,0.907337189631805,0.10887848420052941,1.0162156738323345,3,1,0,8,0,0.998,High
TXP11735,56,Lawyer,Pune,888050,854255,80204,5,1,0.9619447103203649,0.09031473453071336,1.0522594448510783,3,1,7,9,0,1.0,High
TXP11736,25,Engineer,Chennai,490983,146499,51528,0,0,0.2983789662778548,0.10494864384306585,0.40332761012092067,0,0,5,2,0,0.0,
TXP11737,56,Doctor,Hyderabad,624476,223404,349136,1,0,0.3577463345268673,0.5590863379857672,0.9168326725126346,1,0,4,4,1,0.14,Low
TXP11738,56,Architect,Lucknow,703235,170302,95769,3,0,0.24216940283120153,0.13618349484880587,0.3783528976800074,0,0,1,7,0,0.012,Low
TXP11739,64,Accountant,Hyderabad,416685,366486,11691,0,0,0.8795277007811656,0.028057165484718673,0.9075848662658843,1,0,0,4,0,0.054,Low
TXP11740,36,Teacher,Mumbai,335159,80569,39411,1,0,0.24039038187845171,0.11758896523739479,0.3579793471158465,0,0,9,8,0,0.0,
TXP11741,53,Architect,Kolkata,703316,350544,330529,0,0,0.49841607470895016,0.4699580274016232,0.9683741021105733,1,0,1,6,0,0.052,Low
TXP11742,56,Freelancer,Jaipur,644872,303515,103267,0,0,0.47065929362726244,0.1601356548276247,0.6307949484548871,0,0,6,5,0,0.01,Low
TXP11743,36,Engineer,Delhi,700132,305067,55377,0,0,0.43572783417984035,0.07909508492684236,0.5148229191066828,0,0,5,3,0,0.0,
TXP11744,49,Teacher,Pune,307156,99594,32239,0,0,0.32424566018570367,0.10495969474794567,0.42920535493364936,0,0,9,9,0,0.01,Low
TXP11745,45,Accountant,Kolkata,667841,619600,109367,0,0,0.9277657406478488,0.16376203317855598,1.0915277738264049,1,0,0,6,0,0.024,Low
TXP11746,62,Freelancer,Hyderabad,405072,237489,11488,3,0,0.5862883635501837,0.02836039025160959,0.6146487538017933,0,0,6,4,0,0.006,Low
TXP11747,25,Freelancer,Chennai,264644,60375,12845,1,0,0.2281366666162845,0.04853690240473995,0.27667356902102447,0,0,6,2,0,0.006,Low
TXP11748,61,Business Owner,Chennai,1131183,283198,628482,1,0,0.2503556011715169,0.5555971049777092,0.8059527061492261,1,1,2,2,1,0.694,High
TXP11749,62,Lawyer,Kolkata,1259542,486855,77318,0,1,0.3865333589511108,0.061385805316535695,0.4479191642676465,1,0,7,6,0,0.06,Low
TXP11750,49,Consultant,Chennai,779743,148979,63020,1,0,0.19106167031957966,0.0808215014434243,0.271883171763004,0,0,3,2,0,0.01,Low
TXP11751,38,Doctor,Hyderabad,802504,277988,160237,0,0,0.34640076560366057,0.19967127889705222,0.5460720445007128,0,0,4,4,0,0.006,Low
TXP11752,57,Engineer,Kolkata,845581,348215,142543,0,1,0.41180561058018095,0.16857403371173194,0.5803796442919129,1,0,5,6,0,0.124,Low
TXP11753,65,Lawyer,Hyderabad,542161,208695,97102,0,1,0.38493178225656216,0.1791017797296375,0.5640335619861997,1,1,7,4,0,0.734,High
TXP11754,67,Doctor,Pune,542880,162271,102425,0,1,0.2989076775714707,0.1886696875921014,0.4875773651635721,1,1,4,9,0,0.75,High
TXP11755,63,Engineer,Jaipur,357623,425924,29099,0,0,1.1909860383700153,0.08136780911742254,1.2723538474874379,1,0,5,5,0,0.174,Low
TXP11756,34,Consultant,Lucknow,817076,475097,60033,1,1,0.5814599865863151,0.0734729694667326,0.6549329560530477,1,0,3,7,0,0.126,Low
TXP11757,26,Pharmacist,Pune,516649,125394,230162,2,0,0.2427063635079135,0.4454900715959965,0.68819643510391,1,0,8,9,0,0.014,Low
TXP11758,29,Lawyer,Pune,1285684,571710,217821,0,0,0.44467380787191874,0.16942032412319047,0.6140941319951092,0,0,7,9,1,0.0,
TXP11759,32,Engineer,Chennai,636521,107908,90589,0,0,0.16952779248445848,0.1423189494140806,0.3118467418985391,0,0,5,2,0,0.014,Low
TXP11760,29,Engineer,Mumbai,539376,97026,33716,0,1,0.17988564563495596,0.06250926997122601,0.24239491560618195,1,0,5,8,0,0.006,Low
TXP11761,32,Engineer,Ahmedabad,600269,239100,52738,3,0,0.3983214192303784,0.0878572773206679,0.4861786965510463,0,0,5,0,0,0.0,
TXP11762,62,Doctor,Chennai,823541,162420,91584,2,0,0.1972215105258876,0.11120757800765232,0.3084290885335399,0,0,4,2,0,0.0,
TXP11763,54,Architect,Mumbai,382518,61224,44014,1,0,0.16005521308801154,0.11506386627557395,0.2751190793635855,0,0,1,8,0,0.002,Low
TXP11764,55,Engineer,Hyderabad,1006549,228668,181149,3,0,0.2271801968905637,0.17997037402053948,0.4071505709111032,0,0,5,4,0,0.002,Low
TXP11765,64,Accountant,Ahmedabad,601987,243312,53276,0,1,0.40418148564670003,0.08850025000539878,0.4926817356520988,1,0,0,0,0,0.228,Low
TXP11766,35,Doctor,Chennai,842001,392796,154536,3,0,0.4665030089037899,0.18353422383108808,0.650037232734878,0,0,4,2,0,0.0,
TXP11767,31,Consultant,Ahmedabad,860729,207534,85596,0,0,0.24111421829635113,0.0994459347831896,0.34056015307954074,0,0,3,0,0,0.002,Low
TXP11768,31,Freelancer,Ahmedabad,556411,250783,85880,0,0,0.4507153884448726,0.15434633750950286,0.6050617259543755,0,0,6,0,0,0.004,Low
TXP11769,51,Pharmacist,Bangalore,485944,112794,91088,1,0,0.2321131653029979,0.18744546696738718,0.4195586322703851,0,0,8,1,0,0.006,Low
TXP11770,43,Freelancer,Jaipur,355313,151383,65151,0,0,0.42605533712529514,0.18336227495194377,0.609417612077239,0,0,6,5,0,0.0,
TXP11771,30,Lawyer,Bangalore,1049862,914153,31759,1,0,0.8707363443957397,0.03025064246539069,0.9009869868611303,1,0,7,1,1,0.012,Low
TXP11772,34,Engineer,Mumbai,657856,292226,37515,0,0,0.4442096750656679,0.057026157700165385,0.5012358327658333,0,0,5,8,0,0.0,
TXP11773,43,Business Owner,Delhi,876043,523675,92722,1,0,0.5977731686686613,0.10584183653085522,0.7036150051995165,0,0,2,3,0,0.024,Low
TXP11774,39,Accountant,Kolkata,691903,395780,67584,0,0,0.5720165977022791,0.09767843180330191,0.669695029505581,0,0,0,6,0,0.002,Low
TXP11775,27,Teacher,Lucknow,367601,362087,49758,0,0,0.985000040805112,0.13535871774015848,1.1203587585452706,1,0,9,7,0,0.024,Low
TXP11776,29,Doctor,Delhi,945963,518810,179778,2,0,0.5484463980092245,0.19004760228465595,0.7384940002938805,0,0,4,3,0,0.002,Low
TXP11777,45,Doctor,Kolkata,1078384,194023,43386,2,1,0.17992013976468493,0.04023242184602145,0.2201525616107064,1,1,4,6,0,0.638,Medium
TXP11778,49,Teacher,Mumbai,351313,203364,35600,3,0,0.5788684164833069,0.10133413793397911,0.680202554417286,0,0,9,8,0,0.0,
TXP11779,26,Teacher,Mumbai,369017,396671,20160,1,0,1.074939636927296,0.054631629437126204,1.1295712663644222,1,0,9,8,0,0.024,Low
TXP11780,64,Freelancer,Hyderabad,571504,183976,103407,1,0,0.3219155071530558,0.1809383661356701,0.5028538732887259,0,0,6,4,0,0.006,Low
TXP11781,65,Engineer,Lucknow,491270,93949,95121,1,0,0.19123699798481486,0.19362265149510452,0.3848596494799194,0,0,5,7,0,0.008,Low
TXP11782,37,Teacher,Jaipur,353243,70833,37502,0,1,0.20052202025234753,0.10616487800182876,0.3066868982541763,1,0,9,5,0,0.03,Low
TXP11783,34,Engineer,Ahmedabad,618832,471680,23962,5,1,0.7622100990252605,0.038721333092018514,0.800931432117279,2,1,5,0,0,0.954,High
TXP11784,41,Doctor,Bangalore,608788,350022,98229,0,0,0.5749489148931977,0.16135173492250177,0.7363006498156994,0,0,4,1,0,0.002,Low
TXP11785,35,Accountant,Bangalore,781763,332121,113735,2,0,0.4248359157442857,0.1454852685532572,0.5703211842975429,0,0,0,1,0,0.004,Low
TXP11786,46,Engineer,Mumbai,388905,183614,32606,0,0,0.47213072601277944,0.08384052660675487,0.5559712526195343,0,0,5,8,0,0.0,
TXP11787,35,Engineer,Bangalore,405284,199758,72843,3,0,0.49288400232923085,0.17973322410951334,0.6726172264387442,0,0,5,1,0,0.0,
TXP11788,36,Lawyer,Mumbai,1228556,329580,240366,1,0,0.26826615962153944,0.19564920117601478,0.4639153607975542,0,0,7,8,1,0.014,Low
TXP11789,48,Engineer,Ahmedabad,706989,120437,85131,1,0,0.17035201396344216,0.1204134717796175,0.29076548574305966,0,0,5,0,0,0.002,Low
TXP11790,42,Doctor,Mumbai,594807,89722,72465,0,1,0.1508422059592439,0.12182943374909845,0.27267163970834235,1,0,4,8,0,0.144,Low
TXP11791,59,Doctor,Hyderabad,921457,283617,67775,0,0,0.3077918991336546,0.07355199428730803,0.3813438934209627,0,0,4,4,0,0.0,
TXP11792,31,Engineer,Jaipur,820177,212146,389909,3,1,0.25865880169768235,0.4753961644864462,0.7340549661841286,2,1,5,5,1,0.902,High
TXP11793,52,Doctor,Pune,793947,141356,78708,0,0,0.17804211112328658,0.0991350808051419,0.2771771919284285,0,0,4,9,0,0.004,Low
TXP11794,55,Business Owner,Chennai,2239529,516855,166608,0,0,0.23078736645071352,0.07439421414056259,0.3051815805912761,0,0,2,2,1,0.002,Low
TXP11795,67,Lawyer,Jaipur,468984,96622,211472,0,0,0.20602408610954745,0.45091516981389557,0.656939255923443,1,0,7,5,0,0.024,Low
TXP11796,41,Engineer,Jaipur,704073,395474,46107,0,0,0.561694597009117,0.06548610726444559,0.6271807042735625,0,0,5,5,0,0.0,
TXP11797,29,Lawyer,Delhi,1191632,253960,66271,0,0,0.21311948655289553,0.05561364582354284,0.26873313237643837,0,0,7,3,0,0.016,Low
TXP11798,41,Business Owner,Lucknow,1556537,610071,182998,1,0,0.3919412130903409,0.11756739480012361,0.5095086078904645,0,0,2,7,1,0.002,Low
TXP11799,42,Consultant,Lucknow,713215,297337,312541,0,0,0.41689672819556517,0.4382142832105326,0.8551110114060977,1,0,3,7,0,0.08,Low
TXP11800,45,Freelancer,Kolkata,406433,160366,52650,1,0,0.3945693386117761,0.12954164647063598,0.5241109850824122,0,0,6,6,0,0.0,
TXP11801,60,Freelancer,Chennai,516621,100521,46430,0,0,0.19457397202204324,0.08987245969482464,0.2844464317168679,0,1,6,2,0,0.04,Low
TXP11802,55,Teacher,Ahmedabad,398945,117074,168801,2,0,0.29345899810750853,0.42311847497775384,0.7165774730852624,1,0,9,0,0,0.042,Low
TXP11803,64,Business Owner,Pune,1440989,249394,245202,2,1,0.17307141137094037,0.1701622982548791,0.3432337096258195,1,0,2,9,1,0.084,Low
TXP11804,26,Teacher,Pune,412403,135289,43600,0,0,0.32805047489955214,0.10572183034556004,0.4337723052451122,0,0,9,9,0,0.002,Low
TXP11805,51,Engineer,Lucknow,447169,105026,88449,0,0,0.23486869617527154,0.1977977006456172,0.43266639682088875,0,0,5,7,0,0.006,Low
TXP11806,33,Engineer,Jaipur,565834,589142,56091,0,0,1.0411922931460464,0.09912978011218838,1.1403220732582346,1,0,5,5,0,0.006,Low
TXP11807,58,Lawyer,Hyderabad,664996,307071,91054,2,0,0.46176367978153254,0.13692413187447744,0.5986878116560099,0,1,7,4,0,0.632,Medium
TXP11808,52,Architect,Kolkata,588221,229084,17096,1,0,0.3894522636900077,0.029063906252921948,0.4185161699429296,0,0,1,6,0,0.0,
TXP11809,38,Teacher,Mumbai,410913,141932,56542,2,0,0.3454064485669716,0.137600903354238,0.4830073519212096,0,0,9,8,0,0.002,Low
TXP11810,56,Freelancer,Kolkata,466197,151187,166468,0,0,0.324298526159542,0.35707651486388803,0.68137504102343,1,0,6,6,0,0.016,Low
TXP11811,30,Lawyer,Delhi,1551714,820486,294270,0,0,0.528761099016958,0.1896419056604503,0.7184030046774084,0,0,7,3,1,0.012,Low
TXP11812,35,Accountant,Kolkata,569340,141603,113593,0,0,0.24871430076931184,0.1995169845786349,0.44823128534794676,0,0,0,6,0,0.0,
TXP11813,53,Engineer,Jaipur,608953,292539,43109,0,0,0.48039668086042764,0.07079199872568162,0.5511886795861093,0,0,5,5,0,0.0,
TXP11814,44,Engineer,Ahmedabad,615927,302338,76108,1,0,0.49086661243946117,0.12356659149542072,0.6144332039348819,0,0,5,0,0,0.008,Low
TXP11815,54,Consultant,Jaipur,635194,215102,64236,0,0,0.3386398486131796,0.10112815927102586,0.43976800788420545,0,0,3,5,0,0.0,
TXP11816,47,Business Owner,Lucknow,1176865,333976,142973,1,1,0.2837844612593628,0.12148632171064651,0.4052707829700093,1,0,2,7,0,0.078,Low
TXP11817,43,Lawyer,Ahmedabad,1181947,427561,57137,1,0,0.36174295463332956,0.04834142309257522,0.4100843777259048,0,0,7,0,0,0.002,Low
TXP11818,60,Consultant,Bangalore,770514,147897,134151,2,1,0.19194589585653213,0.1741058566100032,0.3660517524665353,1,0,3,1,0,0.024,Low
TXP11819,27,Engineer,Ahmedabad,480981,82088,88366,0,0,0.17066786421916874,0.1837203548580921,0.35438821907726087,0,0,5,0,0,0.118,Low
TXP11820,51,Pharmacist,Kolkata,407491,368599,41131,8,1,0.9045574012677581,0.1009371986129755,1.0054945998807336,3,1,8,6,0,1.0,High
TXP11821,67,Lawyer,Kolkata,787449,184432,55497,3,0,0.23421453325866184,0.0704769451735922,0.304691478432254,0,0,7,6,0,0.018,Low
TXP11822,43,Lawyer,Kolkata,918465,346150,41652,2,1,0.376878814108322,0.04534957782822426,0.4222283919365463,1,0,7,6,0,0.012,Low
TXP11823,47,Lawyer,Bangalore,1198396,637680,171463,1,0,0.532111255378022,0.1430770796965277,0.6751883350745497,0,0,7,1,0,0.01,Low
TXP11824,55,Engineer,Lucknow,398926,445758,30398,2,0,1.1173952061284549,0.07619959591503186,1.1935948020434868,1,1,5,7,0,0.686,High
TXP11825,64,Engineer,Mumbai,552026,315109,101416,1,0,0.5708227511023032,0.1837159843920395,0.7545387354943427,0,0,5,8,0,0.008,Low
TXP11826,59,Business Owner,Chennai,1257724,1504695,177065,0,1,1.1963634310866296,0.1407820793751252,1.3371455104617547,2,1,2,2,1,0.974,High
TXP11827,57,Consultant,Lucknow,419932,244193,57204,1,0,0.5815060533610203,0.13622205499938086,0.7177281083604012,0,0,3,7,0,0.002,Low
TXP11828,59,Freelancer,Kolkata,324960,171222,39220,1,0,0.5269017725258494,0.12069177744953224,0.6475935499753815,0,0,6,6,0,0.0,
TXP11829,25,Engineer,Lucknow,498016,156238,14063,3,0,0.31372084431022296,0.028238048576752554,0.3419588928869755,0,0,5,7,0,0.0,
TXP11830,38,Teacher,Delhi,302241,296485,56744,8,1,0.9809555950383965,0.18774421736296532,1.168699812401362,3,1,9,3,0,0.994,High
TXP11831,57,Engineer,Pune,628783,255266,83646,0,0,0.4059683547424151,0.13302840566618374,0.5389967604085988,0,0,5,9,0,0.002,Low
TXP11832,59,Doctor,Pune,767888,308235,152756,1,0,0.40140619465338695,0.19893005229929364,0.6003362469526806,0,0,4,9,0,0.0,
TXP11833,29,Business Owner,Chennai,977885,520713,114142,3,0,0.5324889941046238,0.11672333658865817,0.6492123306932819,0,0,2,2,0,0.006,Low
TXP11834,62,Teacher,Chennai,375677,224728,55532,0,0,0.5981947257883767,0.14781847171905654,0.7460131975074332,0,0,9,2,0,0.006,Low
TXP11835,65,Doctor,Mumbai,1144614,433431,34473,0,0,0.37867001452017884,0.03011757675513317,0.408787591275312,0,0,4,8,0,0.01,Low
TXP11836,35,Doctor,Delhi,1127851,344380,150807,1,0,0.3053417517030175,0.133711811223291,0.43905356292630854,0,0,4,3,0,0.0,
TXP11837,26,Pharmacist,Jaipur,307722,71901,48508,0,0,0.2336557022247353,0.15763578814644386,0.39129149037117916,0,0,8,5,0,0.0,
TXP11838,41,Doctor,Lucknow,915414,139289,146587,0,0,0.15215956933147187,0.16013191845438238,0.31229148778585425,0,0,4,7,0,0.0,
TXP11839,63,Accountant,Ahmedabad,532197,201756,84417,0,0,0.3791002204071049,0.15861983438463576,0.5377200547917407,0,0,0,0,0,0.004,Low
TXP11840,44,Teacher,Ahmedabad,359309,403311,21821,2,0,1.1224628383925812,0.06073045762839228,1.1831932960209737,1,0,9,0,0,0.074,Low
TXP11841,38,Engineer,Jaipur,540257,281594,105658,0,0,0.5212223071612214,0.1955698861837977,0.7167921933450191,0,0,5,5,0,0.008,Low
TXP11842,56,Engineer,Pune,617638,546349,122991,0,0,0.8845780214300286,0.19913120630531153,1.0837092277353402,1,0,5,9,0,0.108,Low
TXP11843,58,Lawyer,Jaipur,937851,863100,31518,1,0,0.9202954413867448,0.03360661768233973,0.9539020590690845,1,0,7,5,0,0.036,Low
TXP11844,49,Freelancer,Lucknow,363157,157115,68477,3,0,0.43263657316257154,0.18856031964136724,0.6211968928039387,0,0,6,7,0,0.0,
TXP11845,31,Teacher,Delhi,296217,156447,21357,3,0,0.5281499711360252,0.0720991705405159,0.6002491416765412,0,0,9,3,0,0.004,Low
TXP11846,59,Business Owner,Kolkata,1020521,221183,391484,0,0,0.21673537340240917,0.3836119001960763,0.6003472735984855,1,0,2,6,1,0.024,Low
TXP11847,53,Pharmacist,Bangalore,523425,279980,42324,3,0,0.534899937908965,0.0808597220232125,0.6157596599321775,0,0,8,1,0,0.0,
TXP11848,46,Freelancer,Kolkata,539849,244991,104836,0,0,0.453813936860122,0.19419504342881064,0.6480089802889326,0,0,6,6,0,0.004,Low
TXP11849,65,Accountant,Bangalore,635334,143969,24314,1,0,0.22660364469711994,0.038269634554423344,0.2648732792515433,0,0,0,1,0,0.008,Low
TXP11850,67,Accountant,Ahmedabad,500580,117833,54860,1,0,0.23539294418474568,0.10959287226816893,0.3449858164529146,0,0,0,0,0,0.012,Low
TXP11851,37,Business Owner,Chennai,1313537,744677,127476,0,0,0.5669250276162757,0.09704789434937881,0.6639729219656546,0,0,2,2,0,0.0,
TXP11852,37,Business Owner,Lucknow,1585001,260727,625997,1,1,0.16449642618522006,0.39495053946338204,0.5594469656486021,2,1,2,7,1,0.854,High
TXP11853,25,Teacher,Kolkata,419935,150395,57193,0,1,0.35813875956993346,0.13619488730398752,0.49433364687392095,1,0,9,6,0,0.084,Low
TXP11854,60,Business Owner,Jaipur,1176466,342426,51282,2,0,0.2910632351466171,0.043589870000493004,0.33465310514711005,0,0,2,5,0,0.002,Low
TXP11855,28,Doctor,Delhi,755813,339575,112615,0,0,0.44928441294341326,0.14899849565964068,0.5982829086030539,0,0,4,3,0,0.006,Low
TXP11856,61,Accountant,Delhi,569112,300396,111834,1,0,0.5278328343102939,0.1965061358748366,0.7243389701851305,0,0,0,3,0,0.01,Low
TXP11857,64,Engineer,Pune,427543,133466,70467,0,1,0.3121697700582164,0.16481850948325666,0.47698827954147305,1,1,5,9,0,0.69,High
TXP11858,37,Engineer,Delhi,570958,195328,99805,0,0,0.3421057240637665,0.17480270002346932,0.5169084240872358,0,0,5,3,0,0.002,Low
TXP11859,62,Doctor,Delhi,948917,561628,80406,3,0,0.5918620912050263,0.08473449205778798,0.6765965832628144,0,0,4,3,0,0.01,Low
TXP11860,48,Business Owner,Chennai,1456778,732413,114327,1,0,0.5027622602757592,0.0784793564976956,0.5812416167734549,0,0,2,2,1,0.0,
TXP11861,43,Teacher,Jaipur,333783,184829,37740,3,0,0.5537400047336144,0.11306747198029858,0.6668074767139129,0,0,9,5,0,0.002,Low
TXP11862,25,Engineer,Ahmedabad,632657,600830,17860,6,1,0.9496931196525131,0.028230146825214925,0.9779232664777281,3,1,5,0,0,0.978,High
TXP11863,62,Teacher,Delhi,300520,76733,57148,0,0,0.25533408758152537,0.19016371622520964,0.445497803806735,0,0,9,3,0,0.0,
TXP11864,29,Teacher,Ahmedabad,392209,361923,17995,6,1,0.9227809662705343,0.04588115010109406,0.9686621163716284,3,1,9,0,0,0.992,High
TXP11865,40,Engineer,Chennai,588326,277831,107394,0,0,0.4722398806104099,0.18254165207724968,0.6547815326876596,0,0,5,2,0,0.0,
TXP11866,48,Business Owner,Delhi,1089619,217099,38185,0,0,0.19924303816288078,0.0350443595421886,0.2342873977050694,0,0,2,3,0,0.002,Low
TXP11867,51,Freelancer,Lucknow,395741,107527,66513,1,0,0.271710537952853,0.1680720471217286,0.4397825850745816,0,0,6,7,0,0.0,
TXP11868,25,Freelancer,Pune,440565,75330,20862,0,0,0.1709849851894726,0.04735283102379899,0.21833781621327158,0,0,6,9,0,0.004,Low
TXP11869,58,Business Owner,Kolkata,1020848,351739,27423,0,0,0.34455570270990393,0.026862960989295175,0.37141866369919907,0,0,2,6,0,0.0,
TXP11870,60,Teacher,Lucknow,389488,203449,58231,0,0,0.5223498541675224,0.14950653165180955,0.671856385819332,0,0,9,7,0,0.0,
TXP11871,28,Doctor,Hyderabad,720943,116142,265300,1,1,0.16109734056645256,0.36799025720479983,0.5290875977712524,2,1,4,4,0,0.82,High
TXP11872,24,Lawyer,Mumbai,1298241,589265,192930,1,0,0.4538949239779055,0.14860877140684972,0.6025036953847552,0,0,7,8,0,0.03,Low
TXP11873,63,Doctor,Delhi,1093042,622622,131072,0,0,0.5696231251864063,0.11991487975759395,0.6895380049440003,0,0,4,3,0,0.006,Low
TXP11874,35,Pharmacist,Ahmedabad,410845,105430,187586,1,1,0.2566174591390914,0.45658581703562173,0.7132032761747131,2,1,8,0,0,0.848,High
TXP11875,59,Engineer,Mumbai,610455,282113,114633,0,1,0.46213562015218157,0.1877828832592083,0.6499185034113899,1,0,5,8,0,0.276,Low
TXP11876,46,Engineer,Bangalore,502401,295811,50951,2,0,0.5887946082909867,0.10141500514529231,0.690209613436279,0,0,5,1,0,0.002,Low
TXP11877,54,Architect,Delhi,597736,348495,90975,3,0,0.5830249474684476,0.1521992986870458,0.7352242461554934,0,0,1,3,0,0.022,Low
TXP11878,34,Pharmacist,Hyderabad,700242,179064,77155,1,0,0.25571730915883367,0.11018333661791209,0.36590064577674575,0,0,8,4,0,0.0,
TXP11879,33,Freelancer,Chennai,403864,447448,52011,0,0,1.1079175167878295,0.12878345185507992,1.2367009686429096,1,0,6,2,0,0.114,Low
TXP11880,26,Doctor,Pune,872045,976643,64966,1,1,1.1199456450068517,0.07449844904792757,1.1944440940547794,2,1,4,9,1,0.976,High
TXP11881,37,Doctor,Hyderabad,908264,423174,50921,1,0,0.46591519646270246,0.056064095901632124,0.5219792923643346,0,0,4,4,0,0.002,Low
TXP11882,39,Accountant,Ahmedabad,449937,214436,52940,3,0,0.47659116720785355,0.11766091697282063,0.5942520841806742,0,0,0,0,0,0.004,Low
TXP11883,33,Engineer,Chennai,471735,213887,191604,3,0,0.45340498373027227,0.4061687176062832,0.8595737013365555,1,0,5,2,0,0.124,Low
TXP11884,52,Doctor,Kolkata,558795,168328,50414,2,0,0.3012339050993656,0.09021913223990909,0.39145303733927467,0,0,4,6,0,0.0,
TXP11885,33,Teacher,Chennai,296841,352804,41873,0,0,1.1885285388473965,0.14106205005373246,1.3295905889011288,1,0,9,2,0,0.088,Low
TXP11886,35,Pharmacist,Delhi,214996,88436,31022,3,1,0.4113378853560066,0.14429105657779678,0.5556289419338034,1,0,8,3,0,0.08,Low
TXP11887,53,Lawyer,Mumbai,1036145,380945,29287,1,0,0.3676560713027617,0.028265348961776585,0.39592142026453825,0,0,7,8,0,0.0,
TXP11888,64,Business Owner,Mumbai,2021677,966311,163703,2,1,0.47797496830601527,0.08097386476672584,0.5589488330727411,1,0,2,8,1,0.134,Low
TXP11889,24,Business Owner,Ahmedabad,1259128,438947,118506,0,0,0.3486118964870927,0.09411751624934081,0.44272941273643346,0,0,2,0,0,0.026,Low
TXP11890,28,Engineer,Chennai,387559,117193,14510,0,0,0.3023875074504785,0.037439460830480005,0.3398269682809585,0,0,5,2,0,0.0,
TXP11891,43,Business Owner,Hyderabad,942889,822893,58894,0,0,0.8727358151383673,0.06246122290110501,0.9351970380394723,1,0,2,4,0,0.026,Low
TXP11892,31,Engineer,Ahmedabad,531168,130222,15560,0,0,0.24516160612085067,0.02929393336948009,0.27445553949033075,0,0,5,0,0,0.004,Low
TXP11893,66,Engineer,Pune,447362,378769,89169,8,1,0.8466722698843442,0.19932180203057032,1.0459940719149146,3,1,5,9,0,0.992,High
TXP11894,35,Freelancer,Ahmedabad,579027,111563,88348,2,0,0.19267322594628575,0.15258010420930285,0.3452533301555886,0,1,6,0,0,0.67,High
TXP11895,24,Engineer,Ahmedabad,721539,738857,25788,0,0,1.0240014746257653,0.03574027183561803,1.0597417464613832,1,0,5,0,0,0.016,Low
TXP11896,43,Pharmacist,Kolkata,384454,325557,9090,5,1,0.8468035187564702,0.02364392098924709,0.8704474397457173,3,1,8,6,0,0.99,High
TXP11897,51,Engineer,Lucknow,708762,165769,105939,0,0,0.23388528166013414,0.14947048515580688,0.383355766815941,0,0,5,7,0,0.0,
TXP11898,66,Business Owner,Delhi,1810725,880096,179360,0,0,0.48604619696530393,0.09905424622733988,0.5851004431926439,0,0,2,3,1,0.008,Low
TXP11899,60,Accountant,Kolkata,740255,219456,119642,3,0,0.2964600036473918,0.16162268407508223,0.458082687722474,0,0,0,6,0,0.002,Low
TXP11900,60,Engineer,Mumbai,1029781,464129,191771,0,0,0.4507065094422989,0.1862250323126956,0.6369315417549946,0,0,5,8,0,0.002,Low
TXP11901,35,Doctor,Mumbai,619601,292822,79230,0,0,0.4725976878668692,0.12787261479565076,0.6004703026625199,0,0,4,8,0,0.0,
TXP11902,60,Business Owner,Bangalore,2329688,958744,125056,2,0,0.4115332181820055,0.053679290960849696,0.46521250914285517,0,0,2,1,1,0.014,Low
TXP11903,67,Consultant,Bangalore,686242,781091,110344,2,0,1.1382150903034207,0.16079458849793513,1.2990096788013559,1,0,3,1,0,0.068,Low
TXP11904,51,Consultant,Hyderabad,643356,102710,123554,0,0,0.15964722486461616,0.1920460833504312,0.35169330821504735,0,0,3,4,0,0.004,Low
TXP11905,38,Teacher,Mumbai,369624,178304,45996,1,0,0.48239291820877434,0.1244399714304266,0.6068328896392009,0,0,9,8,0,0.0,
TXP11906,29,Freelancer,Lucknow,362690,210887,51777,1,0,0.5814524800794066,0.14275827841958696,0.7242107584989936,0,0,6,7,0,0.0,
TXP11907,67,Business Owner,Kolkata,1359617,731504,109782,1,0,0.5380221047545007,0.08074479798354978,0.6187669027380505,0,0,2,6,0,0.008,Low
TXP11908,43,Freelancer,Pune,251988,56836,22345,0,1,0.22555042303601758,0.08867485753289839,0.31422528056891597,1,0,6,9,0,0.144,Low
TXP11909,37,Teacher,Lucknow,335674,99718,51102,3,0,0.297067988584162,0.15223699184327652,0.44930498042743855,0,0,9,7,0,0.004,Low
TXP11910,25,Business Owner,Bangalore,1714232,390164,320559,0,0,0.22760279822101093,0.18699860928975776,0.4146014075107687,0,0,2,1,1,0.014,Low
TXP11911,32,Consultant,Chennai,739728,311121,98545,0,1,0.42058837843099084,0.13321788549304608,0.553806263924037,1,0,3,2,0,0.036,Low
TXP11912,60,Accountant,Lucknow,564159,265428,91491,0,1,0.4704843847213286,0.1621723663009896,0.6326567510223182,1,0,0,7,0,0.07,Low
TXP11913,43,Consultant,Lucknow,835546,244550,42524,0,0,0.2926828684476977,0.05089366713502309,0.3435765355827208,0,0,3,7,0,0.0,
TXP11914,49,Business Owner,Lucknow,1668264,655257,97013,3,0,0.3927777617930975,0.05815206705893072,0.4509298288520282,0,0,2,7,1,0.002,Low
TXP11915,52,Engineer,Lucknow,351716,162110,40716,1,1,0.4609116446223658,0.11576385492840814,0.5766754995507739,1,1,5,7,0,0.07,Low
TXP11916,24,Doctor,Lucknow,916904,311383,47477,0,0,0.3396026192491253,0.05177968467800337,0.3913823039271287,0,0,4,7,0,0.01,Low
TXP11917,58,Accountant,Bangalore,523186,279541,70263,0,0,0.5343051992981463,0.13429831838007897,0.6686035176782253,0,0,0,1,0,0.002,Low
TXP11918,29,Teacher,Mumbai,359998,178990,26098,0,0,0.4971972066511481,0.07249484719359552,0.5696920538447435,0,0,9,8,0,0.0,
TXP11919,60,Consultant,Ahmedabad,940791,168495,152855,3,0,0.17909928985290038,0.16247498115947112,0.3415742710123715,0,0,3,0,0,0.018,Low
TXP11920,28,Engineer,Lucknow,420872,180767,69637,1,1,0.4295058830238172,0.16545885684958847,0.5949647398734057,1,0,5,7,0,0.068,Low
TXP11921,56,Consultant,Lucknow,567724,463325,58749,5,1,0.8161095884619991,0.10348162135121997,0.9195912098132191,3,1,3,7,0,0.996,High
TXP11922,37,Consultant,Delhi,401622,161003,21103,1,0,0.40088192379899507,0.052544432326914366,0.4534263561259094,0,0,3,3,0,0.0,
TXP11923,35,Engineer,Mumbai,517626,492091,70614,1,0,0.9506690158531449,0.13641895886219008,1.087087974715335,1,0,5,8,0,0.05,Low
TXP11924,65,Consultant,Ahmedabad,989477,539836,530826,1,0,0.5455771079065,0.5364712873568562,1.0820483952633564,1,0,3,0,1,0.158,Low
TXP11925,43,Pharmacist,Pune,487941,162012,64440,0,0,0.33203194648533324,0.13206514722066806,0.46409709370600133,0,0,8,9,0,0.002,Low
TXP11926,47,Freelancer,Pune,248981,70008,6582,2,1,0.28117808186166815,0.026435752125664208,0.3076138339873324,1,0,6,9,0,0.166,Low
TXP11927,66,Freelancer,Chennai,377148,96354,8716,1,0,0.2554806070826307,0.02311029092027533,0.27859089800290604,0,0,6,2,0,0.006,Low
TXP11928,57,Pharmacist,Jaipur,351213,136843,27277,1,0,0.38962965493874085,0.07766512059633328,0.46729477553507415,0,0,8,5,0,0.0,
TXP11929,48,Business Owner,Kolkata,749925,690891,41426,3,0,0.9212801280128012,0.05524019068573524,0.9765203186985365,1,0,2,6,0,0.036,Low
TXP11930,52,Lawyer,Delhi,997204,1150194,165884,2,0,1.1534189594105118,0.16634911211748046,1.3197680715279922,1,0,7,3,1,0.06,Low
TXP11931,62,Consultant,Mumbai,538702,81128,92691,2,0,0.15059903248920553,0.17206358988828704,0.32266262237749255,0,0,3,8,0,0.014,Low
TXP11932,54,Business Owner,Mumbai,1645053,486495,109480,3,0,0.2957321131902741,0.06655104729148544,0.36228316048175957,0,0,2,8,1,0.002,Low
TXP11933,66,Business Owner,Jaipur,1171551,291681,525543,0,0,0.24896995521321735,0.44858738544032656,0.6975573406535439,1,0,2,5,1,0.12,Low
TXP11934,46,Engineer,Chennai,612839,359766,38317,0,0,0.5870481480454084,0.06252376235846609,0.6495719104038744,0,0,5,2,0,0.004,Low
TXP11935,67,Freelancer,Hyderabad,408244,194838,74916,1,0,0.4772586982294902,0.1835079021369573,0.6607666003664475,0,0,6,4,0,0.02,Low
TXP11936,61,Doctor,Bangalore,954569,293381,105457,0,0,0.3073439426589382,0.11047603682918679,0.417819979488125,0,0,4,1,0,0.0,
TXP11937,43,Architect,Chennai,775305,148688,107073,2,0,0.19178000915768634,0.13810435892971154,0.32988436808739785,0,0,1,2,0,0.004,Low
TXP11938,46,Lawyer,Ahmedabad,983763,376348,93247,1,0,0.38255962055901677,0.09478604094685407,0.4773456615058708,0,0,7,0,0,0.004,Low
TXP11939,39,Engineer,Chennai,684718,168475,91466,1,0,0.24605019876795994,0.13358200018109645,0.3796321989490564,0,0,5,2,0,0.002,Low
TXP11940,65,Accountant,Jaipur,528791,206965,47302,3,0,0.39139281871287523,0.0894531109644453,0.48084592967732054,0,0,0,5,0,0.01,Low
TXP11941,31,Doctor,Jaipur,908440,477760,73712,0,0,0.525912553388226,0.08114129716877284,0.6070538505569988,0,0,4,5,0,0.002,Low
TXP11942,44,Business Owner,Kolkata,1064848,454803,142909,1,0,0.42710602827821437,0.13420600874491007,0.5613120370231244,0,0,2,6,0,0.002,Low
TXP11943,24,Architect,Delhi,650357,283038,82199,1,0,0.43520404946821517,0.12639058240320317,0.5615946318714183,0,0,1,3,0,0.044,Low
TXP11944,31,Consultant,Lucknow,700564,275646,51025,0,0,0.39346298125510304,0.07283417360869243,0.46629715486379547,0,0,3,7,0,0.0,
TXP11945,52,Engineer,Pune,531417,301456,24914,0,0,0.5672682657875078,0.04688220361787448,0.6141504694053822,0,0,5,9,0,0.0,
TXP11946,55,Engineer,Jaipur,496633,282761,42881,2,1,0.5693560435975862,0.08634343670275636,0.6556994803003425,1,0,5,5,0,0.01,Low
TXP11947,61,Consultant,Kolkata,834184,317595,79026,1,0,0.38072535555704734,0.09473449502747595,0.47545985058452334,0,0,3,6,0,0.0,
TXP11948,28,Architect,Bangalore,859696,247241,114479,2,0,0.28759119502707936,0.1331621875639761,0.42075338259105544,0,0,1,1,0,0.0,
TXP11949,45,Teacher,Pune,420266,495940,77587,1,0,1.1800621511138183,0.18461403016184988,1.3646761812756683,1,0,9,9,0,0.086,Low
TXP11950,57,Teacher,Hyderabad,274606,218168,7280,5,1,0.7944764498954866,0.026510709889805757,0.8209871597852924,2,1,9,4,0,0.962,High
TXP11951,24,Lawyer,Mumbai,1222300,533356,78054,0,0,0.43635441381003026,0.06385829992636832,0.5002127137363986,0,0,7,8,0,0.024,Low
TXP11952,49,Architect,Bangalore,599094,594023,32871,8,1,0.9915355520168788,0.054867850454185824,1.0464034024710647,3,1,1,1,0,0.984,High
TXP11953,66,Business Owner,Hyderabad,1440293,282996,159027,3,0,0.19648502075619337,0.11041295069822599,0.3068979714544193,0,0,2,4,0,0.052,Low
TXP11954,33,Lawyer,Pune,673446,160914,65557,0,0,0.23894120686736575,0.09734559266815751,0.33628679953552326,0,0,7,9,0,0.0,
TXP11955,53,Lawyer,Bangalore,935494,342235,141471,3,0,0.36583345269985695,0.1512259832772845,0.5170594359771414,0,0,7,1,0,0.02,Low
TXP11956,41,Architect,Kolkata,700195,384697,44556,3,0,0.549414091788716,0.06363370204014596,0.613047793828862,0,0,1,6,0,0.0,
TXP11957,40,Doctor,Hyderabad,503079,203684,206533,3,0,0.4048747810979985,0.4105379075652134,0.8154126886632119,1,1,4,4,0,0.662,High
TXP11958,49,Lawyer,Mumbai,1052066,1093316,188419,0,0,1.0392085667629216,0.17909427735522296,1.2183028441181447,1,0,7,8,1,0.078,Low
TXP11959,31,Teacher,Lucknow,430756,130330,79225,3,1,0.30256107866170173,0.18392082756827532,0.48648190622997706,1,0,9,7,0,0.084,Low
TXP11960,63,Engineer,Kolkata,573802,233614,110503,0,0,0.40713347112767123,0.1925803674438221,0.5997138385714933,0,0,5,6,0,0.004,Low
TXP11961,35,Doctor,Ahmedabad,1072033,376627,170653,0,0,0.35132034181783584,0.15918633101779517,0.510506672835631,0,0,4,0,0,0.0,
TXP11962,50,Consultant,Mumbai,715855,790313,131057,0,0,1.1040126841329598,0.1830775785599039,1.2870902626928638,1,1,3,8,0,0.622,Medium
TXP11963,31,Architect,Delhi,785933,135777,48897,3,0,0.17275900108533424,0.06221522699772118,0.23497422808305543,0,0,1,3,0,0.01,Low
TXP11964,48,Consultant,Chennai,350657,130439,19484,0,0,0.3719845889287823,0.05556426935723513,0.4275488582860174,0,0,3,2,0,0.0,
TXP11965,27,Architect,Delhi,1037004,293676,21951,1,0,0.28319659326289964,0.02116771005704896,0.3043643033199486,0,0,1,3,0,0.018,Low
TXP11966,56,Teacher,Jaipur,439727,130503,64741,0,0,0.29678186693107317,0.14722998587760133,0.44401185280867445,0,0,9,5,0,0.0,
TXP11967,24,Consultant,Lucknow,698767,406970,131888,0,1,0.5824115907019078,0.18874388744746104,0.7711554781493688,1,0,3,7,0,0.08,Low
TXP11968,42,Accountant,Ahmedabad,352791,81922,18926,0,0,0.23221113917305147,0.05364649324954435,0.2858576324225958,0,0,0,0,0,0.0,
TXP11969,54,Business Owner,Ahmedabad,1315211,381490,177092,2,0,0.2900599219440835,0.1346491171378585,0.42470903908194196,0,0,2,0,0,0.004,Low
TXP11970,39,Pharmacist,Chennai,355607,134935,54892,1,0,0.3794497858591085,0.1543614158326467,0.5338112016917552,0,0,8,2,0,0.0,
TXP11971,37,Engineer,Hyderabad,666728,358941,124658,2,0,0.5383619706986957,0.18696979877851239,0.7253317694772081,0,0,5,4,0,0.012,Low
TXP11972,28,Accountant,Chennai,591156,199516,80654,1,1,0.3375014378607339,0.13643437603610553,0.4739358138968394,1,0,0,2,0,0.264,Low
TXP11973,64,Teacher,Jaipur,293515,142278,57133,3,1,0.4847384290411052,0.1946510399809209,0.6793894690220261,1,0,9,5,0,0.064,Low
TXP11974,49,Engineer,Delhi,768145,411240,63019,1,1,0.5353676714682775,0.08204050016598428,0.6174081716342618,1,1,5,3,0,0.028,Low
TXP11975,51,Doctor,Ahmedabad,961114,278249,79760,1,0,0.28950675986407437,0.082987033796199,0.3724937936602734,0,0,4,0,0,0.0,
TXP11976,25,Consultant,Delhi,925648,302443,108987,1,1,0.3267365132318117,0.11774130122897689,0.44447781446078855,1,1,3,3,0,0.664,High
TXP11977,29,Pharmacist,Mumbai,500885,155499,44593,0,1,0.3104485061441249,0.08902841969713607,0.399476925841261,1,0,8,8,0,0.018,Low
TXP11978,32,Accountant,Lucknow,408447,214346,146204,2,0,0.5247828971690329,0.3579509703829383,0.8827338675519713,1,1,0,7,0,0.674,High
TXP11979,56,Doctor,Bangalore,995574,169203,151047,1,0,0.16995522181173875,0.15171850610803417,0.3216737279197729,0,0,4,1,0,0.0,
TXP11980,64,Doctor,Jaipur,745925,215415,115848,2,0,0.2887890873747361,0.1553078392599792,0.4440969266347153,0,0,4,5,0,0.002,Low
TXP11981,48,Architect,Bangalore,427635,194887,66050,2,0,0.4557321079892899,0.15445414898219276,0.6101862569714827,0,0,1,1,0,0.002,Low
TXP11982,36,Teacher,Jaipur,431122,174367,35396,0,0,0.4044493206099434,0.08210204999976804,0.48655137060971143,0,0,9,5,0,0.0,
TXP11983,32,Lawyer,Pune,1424851,1455166,162450,1,0,1.0212759088494165,0.11401192124650227,1.1352878300959188,1,0,7,9,1,0.08,Low
TXP11984,36,Teacher,Lucknow,347525,136569,29468,0,0,0.3929760448888569,0.08479389971944465,0.4777699446083016,0,0,9,7,0,0.0,
TXP11985,54,Lawyer,Mumbai,1439780,343982,32951,1,0,0.23891288946922445,0.02288613538179444,0.2617990248510189,0,0,7,8,0,0.012,Low
TXP11986,64,Teacher,Lucknow,355478,338534,43098,1,0,0.9523346029852762,0.12123957038128942,1.0735741733665656,1,0,9,7,0,0.246,Low
TXP11987,34,Consultant,Hyderabad,681517,256091,28812,3,0,0.37576612175484986,0.0422762748398059,0.41804239659465575,0,0,3,4,0,0.0,
TXP11988,27,Business Owner,Jaipur,947816,526545,32611,0,0,0.5555350405563949,0.034406467077998264,0.5899415076343931,0,0,2,5,0,0.004,Low
TXP11989,57,Business Owner,Bangalore,1854832,495937,289334,0,1,0.26737569763730623,0.1559893294918354,0.4233650271291416,1,0,2,1,1,0.076,Low
TXP11990,61,Accountant,Jaipur,471985,255118,10247,0,1,0.5405214148754728,0.021710435712999354,0.5622318505884721,1,0,0,5,0,0.062,Low
TXP11991,27,Freelancer,Hyderabad,560290,246476,107923,0,1,0.43990790483499614,0.19261989326955684,0.632527798104553,1,0,6,4,0,0.094,Low
TXP11992,61,Business Owner,Jaipur,976334,155386,110077,2,0,0.15915250313929455,0.11274522857956396,0.2718977317188585,0,0,2,5,0,0.0,
TXP11993,42,Engineer,Lucknow,530953,252778,104567,2,0,0.4760835704855232,0.1969421022199705,0.6730256727054937,0,0,5,7,0,0.004,Low
TXP11994,29,Teacher,Kolkata,411814,68360,12535,1,0,0.16599727061246097,0.03043849893398476,0.19643576954644573,0,0,9,6,0,0.002,Low
TXP11995,57,Engineer,Jaipur,542994,325156,67893,2,0,0.5988206131191136,0.1250345307682958,0.7238551438874095,0,0,5,5,0,0.006,Low
TXP11996,41,Consultant,Pune,677136,367472,56120,0,1,0.5426856643274025,0.08287847640651214,0.6255641407339146,1,0,3,9,0,0.022,Low
TXP11997,36,Accountant,Pune,663280,188241,113969,0,0,0.2838032203594259,0.17182637800024123,0.4556295983596671,0,0,0,9,0,0.002,Low
TXP11998,64,Pharmacist,Ahmedabad,659739,175381,56091,0,0,0.2658339131080624,0.08501998517595595,0.35085389828401836,0,0,8,0,0,0.0,
TXP11999,46,Doctor,Pune,928937,298791,62134,2,0,0.3216482926183369,0.06688720548325666,0.38853549810159355,0,0,4,9,0,0.002,Low
TXP12000,42,Freelancer,Jaipur,351784,109149,61336,1,1,0.3102727810247197,0.17435699179041686,0.4846297728151366,1,0,6,5,0,0.054,Low
TXP12001,34,Business Owner,Jaipur,995756,316204,87066,1,0,0.3175516893696849,0.08743708298016784,0.40498877234985275,0,0,2,5,0,0.0,
TXP12002,24,Freelancer,Kolkata,461987,135465,10639,0,0,0.2932225365648817,0.023028786524296137,0.31625132308917786,0,0,6,6,0,0.008,Low
TXP12003,47,Lawyer,Pune,980232,421019,88467,0,0,0.4295095446792188,0.090251083416987,0.5197606280962058,0,0,7,9,0,0.0,
TXP12004,30,Teacher,Delhi,290728,65099,40066,3,0,0.2239172009575961,0.1378126633829559,0.361729864340552,0,0,9,3,0,0.002,Low
TXP12005,48,Freelancer,Jaipur,558455,296367,36737,0,0,0.5306909240672928,0.06578327707693547,0.5964742011442282,0,0,6,5,0,0.004,Low
TXP12006,44,Engineer,Mumbai,612826,315961,59908,1,1,0.5155802789046157,0.09775694895451564,0.6133372278591313,1,0,5,8,0,0.032,Low
TXP12007,38,Engineer,Mumbai,342643,124865,10350,0,0,0.3644171922379853,0.030206366393009634,0.39462355863099496,0,0,5,8,0,0.0,
TXP12008,24,Teacher,Bangalore,294264,293918,37035,6,1,0.9988241850855014,0.1258563738683631,1.1246805589538647,3,1,9,1,0,0.998,High
TXP12009,35,Teacher,Kolkata,319752,83524,49923,1,1,0.2612149415797243,0.15613037604143212,0.4173453176211564,1,1,9,6,0,0.672,High
TXP12010,30,Lawyer,Hyderabad,881785,672788,83237,7,1,0.7629841741467591,0.09439602624222458,0.8573802003889837,2,1,7,4,0,0.998,High
TXP12011,38,Lawyer,Delhi,1372319,588235,131251,1,1,0.42864304873721054,0.09564175676355133,0.5242848055007618,1,0,7,3,0,0.086,Low
TXP12012,44,Engineer,Jaipur,635725,226355,22816,1,1,0.35605804396555113,0.03588973219552479,0.39194777616107596,1,0,5,5,0,0.026,Low
TXP12013,42,Freelancer,Lucknow,323884,131245,18250,1,0,0.4052222400612565,0.05634733423077398,0.4615695742920305,0,0,6,7,0,0.0,
TXP12014,52,Business Owner,Chennai,1288252,1092810,61631,8,1,0.8482889993572686,0.04784079512393538,0.896129794481204,3,1,2,2,1,0.962,High
TXP12015,48,Consultant,Chennai,686624,402681,73265,1,0,0.5864650813254416,0.10670323204548632,0.6931683133709279,0,0,3,2,0,0.008,Low
TXP12016,56,Pharmacist,Hyderabad,532475,231894,61376,0,1,0.4355021362505282,0.11526550542278981,0.550767641673318,1,0,8,4,0,0.036,Low
TXP12017,55,Teacher,Ahmedabad,384834,190040,73429,1,1,0.49382331083012415,0.19080694533227313,0.6846302561623973,1,0,9,0,0,0.048,Low
TXP12018,58,Doctor,Lucknow,1041846,195568,34570,1,0,0.18771296333623202,0.03318148747511628,0.22089445081134831,0,0,4,7,0,0.002,Low
TXP12019,67,Doctor,Chennai,795142,176777,101759,0,0,0.22232129607038742,0.12797588355287484,0.35029717962326223,0,0,4,2,0,0.002,Low
TXP12020,61,Lawyer,Hyderabad,1309740,628599,150318,2,0,0.47994182051399514,0.11476934353383114,0.5947111640478263,0,0,7,4,0,0.032,Low
TXP12021,49,Architect,Chennai,795283,273668,89804,1,1,0.34411398206676114,0.11292080932196463,0.45703479138872577,1,1,1,2,0,0.63,Medium
TXP12022,34,Teacher,Kolkata,307553,107854,54488,2,0,0.3506842723042858,0.1771662120024841,0.5278504843067698,0,0,9,6,0,0.0,
TXP12023,58,Engineer,Bangalore,931478,269079,53091,2,0,0.28887316716014766,0.05699651521560359,0.3458696823757512,0,0,5,1,0,0.006,Low
TXP12024,31,Accountant,Ahmedabad,582699,246662,15930,0,0,0.4233094616603083,0.027338299876951907,0.4506477615372602,0,0,0,0,0,0.004,Low
TXP12025,37,Business Owner,Kolkata,865950,962684,122106,1,0,1.1117085282060166,0.14100814134765285,1.2527166695536693,1,0,2,6,1,0.038,Low
TXP12026,33,Business Owner,Lucknow,1861165,804232,152854,0,1,0.43211214481252336,0.08212812942431219,0.5142402742368355,1,0,2,7,1,0.316,Low
TXP12027,25,Engineer,Hyderabad,911666,208050,21119,0,0,0.22820857638652753,0.023165282022144074,0.2513738584086716,0,0,5,4,0,0.002,Low
TXP12028,32,Pharmacist,Delhi,496697,439657,32408,2,0,0.8851613760501875,0.06524702182618378,0.9504083978763713,1,0,8,3,0,0.03,Low
TXP12029,26,Teacher,Lucknow,319780,95505,24200,2,0,0.29865845268622176,0.07567702795672024,0.37433548064294203,0,0,9,7,0,0.002,Low
TXP12030,44,Engineer,Lucknow,574143,145839,75230,0,0,0.25401163124866105,0.13103007438913303,0.38504170563779405,0,0,5,7,0,0.0,
TXP12031,49,Architect,Pune,764357,420431,39032,1,0,0.5500453322204153,0.05106514364361156,0.6011104758640269,0,0,1,9,0,0.008,Low
TXP12032,31,Doctor,Delhi,1055571,184438,99592,3,0,0.174728180292941,0.09434893531557802,0.269077115608519,0,0,4,3,0,0.002,Low
TXP12033,25,Architect,Mumbai,741277,170105,79202,1,0,0.2294756211240872,0.10684534930936748,0.3363209704334547,0,0,1,8,0,0.0,
TXP12034,29,Pharmacist,Pune,510172,202499,52375,2,1,0.39692299851814683,0.10266145535231255,0.49958445387045936,1,0,8,9,0,0.032,Low
TXP12035,51,Freelancer,Hyderabad,674701,247264,131775,1,0,0.36647937382633194,0.19530873675894952,0.5617881105852814,0,0,6,4,0,0.012,Low
TXP12036,52,Freelancer,Mumbai,403074,68777,11362,0,1,0.1706311992338876,0.0281883723584255,0.19881957159231306,1,0,6,8,0,0.106,Low
TXP12037,49,Lawyer,Chennai,1157729,177437,221328,0,0,0.1532629829606065,0.19117427308117876,0.34443725604178527,0,0,7,2,0,0.008,Low
TXP12038,48,Pharmacist,Chennai,471193,280185,58780,1,0,0.5946289524674603,0.12474718427480884,0.7193761367422691,0,0,8,2,0,0.01,Low
TXP12039,35,Teacher,Lucknow,375861,167812,61352,0,0,0.44647356336518024,0.16323055597681058,0.6097041193419908,0,0,9,7,0,0.0,
TXP12040,28,Freelancer,Pune,432965,136138,195343,1,0,0.3144318824847274,0.4511750372431952,0.7656069197279226,1,0,6,9,0,0.024,Low
TXP12041,57,Architect,Jaipur,641063,231868,65190,1,0,0.361693000531929,0.10169047347920564,0.4633834740111346,0,0,1,5,0,0.0,
TXP12042,60,Pharmacist,Delhi,462261,124786,82411,1,0,0.2699470645371338,0.17827807234441148,0.44822513688154525,0,0,8,3,0,0.0,
TXP12043,38,Consultant,Mumbai,992073,302773,546103,0,0,0.3051922590373894,0.5504665483286009,0.8556588073659902,1,1,3,8,1,0.22,Low
TXP12044,67,Lawyer,Delhi,716768,316861,45130,0,0,0.44206912138934773,0.06296319032099647,0.5050323117103442,0,0,7,3,0,0.004,Low
TXP12045,59,Pharmacist,Pune,425976,372899,23796,0,0,0.8753990835164422,0.055862302101526845,0.9312613856179691,1,0,8,9,0,0.054,Low
TXP12046,38,Business Owner,Lucknow,2048397,476986,223935,1,0,0.2328581812998164,0.10932206989172509,0.3421802511915415,0,0,2,7,1,0.008,Low
TXP12047,66,Architect,Kolkata,806455,425939,146815,0,0,0.5281621417190048,0.18204983539069136,0.7102119771096962,0,0,1,6,0,0.002,Low
TXP12048,46,Business Owner,Chennai,245954,242828,19190,6,1,0.9872903063174415,0.07802271969555283,1.0653130260129944,3,1,2,2,0,0.998,High
TXP12049,29,Lawyer,Mumbai,758685,187202,104214,0,0,0.2467453554505493,0.1373613555032721,0.38410671095382143,0,0,7,8,0,0.0,
TXP12050,67,Accountant,Mumbai,368801,61489,54386,1,1,0.16672677134823388,0.14746706218258626,0.31419383353082014,1,0,0,8,0,0.132,Low
TXP12051,66,Teacher,Hyderabad,292958,62507,46920,0,0,0.2133650557417787,0.16015947678506817,0.37352453252684686,0,0,9,4,0,0.0,
TXP12052,44,Freelancer,Mumbai,200000,205299,24301,1,1,1.026495,0.121505,1.148,2,1,6,8,0,0.966,High
TXP12053,46,Lawyer,Pune,865752,308854,80031,0,0,0.3567465047727294,0.09244102237130264,0.449187527144032,0,0,7,9,0,0.002,Low
TXP12054,66,Teacher,Mumbai,281483,52060,54625,0,1,0.18494900224880365,0.19406145308952938,0.37901045533833305,1,0,9,8,0,0.096,Low
TXP12055,39,Lawyer,Mumbai,914976,532403,118983,2,0,0.581876464519288,0.1300394764452838,0.7119159409645718,0,0,7,8,0,0.044,Low
TXP12056,38,Consultant,Delhi,457478,249575,69144,0,0,0.5455453595582739,0.15114169424540633,0.6966870538036801,0,0,3,3,0,0.0,
TXP12057,48,Teacher,Lucknow,354974,173797,29142,1,0,0.489604872469533,0.08209615352110296,0.5717010259906359,0,0,9,7,0,0.004,Low
TXP12058,59,Doctor,Bangalore,717016,408744,100805,3,0,0.5700625927454896,0.14058961027368985,0.7106522030191795,0,0,4,1,0,0.014,Low
TXP12059,34,Engineer,Mumbai,825292,205545,407064,1,1,0.2490573033544491,0.4932363333220242,0.7422936366764733,2,1,5,8,1,0.966,High
TXP12060,38,Doctor,Jaipur,1082271,855974,69392,7,1,0.7909054201766471,0.06411702799021687,0.8550224481668639,2,1,4,5,1,0.996,High
TXP12061,27,Teacher,Lucknow,397120,182872,59031,0,0,0.4604955680902498,0.14864776390008058,0.6091433319903303,0,0,9,7,0,0.0,
TXP12062,44,Engineer,Ahmedabad,551007,298310,62732,0,0,0.5413905812448844,0.11384973330647342,0.6552403145513578,0,0,5,0,0,0.04,Low
TXP12063,36,Engineer,Hyderabad,897807,456633,128377,0,0,0.5086093113553358,0.14298952892993705,0.6515988402852729,0,0,5,4,0,0.0,
TXP12064,45,Pharmacist,Delhi,344696,105450,23611,0,0,0.3059217397358832,0.06849803885162578,0.37441977858750897,0,0,8,3,0,0.0,
TXP12065,42,Consultant,Hyderabad,497359,247923,63547,0,0,0.49847896589787255,0.12776887519880006,0.6262478410966726,0,0,3,4,0,0.006,Low
TXP12066,57,Accountant,Kolkata,541621,145211,54112,0,0,0.26810444942127426,0.09990749989383721,0.3680119493151115,0,0,0,6,0,0.0,
TXP12067,37,Pharmacist,Mumbai,725403,216073,92454,1,0,0.29786615164260416,0.12745191293667107,0.42531806457927523,0,0,8,8,0,0.002,Low
TXP12068,27,Doctor,Chennai,759532,150810,54958,3,0,0.19855647951633373,0.07235771501398229,0.270914194530316,0,0,4,2,0,0.006,Low
TXP12069,50,Business Owner,Jaipur,1126701,643103,649737,0,0,0.5707840855737236,0.576672071827397,1.1474561574011206,1,0,2,5,1,0.246,Low
TXP12070,52,Business Owner,Delhi,623235,175098,102875,0,0,0.28095020337432913,0.16506614679855913,0.4460163501728882,0,0,2,3,0,0.0,
TXP12071,51,Accountant,Hyderabad,644592,247703,43049,0,0,0.3842787375580212,0.06678488097897585,0.45106361853699706,0,0,0,4,0,0.0,
TXP12072,58,Accountant,Mumbai,645317,210437,47825,0,0,0.32609864609176575,0.07411086334313213,0.4002095094348979,0,0,0,8,0,0.0,
TXP12073,31,Accountant,Chennai,628907,366003,87422,1,1,0.58196680908306,0.1390062441664666,0.7209730532495265,1,0,0,2,0,0.262,Low
TXP12074,39,Accountant,Chennai,487077,146499,70726,0,0,0.3007717465616319,0.14520496759239299,0.44597671415402496,0,0,0,2,0,0.0,
TXP12075,65,Freelancer,Kolkata,343993,172115,50476,0,1,0.5003444837540298,0.14673554403723332,0.6470800277912632,1,0,6,6,0,0.082,Low
TXP12076,59,Engineer,Lucknow,406031,217201,58016,1,0,0.5349369875699146,0.1428856417367147,0.6778226293066293,0,0,5,7,0,0.0,
TXP12077,53,Engineer,Jaipur,612580,211966,55564,2,1,0.34602174409873,0.09070488752489471,0.4367266316236247,1,0,5,5,0,0.008,Low
TXP12078,41,Engineer,Bangalore,437938,140217,39884,1,0,0.3201754586265636,0.09107225223661797,0.41124771086318157,0,0,5,1,0,0.002,Low
TXP12079,25,Engineer,Jaipur,423387,205971,27887,1,0,0.4864839969106279,0.06586645315042738,0.5523504500610552,0,0,5,5,0,0.01,Low
TXP12080,36,Teacher,Kolkata,324578,182024,15654,0,0,0.5608020260153184,0.04822877705821097,0.6090308030735293,0,0,9,6,0,0.002,Low
TXP12081,27,Engineer,Pune,526626,257898,76183,0,0,0.4897175604698591,0.14466243596024503,0.6343799964301041,0,0,5,9,0,0.006,Low
TXP12082,49,Consultant,Lucknow,653163,164732,24019,0,1,0.25220657018232817,0.03677336285123315,0.2889799330335613,1,0,3,7,0,0.034,Low
TXP12083,48,Lawyer,Delhi,1016611,558870,191938,0,0,0.549738297146106,0.18880181308288027,0.7385401102289864,0,0,7,3,0,0.006,Low
TXP12084,53,Engineer,Lucknow,611857,198493,103283,3,0,0.3244107691829954,0.1688025143129849,0.49321328349598026,0,0,5,7,0,0.0,
TXP12085,34,Business Owner,Kolkata,1084737,443986,606179,1,0,0.40930290014999027,0.5588257798895032,0.9681286800394935,1,0,2,6,1,0.096,Low
TXP12086,30,Doctor,Kolkata,836602,438501,346319,0,1,0.5241452925046797,0.41395908687763117,0.9381043793823108,2,1,4,6,1,0.938,High
TXP12087,54,Business Owner,Delhi,803389,188617,75156,0,0,0.23477667730078455,0.09354870430140318,0.3283253816021877,0,0,2,3,0,0.0,
TXP12088,67,Business Owner,Delhi,1242111,624818,515002,0,0,0.5030291173655173,0.4146183392627551,0.9176474566282724,1,0,2,3,1,0.092,Low
TXP12089,33,Engineer,Delhi,622590,260412,30165,1,0,0.4182720570519925,0.048450826386546526,0.466722883438539,0,0,5,3,0,0.0,
TXP12090,62,Doctor,Lucknow,499390,485283,11933,6,1,0.9717515368749875,0.023895152085544363,0.9956466889605319,3,1,4,7,0,0.996,High
TXP12091,36,Accountant,Mumbai,649569,147703,104762,0,1,0.2273861591301309,0.16127924823998682,0.38866540737011773,1,0,0,8,0,0.076,Low
TXP12092,54,Doctor,Hyderabad,623713,645820,20871,5,1,1.0354441866691892,0.03346250599233942,1.0689066926615287,3,1,4,4,0,1.0,High
TXP12093,30,Engineer,Ahmedabad,613546,321976,121441,0,0,0.5247789081829235,0.1979329993187145,0.722711907501638,0,0,5,0,0,0.128,Low
TXP12094,65,Engineer,Delhi,774661,122903,109586,0,0,0.15865391442192134,0.14146316905072026,0.3001170834726416,0,0,5,3,0,0.0,
TXP12095,65,Lawyer,Hyderabad,1131419,226838,176072,0,1,0.2004898273760649,0.15562050840581607,0.356110335781881,1,0,7,4,0,0.082,Low
TXP12096,59,Teacher,Ahmedabad,352060,209741,22617,0,0,0.5957535647332841,0.06424189058683179,0.6599954553201159,0,0,9,0,0,0.008,Low
TXP12097,43,Business Owner,Lucknow,1055000,291367,149067,0,1,0.2761772511848341,0.14129573459715639,0.41747298578199055,1,0,2,7,0,0.052,Low
TXP12098,27,Business Owner,Hyderabad,1579004,930024,43864,0,0,0.5889940747458524,0.027779536973940536,0.616773611719793,0,0,2,4,1,0.052,Low
TXP12099,30,Engineer,Delhi,701204,162776,119771,1,0,0.23213786572809053,0.1708076394316062,0.40294550515969674,0,0,5,3,0,0.0,
TXP12100,24,Engineer,Bangalore,507245,158510,25632,1,0,0.31249199104969,0.05053179430058453,0.3630237853502745,0,0,5,1,0,0.012,Low
TXP12101,67,Consultant,Kolkata,606919,296656,331881,1,0,0.48879010213883567,0.5468291485354718,1.0356192506743074,1,0,3,6,0,0.076,Low
TXP12102,65,Teacher,Hyderabad,225658,197917,13631,5,1,0.8770661797942019,0.06040556949011336,0.9374717492843152,3,1,9,4,0,0.994,High
TXP12103,36,Consultant,Chennai,777725,320037,25137,0,0,0.4115040663473593,0.0323211932238259,0.4438252595711852,0,0,3,2,0,0.0,
TXP12104,45,Accountant,Chennai,541730,210437,57785,2,0,0.3884536577261736,0.10666752810440626,0.4951211858305798,0,0,0,2,0,0.004,Low
TXP12105,44,Business Owner,Hyderabad,1654476,876124,984824,0,1,0.5295477238714856,0.5952482840488469,1.1247960079203325,2,1,2,4,1,0.962,High
TXP12106,45,Teacher,Delhi,371543,95013,56214,0,0,0.25572544766016314,0.15129877295494734,0.4070242206151105,0,0,9,3,0,0.0,
TXP12107,51,Lawyer,Jaipur,1233557,430649,77420,0,0,0.3491115530129536,0.06276159107361881,0.4118731440865724,0,0,7,5,0,0.0,
TXP12108,32,Teacher,Delhi,308158,67780,25159,0,0,0.21995210249287703,0.08164318304246523,0.30159528553534226,0,0,9,3,0,0.0,
TXP12109,49,Teacher,Lucknow,418289,500971,51089,3,0,1.1976671631336229,0.12213804331455047,1.3198052064481733,1,0,9,7,0,0.276,Low
TXP12110,32,Engineer,Delhi,520662,136801,37120,0,1,0.26274435238215965,0.07129385282582558,0.3340382052079852,1,0,5,3,0,0.004,Low
TXP12111,38,Lawyer,Lucknow,1094399,328570,96348,0,0,0.30022871000430373,0.08803736114524958,0.3882660711495533,0,0,7,7,0,0.004,Low
TXP12112,33,Freelancer,Jaipur,231186,83703,38564,0,0,0.3620591212270639,0.16680940887423978,0.5288685301013037,0,0,6,5,0,0.0,
TXP12113,47,Architect,Bangalore,687621,111426,35933,0,0,0.16204566178170823,0.052256984588894176,0.21430264637060242,0,0,1,1,0,0.004,Low
TXP12114,65,Lawyer,Lucknow,403828,363375,14051,0,0,0.899826163614212,0.034794516477312125,0.9346206800915241,1,0,7,7,0,0.05,Low
TXP12115,31,Lawyer,Pune,833215,382169,65910,0,0,0.4586679308461802,0.07910323265903758,0.5377711635052177,0,0,7,9,0,0.006,Low
TXP12116,47,Engineer,Chennai,666053,228480,64199,0,0,0.3430357644211497,0.0963872244400971,0.43942298886124675,0,0,5,2,0,0.0,
TXP12117,39,Business Owner,Kolkata,991612,534633,440551,2,0,0.5391554357954522,0.44427760051310394,0.9834330363085562,1,0,2,6,1,0.04,Low
TXP12118,49,Lawyer,Chennai,637390,294858,55476,0,0,0.4626021744928537,0.08703619448061627,0.54963836897347,0,0,7,2,0,0.0,
TXP12119,50,Pharmacist,Lucknow,584611,486703,94814,6,1,0.8325245334076847,0.16218305847820175,0.9947075918858865,3,1,8,7,0,0.998,High
TXP12120,60,Lawyer,Pune,874134,373710,23669,1,0,0.4275202657716094,0.027077084291424428,0.4545973500630338,0,0,7,9,0,0.0,
TXP12121,27,Accountant,Mumbai,501042,96288,48960,3,0,0.19217550624498544,0.09771635910761972,0.2898918653526052,0,0,0,8,0,0.012,Low
TXP12122,47,Business Owner,Bangalore,1216758,1108448,108055,6,1,0.9109847644313824,0.08880566225987419,0.9997904266912566,3,1,2,1,1,0.972,High
TXP12123,42,Consultant,Bangalore,1224600,730080,167236,0,0,0.5961783439490446,0.13656377592683325,0.7327421198758778,0,0,3,1,0,0.068,Low
TXP12124,59,Teacher,Mumbai,419210,163089,81297,3,1,0.3890389065146347,0.19392905703585314,0.5829679635504879,1,0,9,8,0,0.116,Low
TXP12125,62,Accountant,Kolkata,666257,304646,74532,0,0,0.4572499801127793,0.11186674211302845,0.5691167222258078,0,0,0,6,0,0.0,
TXP12126,33,Pharmacist,Jaipur,543554,139579,107426,1,0,0.2567895738049945,0.19763629740559355,0.4544258712105881,0,0,8,5,0,0.008,Low
TXP12127,48,Doctor,Ahmedabad,833297,289086,62001,0,1,0.3469183256389979,0.07440444403375987,0.4213227696727577,1,0,4,0,0,0.018,Low
TXP12128,41,Architect,Pune,266626,142709,6813,3,0,0.5352403741570589,0.025552646778633743,0.5607930209356927,0,0,1,9,0,0.022,Low
TXP12129,42,Engineer,Lucknow,498152,112253,24817,3,0,0.2253388523984647,0.049818127800350095,0.2751569801988148,0,0,5,7,0,0.006,Low
TXP12130,59,Freelancer,Ahmedabad,377913,101844,34436,2,1,0.26949059704217637,0.09112150150960671,0.36061209855178306,1,0,6,0,0,0.04,Low
TXP12131,33,Business Owner,Kolkata,450043,157715,34626,0,0,0.3504442908788716,0.07693931468770762,0.42738360556657917,0,0,2,6,0,0.0,
TXP12132,56,Lawyer,Jaipur,610646,287316,22880,0,0,0.47051155661381555,0.03746851694762596,0.5079800735614415,0,0,7,5,0,0.0,
TXP12133,28,Consultant,Bangalore,393449,382761,38510,0,0,0.972835106964308,0.09787799689413368,1.0707131038584417,1,0,3,1,0,0.054,Low
TXP12134,58,Doctor,Lucknow,792335,449633,64068,2,1,0.567478402443411,0.08085973735856677,0.6483381398019777,1,0,4,7,0,0.014,Low
TXP12135,67,Engineer,Lucknow,722814,139145,296323,2,1,0.19250457240728597,0.40995747177005426,0.6024620441773403,2,0,5,7,0,0.368,Medium
TXP12136,57,Teacher,Jaipur,416406,393961,30523,0,1,0.9460982790833946,0.07330105714134763,1.0193993362247422,2,1,9,5,0,0.954,High
TXP12137,56,Lawyer,Chennai,1003696,470762,180222,1,0,0.4690284707720266,0.1795583523297891,0.6485868231018157,0,0,7,2,0,0.002,Low
TXP12138,44,Business Owner,Pune,814641,205040,60583,0,0,0.2516936908405052,0.0743677276248065,0.3260614184653117,0,0,2,9,0,0.0,
TXP12139,40,Doctor,Jaipur,413586,184205,61422,0,0,0.44538499852509517,0.14851082967024995,0.5938958281953451,0,0,4,5,0,0.0,
TXP12140,45,Engineer,Delhi,336469,75334,43797,1,0,0.22389581209561654,0.1301665235133103,0.3540623356089268,0,0,5,3,0,0.0,
TXP12141,60,Engineer,Delhi,409652,71767,39692,0,1,0.17519016140529034,0.09689199613330339,0.2720821575385937,1,0,5,3,0,0.054,Low
TXP12142,38,Engineer,Jaipur,466671,95414,29411,0,0,0.20445667290232306,0.063022986215128,0.26747965911745103,0,0,5,5,0,0.044,Low
TXP12143,58,Accountant,Bangalore,534025,303589,46151,0,0,0.5684921117925191,0.08642104770375919,0.6549131594962783,0,0,0,1,0,0.002,Low
TXP12144,51,Freelancer,Jaipur,297875,118640,37704,2,0,0.3982878724297105,0.12657658413764164,0.524864456567352,0,0,6,5,0,0.0,
TXP12145,30,Architect,Hyderabad,704236,358002,58547,2,0,0.5083551536700766,0.08313548299149717,0.5914906366615736,0,0,1,4,0,0.002,Low
TXP12146,55,Consultant,Kolkata,708190,636332,41557,3,0,0.8985328795944592,0.058680580070320114,0.9572134596647792,1,0,3,6,0,0.014,Low
TXP12147,34,Engineer,Delhi,601581,250676,24642,1,0,0.4166953411095098,0.04096206495883347,0.45765740606834326,0,0,5,3,0,0.0,
TXP12148,33,Accountant,Ahmedabad,664025,715130,118434,1,0,1.0769624637626596,0.1783577425548737,1.2553202063175333,1,0,0,0,0,0.02,Low
TXP12149,32,Engineer,Jaipur,422965,243451,210748,0,0,0.5755819039400423,0.49826344969441916,1.0738453536344614,1,0,5,5,0,0.044,Low
TXP12150,37,Engineer,Delhi,662805,322394,87846,3,1,0.4864085213599777,0.13253671894448593,0.6189452403044636,1,0,5,3,0,0.046,Low
TXP12151,36,Teacher,Kolkata,349161,167158,37805,1,0,0.47874189843653786,0.10827383356102199,0.5870157319975599,0,0,9,6,0,0.002,Low
TXP12152,48,Doctor,Kolkata,733302,125291,129839,1,0,0.17085866396109653,0.17706074714101422,0.3479194111021107,0,0,4,6,0,0.004,Low
TXP12153,25,Engineer,Ahmedabad,732788,291174,86797,1,1,0.39735093915293374,0.11844762741747955,0.5157985665704132,1,0,5,0,0,0.13,Low
TXP12154,58,Architect,Lucknow,790642,284746,84235,2,0,0.360145299642569,0.10654000166952932,0.4666853013120983,0,0,1,7,0,0.0,
TXP12155,30,Teacher,Hyderabad,293210,166405,54662,0,0,0.5675283926196242,0.18642611097847958,0.7539545035981038,0,0,9,4,0,0.02,Low
TXP12156,44,Accountant,Jaipur,531783,537929,79525,0,0,1.0115573457594544,0.14954408095031244,1.161101426709767,1,0,0,5,0,0.01,Low
TXP12157,41,Doctor,Mumbai,856242,232405,34317,1,0,0.2714244337465343,0.04007862263238664,0.3115030563789209,0,0,4,8,0,0.0,
TXP12158,26,Engineer,Jaipur,559048,187340,29063,2,0,0.33510539345458706,0.05198659149124941,0.3870919849458365,0,0,5,5,0,0.002,Low
TXP12159,65,Consultant,Lucknow,855303,221965,138287,1,0,0.25951621822909543,0.16168188349625806,0.4211981017253535,0,0,3,7,0,0.0,
TXP12160,62,Engineer,Pune,642178,133658,109461,0,0,0.20813232468256465,0.17045274051742662,0.3785850651999913,0,0,5,9,0,0.0,
TXP12161,64,Accountant,Chennai,733256,392905,86622,0,0,0.5358360518018264,0.1181333667914071,0.6539694185932334,0,0,0,2,0,0.012,Low
TXP12162,34,Doctor,Bangalore,493944,198182,59175,1,0,0.40122362049139176,0.11980103007628395,0.5210246505676757,0,0,4,1,0,0.0,
TXP12163,62,Teacher,Lucknow,342653,184214,45829,1,0,0.5376109358447175,0.13374755218836548,0.6713584880330831,0,0,9,7,0,0.0,
TXP12164,47,Doctor,Kolkata,618299,323995,61236,1,0,0.5240102280611808,0.09903946149031456,0.6230496895514953,0,0,4,6,0,0.004,Low
TXP12165,42,Consultant,Mumbai,858739,237801,122315,0,0,0.2769188309835701,0.1424355945170768,0.4193544255006469,0,0,3,8,0,0.0,
TXP12166,27,Consultant,Bangalore,458909,181949,18139,3,0,0.39648165540444835,0.0395263548982478,0.4360080103026962,0,0,3,1,0,0.0,
TXP12167,49,Freelancer,Delhi,501946,94088,96890,1,0,0.1874464583839696,0.19302873217437733,0.3804751905583469,0,0,6,3,0,0.006,Low
TXP12168,61,Lawyer,Jaipur,742487,764813,115106,7,1,1.030069213333028,0.1550276301133892,1.1850968434464173,3,1,7,5,0,0.998,High
TXP12169,65,Consultant,Bangalore,617850,205075,82551,0,0,0.3319171319899652,0.133610099538723,0.4655272315286882,0,0,3,1,0,0.0,
TXP12170,55,Teacher,Delhi,263210,86110,20250,0,1,0.32715322366171495,0.0769347669161506,0.4040879905778656,1,0,9,3,0,0.02,Low
TXP12171,62,Accountant,Chennai,503492,144119,24657,2,0,0.28623890747022795,0.04897197969381837,0.3352108871640463,0,0,0,2,0,0.004,Low
TXP12172,59,Business Owner,Delhi,1633800,583754,153057,0,0,0.35729832292814295,0.09368160117517443,0.45097992410331744,0,0,2,3,1,0.002,Low
TXP12173,63,Doctor,Mumbai,794962,209306,110566,1,0,0.2632905723795603,0.13908337757024863,0.4023739499498089,0,0,4,8,0,0.002,Low
TXP12174,60,Engineer,Kolkata,694152,221214,93063,0,0,0.31868236351692425,0.13406717837015525,0.4527495418870795,0,0,5,6,0,0.0,
TXP12175,56,Freelancer,Lucknow,699696,356828,62185,1,0,0.5099757609018774,0.08887431112940478,0.5988500720312822,0,0,6,7,0,0.012,Low
TXP12176,59,Engineer,Ahmedabad,639563,336035,83393,0,1,0.5254134463688487,0.130390594828031,0.6558040411968797,1,0,5,0,0,0.034,Low
TXP12177,26,Business Owner,Lucknow,976480,280134,522149,0,0,0.2868814517450434,0.5347257496313289,0.8216072013763723,1,0,2,7,1,0.082,Low
TXP12178,32,Accountant,Lucknow,596725,215451,14757,3,1,0.3610557627047635,0.024729984498722192,0.3857857472034857,1,0,0,7,0,0.186,Low
TXP12179,31,Consultant,Delhi,652026,619173,65927,7,1,0.9496139724489514,0.10111099864115848,1.0507249710901099,3,1,3,3,0,0.996,High
TXP12180,56,Pharmacist,Jaipur,449557,78089,70373,0,0,0.17370211118945986,0.15653854794831357,0.3302406591377734,0,0,8,5,0,0.0,
TXP12181,29,Architect,Bangalore,406817,223796,48128,0,1,0.5501146707241831,0.11830380736301581,0.6684184780871989,1,0,1,1,0,0.094,Low
TXP12182,64,Engineer,Ahmedabad,738938,183724,101430,3,0,0.24863249690772432,0.13726456076152532,0.38589705766924964,0,0,5,0,0,0.008,Low
TXP12183,62,Engineer,Ahmedabad,542099,246840,61258,0,1,0.4553411830680374,0.1130014997260648,0.5683426827941022,1,0,5,0,0,0.066,Low
TXP12184,27,Teacher,Bangalore,360925,148754,71657,1,1,0.4121465678465055,0.19853709219366905,0.6106836600401746,1,0,9,1,0,0.062,Low
TXP12185,36,Doctor,Bangalore,592807,236425,17684,0,0,0.39882288839369306,0.029830956786947523,0.4286538451806406,0,0,4,1,0,0.0,
TXP12186,25,Doctor,Kolkata,887189,476165,96160,2,0,0.5367120196485754,0.1083872771190806,0.6450992967676561,0,0,4,6,0,0.002,Low
TXP12187,28,Teacher,Mumbai,304283,59550,11092,1,0,0.19570597108612706,0.03645290732640338,0.23215887841253044,0,0,9,8,0,0.008,Low
TXP12188,67,Teacher,Chennai,341497,104553,16651,1,0,0.30616081546836427,0.04875884707625543,0.3549196625446197,0,0,9,2,0,0.0,
TXP12189,50,Pharmacist,Mumbai,587782,230536,52281,0,0,0.3922134396766148,0.08894624197406521,0.48115968165068,0,0,8,8,0,0.0,
TXP12190,55,Engineer,Bangalore,718613,370143,34491,2,0,0.5150797438955321,0.047996626835306345,0.5630763707308384,0,0,5,1,0,0.0,
TXP12191,44,Engineer,Jaipur,596695,147621,115438,0,0,0.24739774926888947,0.193462321621599,0.44086007089048845,0,0,5,5,0,0.0,
TXP12192,31,Engineer,Hyderabad,334780,171179,63749,3,0,0.511317880399068,0.19042057470577692,0.701738455104845,0,0,5,4,0,0.004,Low
TXP12193,61,Architect,Hyderabad,1128849,372336,90872,0,0,0.3298368515186708,0.0804996948218938,0.4103365463405646,0,0,1,4,0,0.0,
TXP12194,31,Freelancer,Chennai,711878,614938,96213,6,1,0.8638249812467866,0.13515377634931827,0.998978757596105,3,1,6,2,0,1.0,High
TXP12195,26,Consultant,Bangalore,880081,432598,102155,0,0,0.49154339202868824,0.11607454313864292,0.6076179351673312,0,0,3,1,0,0.004,Low
TXP12196,67,Architect,Hyderabad,529487,101081,88321,1,0,0.19090364824821007,0.16680485073287918,0.35770849898108925,0,0,1,4,0,0.046,Low
TXP12197,26,Teacher,Chennai,343184,322860,45622,0,0,0.9407781248543056,0.13293743298055855,1.073715557834864,1,0,9,2,0,0.096,Low
TXP12198,45,Accountant,Ahmedabad,495657,88595,9935,0,0,0.1787425578575507,0.02004410307934721,0.1987866609368979,0,0,0,0,0,0.004,Low
TXP12199,29,Lawyer,Chennai,1215963,377420,191357,0,0,0.310387733837296,0.15737074236633844,0.4677584762036345,0,0,7,2,0,0.002,Low
TXP12200,25,Business Owner,Ahmedabad,1305001,548732,201534,0,1,0.42048396897780155,0.15443206556929842,0.5749160345470999,1,0,2,0,0,0.176,Low
TXP12201,46,Accountant,Kolkata,471583,188752,52699,0,0,0.4002519174779413,0.11174915126287419,0.5120010687408155,0,0,0,6,0,0.0,
TXP12202,67,Accountant,Hyderabad,502924,167018,91796,0,0,0.33209391478632955,0.18252459616164668,0.5146185109479763,0,0,0,4,0,0.058,Low
TXP12203,25,Architect,Chennai,829390,284540,152209,2,0,0.34307141393072016,0.18351921291551623,0.5265906268462364,0,0,1,2,0,0.0,
TXP12204,61,Pharmacist,Chennai,660009,166352,75441,0,0,0.2520450478705593,0.11430298677745303,0.36634803464801236,0,0,8,2,0,0.006,Low
TXP12205,40,Freelancer,Chennai,679249,241233,87920,1,0,0.35514663989199835,0.12943706946936984,0.48458370936136824,0,0,6,2,0,0.016,Low
TXP12206,58,Freelancer,Jaipur,563554,326277,112357,0,0,0.5789631517121695,0.19937219858256708,0.7783353502947367,0,0,6,5,0,0.008,Low
TXP12207,57,Business Owner,Chennai,1098950,585414,81088,1,0,0.5327030347149552,0.0737867964875563,0.6064898312025115,0,0,2,2,0,0.0,
TXP12208,46,Engineer,Jaipur,200000,43070,15686,0,0,0.21535,0.07843,0.29378,0,0,5,5,1,0.0,
TXP12209,53,Doctor,Lucknow,859432,140432,45463,3,1,0.16340094387921325,0.05289889136080574,0.216299835240019,1,0,4,7,0,0.126,Low
TXP12210,31,Business Owner,Kolkata,1199268,683685,217374,2,0,0.5700852520037223,0.18125556589519606,0.7513408178989184,0,0,2,6,1,0.002,Low
TXP12211,45,Freelancer,Lucknow,470997,182293,72537,0,0,0.38703643547623445,0.15400735036528895,0.5410437858415235,0,0,6,7,0,0.0,
TXP12212,67,Doctor,Pune,810779,317847,31633,1,0,0.39202668051343215,0.039015564043962656,0.4310422445573948,0,0,4,9,0,0.002,Low
TXP12213,59,Architect,Lucknow,437798,219478,86122,0,0,0.5013225277411043,0.19671629381586941,0.6980388215569737,0,0,1,7,0,0.002,Low
TXP12214,28,Doctor,Bangalore,911481,265797,138156,1,0,0.29161002807518754,0.15157309916498535,0.44318312724017284,0,0,4,1,0,0.006,Low
TXP12215,36,Lawyer,Ahmedabad,1058054,388156,183142,0,0,0.3668584023121693,0.17309324476822543,0.5399516470803948,0,0,7,0,0,0.002,Low
TXP12216,52,Business Owner,Bangalore,1472935,1542867,42224,0,0,1.0474779946161914,0.02866657388140006,1.0761445684975914,1,0,2,1,1,0.038,Low
TXP12217,54,Engineer,Mumbai,741986,335724,415250,0,0,0.45246675813290277,0.5596466779696652,1.0121134361025679,1,0,5,8,1,0.042,Low
TXP12218,39,Doctor,Lucknow,920810,201827,134205,1,0,0.21918419652262683,0.14574667955387105,0.3649308760764979,0,0,4,7,0,0.0,
TXP12219,65,Lawyer,Hyderabad,797492,167435,93889,0,0,0.2099519493612475,0.11773033459896777,0.32768228396021526,0,0,7,4,0,0.0,
TXP12220,53,Freelancer,Delhi,439374,106292,61510,1,0,0.24191690905697652,0.13999462872177235,0.38191153777874887,0,0,6,3,0,0.0,
TXP12221,39,Accountant,Lucknow,559112,276771,93493,1,0,0.49501888709238934,0.16721694401121778,0.6622358311036072,0,0,0,7,0,0.004,Low
TXP12222,35,Business Owner,Kolkata,1243079,351691,108621,0,0,0.2829192673997389,0.08738060895566573,0.3702998763554046,0,0,2,6,0,0.004,Low
TXP12223,40,Teacher,Lucknow,409893,65429,70813,1,0,0.15962458495265838,0.1727597202196671,0.3323843051723255,0,0,9,7,0,0.0,
TXP12224,39,Doctor,Jaipur,928733,533908,45809,2,0,0.5748778174136162,0.04932418682226216,0.6242020042358783,0,0,4,5,0,0.0,
TXP12225,35,Pharmacist,Mumbai,707734,160210,48663,2,0,0.22637035948534337,0.06875888398748682,0.2951292434728302,0,0,8,8,0,0.004,Low
TXP12226,31,Doctor,Chennai,1241293,191532,34510,1,0,0.15430039483022945,0.027801655209527484,0.18210205003975694,0,0,4,2,0,0.006,Low
TXP12227,43,Pharmacist,Mumbai,507964,602392,43480,1,1,1.1858950634296919,0.08559661708310037,1.2714916805127923,2,1,8,8,0,0.954,High
TXP12228,26,Teacher,Mumbai,200000,51152,17676,1,0,0.25576,0.08838,0.34414,0,0,9,8,0,0.0,
TXP12229,39,Pharmacist,Ahmedabad,623683,557210,102875,7,1,0.8934186116985712,0.16494757753538256,1.0583661892339538,3,1,8,0,0,0.966,High
TXP12230,53,Engineer,Delhi,518943,533961,71387,7,1,1.0289395945219417,0.13756231416552492,1.1665019086874666,3,1,5,3,0,0.996,High
TXP12231,46,Teacher,Mumbai,301910,164732,169222,0,0,0.5456328044781558,0.5605047861945613,1.106137590672717,1,0,9,8,0,0.04,Low
TXP12232,51,Engineer,Ahmedabad,540233,192108,74217,0,0,0.35560211982607504,0.13737961213032154,0.4929817319563966,0,0,5,0,0,0.0,
TXP12233,63,Doctor,Chennai,710671,624204,20965,6,1,0.8783304792231567,0.029500289163339997,0.9078307683864967,3,1,4,2,0,0.998,High
TXP12234,28,Business Owner,Bangalore,1444907,577607,75783,3,1,0.39975375577805355,0.05244835826804078,0.45220211404609434,1,1,2,1,0,0.772,High
TXP12235,43,Engineer,Chennai,366084,95018,48634,0,0,0.2595524524426088,0.13284929141945565,0.39240174386206444,0,0,5,2,0,0.0,
TXP12236,63,Business Owner,Hyderabad,768911,133393,104145,1,0,0.17348301689012122,0.13544480440519124,0.3089278212953125,0,0,2,4,0,0.002,Low
TXP12237,67,Engineer,Mumbai,651473,373066,269691,1,0,0.5726499793544783,0.413971108549395,0.9866210879038733,1,0,5,8,0,0.108,Low
TXP12238,24,Lawyer,Mumbai,1055736,845587,97697,5,1,0.8009455015268969,0.09253923329317178,0.8934847348200686,3,1,7,8,0,0.996,High
TXP12239,53,Freelancer,Bangalore,546231,130702,81967,0,1,0.2392797186538296,0.15005922402792957,0.38933894268175917,1,0,6,1,0,0.128,Low
TXP12240,44,Accountant,Kolkata,471296,170895,187882,1,0,0.36260651480173817,0.39864968087995656,0.7612561956816948,1,0,0,6,0,0.022,Low
TXP12241,43,Business Owner,Mumbai,808693,300207,156409,1,0,0.37122492713551375,0.19340961279496668,0.5646345399304804,0,0,2,8,0,0.0,
TXP12242,29,Business Owner,Delhi,997346,157875,499456,3,0,0.15829511523583592,0.500785083611906,0.6590801988477419,1,0,2,3,1,0.044,Low
TXP12243,45,Consultant,Pune,793177,171785,94627,0,1,0.21657839296903467,0.11930124045452654,0.3358796334235612,1,0,3,9,0,0.022,Low
TXP12244,41,Lawyer,Mumbai,1271369,407053,163139,2,0,0.32016904612272284,0.128317585217195,0.44848663133991784,0,0,7,8,0,0.006,Low
TXP12245,31,Business Owner,Pune,381025,174387,76112,0,1,0.4576786300111541,0.19975592152745883,0.657434551538613,1,0,2,9,0,0.11,Low
TXP12246,62,Pharmacist,Chennai,477927,120814,233199,1,0,0.2527875596063834,0.48793853454607083,0.7407260941524543,1,0,8,2,0,0.012,Low
TXP12247,55,Freelancer,Lucknow,250098,85122,28556,1,0,0.3403545810042463,0.114179241737239,0.45453382274148535,0,0,6,7,0,0.0,
TXP12248,56,Teacher,Kolkata,250865,245246,20649,7,1,0.9776014988141032,0.08231120323680068,1.0599127020509038,3,1,9,6,0,1.0,High
TXP12249,39,Business Owner,Ahmedabad,1586782,872518,181941,0,0,0.5498663332455246,0.11466036292319928,0.6645266961687238,0,0,2,0,1,0.028,Low
TXP12250,35,Freelancer,Jaipur,531693,157770,32849,0,0,0.29673138446434316,0.06178189293445654,0.3585132773987997,0,0,6,5,0,0.006,Low
TXP12251,61,Business Owner,Kolkata,1379773,289891,39420,0,0,0.21010050203910352,0.028569916935611873,0.23867041897471541,0,0,2,6,0,0.002,Low
TXP12252,57,Doctor,Jaipur,984205,364325,121118,1,0,0.3701718646013788,0.1230617605072114,0.4932336251085902,0,0,4,5,0,0.0,
TXP12253,37,Engineer,Chennai,528042,256641,42482,0,0,0.4860238390128058,0.08045193374769431,0.5664757727605001,0,0,5,2,0,0.004,Low
TXP12254,59,Consultant,Kolkata,672125,134046,35454,1,1,0.19943611679375117,0.05274911660777385,0.252185233401525,1,0,3,6,0,0.022,Low
TXP12255,56,Engineer,Ahmedabad,927859,316499,72659,0,0,0.3411067845437723,0.07830823433301827,0.41941501887679056,0,0,5,0,0,0.0,
TXP12256,46,Freelancer,Jaipur,413014,65257,11923,2,0,0.1580019079256393,0.02886827080922196,0.18687017873486128,0,0,6,5,0,0.004,Low
TXP12257,25,Accountant,Bangalore,623513,102943,263185,2,0,0.165101609749917,0.4221002609408304,0.5872018706907475,1,0,0,1,0,0.026,Low
TXP12258,64,Teacher,Delhi,350382,128705,43659,1,0,0.36732765952588886,0.12460400363032348,0.49193166315621234,0,0,9,3,0,0.002,Low
TXP12259,44,Doctor,Kolkata,430348,404805,71721,1,1,0.9406457099835482,0.1666581464303308,1.107303856413879,2,0,4,6,0,0.39,Medium
TXP12260,25,Engineer,Chennai,293305,262280,28204,5,1,0.8942227374235011,0.09615928811305638,0.9903820255365575,3,1,5,2,0,1.0,High
TXP12261,50,Pharmacist,Mumbai,442101,186111,80726,2,0,0.4209694164908019,0.18259628455941063,0.6035657010502125,0,0,8,8,0,0.004,Low
TXP12262,32,Architect,Ahmedabad,818976,735045,87628,8,1,0.8975171433595124,0.1069970304380104,1.0045141737975227,3,1,1,0,0,0.992,High
TXP12263,24,Business Owner,Jaipur,1515316,1521016,186853,8,1,1.0037615916416114,0.1233095935105285,1.1270711851521398,3,1,2,5,1,0.998,High
TXP12264,34,Accountant,Jaipur,641407,239732,69607,0,0,0.37375956296080337,0.10852235787885071,0.4822819208396541,0,0,0,5,0,0.0,
TXP12265,26,Business Owner,Delhi,805181,135429,122379,1,0,0.16819696440924464,0.1519894284639106,0.3201863928731552,0,0,2,3,0,0.0,
TXP12266,46,Business Owner,Jaipur,1846348,1638458,225250,1,0,0.8874047579329574,0.12199758658714392,1.0094023445201012,1,0,2,5,1,0.106,Low
TXP12267,49,Teacher,Pune,292106,296095,20122,8,1,1.0136560015884644,0.06888595235975982,1.0825419539482242,3,1,9,9,0,0.998,High
TXP12268,27,Doctor,Hyderabad,842564,195196,38924,0,1,0.23166904828594623,0.0461970841384156,0.2778661324243618,1,0,4,4,0,0.034,Low
TXP12269,41,Business Owner,Pune,1195859,244161,154388,0,0,0.2041720637633701,0.12910217676164162,0.33327424052501176,0,0,2,9,0,0.0,
TXP12270,29,Freelancer,Jaipur,423918,90976,45805,2,1,0.21460754202463683,0.10805155714076779,0.32265909916540464,1,0,6,5,0,0.046,Low
TXP12271,58,Pharmacist,Ahmedabad,633859,283627,23627,1,1,0.4474607128714746,0.037274851347066144,0.4847355642185407,1,0,8,0,0,0.104,Low
TXP12272,45,Doctor,Kolkata,658977,294989,60106,0,0,0.44764688297163635,0.09121107413460561,0.538857957106242,0,0,4,6,0,0.0,
TXP12273,66,Freelancer,Chennai,247559,131593,27889,1,0,0.5315621730577357,0.11265597291958684,0.6442181459773226,0,0,6,2,0,0.0,
TXP12274,38,Teacher,Mumbai,351199,171498,59296,0,0,0.4883214359949772,0.1688387495408586,0.6571601855358358,0,0,9,8,0,0.0,
TXP12275,45,Accountant,Kolkata,510017,179709,259178,0,0,0.35235884294052944,0.5081752176888221,0.8605340606293516,1,0,0,6,0,0.04,Low
TXP12276,60,Engineer,Bangalore,1106607,1028984,91548,0,0,0.9298549530230696,0.0827285567504995,1.0125835097735691,1,0,5,1,1,0.082,Low
TXP12277,65,Accountant,Kolkata,617650,283951,103813,0,0,0.45972800129523195,0.16807739010766615,0.627805391402898,0,0,0,6,0,0.0,
TXP12278,35,Lawyer,Kolkata,797664,303695,109053,0,0,0.38073048301039036,0.1367154591406908,0.5174459421510812,0,0,7,6,0,0.008,Low
TXP12279,65,Lawyer,Chennai,635972,231521,45912,2,0,0.36404275659934715,0.07219185750316051,0.43623461410250763,0,0,7,2,0,0.002,Low
TXP12280,61,Freelancer,Delhi,200000,88058,34432,1,0,0.44029,0.17216,0.61245,0,0,6,3,0,0.002,Low
TXP12281,41,Freelancer,Jaipur,296217,118742,32226,0,0,0.40086153056711804,0.10879186542298383,0.5096533959901018,0,0,6,5,0,0.0,
TXP12282,58,Business Owner,Delhi,1245976,547947,136687,1,0,0.43977331826616245,0.1097027551092477,0.5494760733754102,0,0,2,3,0,0.0,
TXP12283,53,Architect,Bangalore,878372,373997,171972,3,0,0.42578429184901156,0.19578492939210265,0.6215692212411142,0,0,1,1,0,0.012,Low
TXP12284,47,Lawyer,Lucknow,1180422,559093,224847,0,1,0.47363824123915005,0.19048018420530963,0.6641184254444596,1,0,7,7,0,0.05,Low
TXP12285,65,Engineer,Mumbai,634364,278651,53626,2,0,0.43926042461425935,0.08453506188875787,0.5237954865030172,0,0,5,8,0,0.002,Low
TXP12286,53,Business Owner,Pune,1070732,411037,48508,1,0,0.38388410918885396,0.04530358670516992,0.4291876958940239,0,0,2,9,0,0.002,Low
TXP12287,37,Engineer,Mumbai,640321,292504,50342,0,0,0.4568083820458801,0.07861994218524772,0.5354283242311279,0,0,5,8,0,0.0,
TXP12288,29,Lawyer,Jaipur,770340,271365,359960,0,0,0.35226653166134436,0.4672741906171301,0.8195407222784744,1,0,7,5,1,0.032,Low
TXP12289,26,Engineer,Mumbai,857754,221945,20361,0,0,0.2587513436253285,0.02373757510894732,0.2824889187342758,0,0,5,8,0,0.0,
TXP12290,39,Doctor,Hyderabad,762161,709154,69504,1,0,0.9304517024618159,0.09119333054302176,1.0216450330048377,1,0,4,4,0,0.008,Low
TXP12291,30,Consultant,Pune,734459,295240,139094,0,1,0.4019829561622909,0.1893829335606208,0.5913658897229117,1,0,3,9,0,0.168,Low
TXP12292,37,Engineer,Bangalore,267626,111277,47328,1,0,0.4157929349166374,0.176843804413622,0.5926367393302594,0,0,5,1,0,0.0,
TXP12293,32,Teacher,Jaipur,338273,198709,37906,1,0,0.58742199347864,0.11205742107705906,0.6994794145556991,0,0,9,5,0,0.002,Low
TXP12294,38,Doctor,Ahmedabad,967296,302439,117759,0,0,0.31266437574434297,0.12174039797538706,0.4344047737197301,0,0,4,0,0,0.016,Low
TXP12295,44,Business Owner,Bangalore,772910,253019,16283,2,0,0.3273589421795552,0.021067135889042708,0.3484260780685979,0,0,2,1,0,0.0,
TXP12296,58,Lawyer,Hyderabad,712319,171533,41877,2,0,0.24080924417290567,0.05878967148145704,0.2995989156543627,0,0,7,4,0,0.0,
TXP12297,25,Freelancer,Pune,568906,103393,307136,0,0,0.18174004141281688,0.5398712616847071,0.721611303097524,1,0,6,9,0,0.026,Low
TXP12298,50,Accountant,Chennai,402334,200266,62690,3,1,0.4977605670910239,0.15581581472110237,0.6535763818121263,1,0,0,2,0,0.078,Low
TXP12299,25,Engineer,Hyderabad,758670,634990,35062,7,1,0.836977869165777,0.04621508692844056,0.8831929560942176,3,1,5,4,0,1.0,High
TXP12300,58,Teacher,Bangalore,318071,134864,56116,0,0,0.42400596093325077,0.1764260180903006,0.6004319790235514,0,0,9,1,0,0.0,
TXP12301,41,Engineer,Jaipur,541714,248916,73563,0,0,0.4594970777938174,0.1357967488379477,0.5952938266317651,0,0,5,5,0,0.0,
TXP12302,37,Accountant,Lucknow,437612,158440,26823,1,0,0.3620558851219802,0.061294023015822235,0.42334990813780243,0,0,0,7,0,0.0,
TXP12303,43,Lawyer,Jaipur,994511,776510,48124,8,1,0.7807957880807753,0.04838961057243208,0.8291853986532075,2,1,7,5,0,0.986,High
TXP12304,41,Architect,Pune,1043579,364947,138767,0,0,0.34970711369239893,0.1329722043084424,0.48267931800084135,0,0,1,9,0,0.002,Low
TXP12305,33,Doctor,Lucknow,956299,266050,174190,0,1,0.2782079663368884,0.18215014341748761,0.46035810975437597,1,1,4,7,0,0.632,Medium
TXP12306,48,Business Owner,Delhi,854285,472596,127548,0,0,0.5532064826141159,0.14930380376572222,0.7025102863798381,0,0,2,3,0,0.0,
TXP12307,25,Engineer,Pune,770343,754418,63736,8,1,0.9793273905260385,0.08273717032542646,1.062064560851465,3,1,5,9,0,0.998,High
TXP12308,48,Lawyer,Pune,820830,183716,103202,2,1,0.22381735560347454,0.1257288354470475,0.34954619105052204,1,0,7,9,0,0.05,Low
TXP12309,56,Accountant,Hyderabad,687448,111148,52202,1,0,0.16168204722393548,0.07593592533544355,0.23761797255937903,0,0,0,4,0,0.0,
TXP12310,59,Architect,Jaipur,779068,148407,155694,1,0,0.19049299932740146,0.1998464832338127,0.39033948256121415,0,0,1,5,0,0.0,
TXP12311,54,Engineer,Bangalore,200000,55789,30958,1,0,0.278945,0.15479,0.433735,0,0,5,1,0,0.004,Low
TXP12312,37,Doctor,Chennai,599184,630066,78246,0,0,1.051540094528559,0.13058759913482337,1.1821276936633822,1,0,4,2,0,0.01,Low
TXP12313,24,Lawyer,Mumbai,1136096,455951,109277,0,0,0.40133140157169817,0.09618641382418387,0.497517815395882,0,0,7,8,0,0.014,Low
TXP12314,39,Engineer,Kolkata,622748,739940,81746,1,0,1.188185269161844,0.1312665797401196,1.3194518489019635,1,0,5,6,0,0.012,Low
TXP12315,26,Engineer,Chennai,446436,245505,215627,1,0,0.5499220492970996,0.4829964429391895,1.0329184922362893,1,0,5,2,0,0.032,Low
TXP12316,58,Teacher,Mumbai,311984,110414,7860,0,0,0.3539091748294784,0.02519359967177804,0.37910277450125646,0,0,9,8,0,0.026,Low
TXP12317,64,Doctor,Delhi,418752,122215,38154,3,0,0.2918553224820419,0.09111359468133884,0.3829689171633807,0,0,4,3,0,0.0,
TXP12318,29,Doctor,Bangalore,782325,448701,146675,2,1,0.5735480778448855,0.18748601923752917,0.7610340970824147,1,0,4,1,0,0.054,Low
TXP12319,48,Freelancer,Jaipur,781603,416033,103745,0,0,0.5322817338213901,0.13273362563859145,0.6650153594599816,0,0,6,5,0,0.02,Low
TXP12320,36,Accountant,Ahmedabad,630493,333941,22137,1,0,0.5296506067474183,0.03511061978483504,0.5647612265322534,0,0,0,0,0,0.022,Low
TXP12321,57,Engineer,Pune,928562,353343,166490,3,0,0.38052709458280654,0.17929874364878168,0.5598258382315882,0,0,5,9,0,0.004,Low
TXP12322,31,Engineer,Chennai,732359,370022,50091,0,0,0.5052467437417988,0.06839678354468232,0.573643527286481,0,0,5,2,0,0.0,
TXP12323,44,Business Owner,Mumbai,1610991,371670,102907,1,1,0.23070892388598074,0.06387807256527193,0.2945869964512527,1,0,2,8,1,0.102,Low
TXP12324,57,Engineer,Ahmedabad,896111,365568,65842,0,0,0.40794946161803614,0.07347527259457813,0.4814247342126143,0,0,5,0,0,0.0,
TXP12325,27,Teacher,Chennai,372635,374323,46168,0,0,1.0045299019147422,0.1238960376776202,1.1284259395923626,1,0,9,2,0,0.028,Low
TXP12326,48,Engineer,Bangalore,571915,160668,67511,2,0,0.2809298584579876,0.11804376524483533,0.39897362370282297,0,0,5,1,0,0.002,Low
TXP12327,38,Business Owner,Jaipur,1613063,1449917,174943,6,1,0.8988594989780312,0.10845391655502606,1.0073134155330572,3,1,2,5,1,0.998,High
TXP12328,27,Lawyer,Lucknow,1263460,1064568,188453,5,1,0.8425814825954125,0.14915628512180837,0.991737767717221,3,1,7,7,1,0.994,High
TXP12329,35,Business Owner,Chennai,1008014,975867,77593,7,1,0.9681085778570536,0.07697611342699605,1.0450846912840497,3,1,2,2,1,1.0,High
TXP12330,55,Consultant,Chennai,620117,305940,320965,0,0,0.49335851137769166,0.5175878100422985,1.01094632141999,1,0,3,2,0,0.062,Low
TXP12331,55,Business Owner,Jaipur,1255542,283571,64733,0,1,0.22585544728889995,0.05155781327904602,0.27741326056794596,1,0,2,5,0,0.038,Low
TXP12332,51,Lawyer,Delhi,1107874,480998,178225,1,0,0.43416309074858694,0.16087118210193577,0.5950342728505227,0,0,7,3,0,0.006,Low
TXP12333,36,Engineer,Hyderabad,719713,135701,100389,0,1,0.1885487687453193,0.13948476684456165,0.32803353558988096,1,0,5,4,0,0.084,Low
TXP12334,54,Lawyer,Chennai,543958,313368,77773,1,0,0.576088595075355,0.14297611212630387,0.7190647072016589,0,0,7,2,0,0.012,Low
TXP12335,37,Engineer,Jaipur,886740,249418,94597,1,1,0.28127523287547646,0.10667952274623903,0.3879547556217155,1,0,5,5,0,0.05,Low
TXP12336,43,Engineer,Hyderabad,503825,126918,70565,0,0,0.25190889693842106,0.1400585520766139,0.391967449015035,0,0,5,4,0,0.0,
TXP12337,41,Freelancer,Jaipur,410240,85375,14097,1,1,0.20810988689547583,0.0343628120124805,0.2424726989079563,1,0,6,5,0,0.032,Low
TXP12338,52,Accountant,Jaipur,459734,349972,79662,5,1,0.7612488961007887,0.17327846102311337,0.9345273571239021,2,1,0,5,0,0.992,High
TXP12339,29,Accountant,Delhi,819832,840834,24593,5,1,1.0256174435738055,0.029997609266288704,1.055615052840094,3,1,0,3,0,0.998,High
TXP12340,55,Business Owner,Jaipur,1296828,1521978,60657,0,0,1.173615930562881,0.04677335776217047,1.2203892883250516,1,0,2,5,1,0.084,Low
TXP12341,52,Business Owner,Bangalore,859609,322123,106438,1,1,0.37473200024662373,0.12382141182793573,0.4985534120745595,1,0,2,1,0,0.254,Low
TXP12342,66,Doctor,Chennai,972784,353731,148927,3,0,0.36362748564943503,0.1530935952893962,0.5167210809388312,0,0,4,2,0,0.004,Low
TXP12343,25,Consultant,Mumbai,888444,885964,29963,0,0,0.9972086029057543,0.03372525448987218,1.0309338573956266,1,0,3,8,1,0.098,Low
TXP12344,46,Engineer,Mumbai,571840,229838,106212,0,0,0.40192711247901514,0.18573726916620034,0.5876643816452154,0,0,5,8,0,0.002,Low
TXP12345,42,Freelancer,Mumbai,576091,150424,112481,0,0,0.261111525783253,0.19524866731124077,0.45636019309449377,0,0,6,8,0,0.002,Low
TXP12346,54,Freelancer,Jaipur,326206,342756,42103,0,0,1.0507348117447257,0.12906874796907475,1.1798035597138006,1,0,6,5,0,0.062,Low
TXP12347,28,Freelancer,Ahmedabad,376062,408501,40097,1,0,1.0862597124942164,0.10662337593269194,1.1928830884269084,1,0,6,0,0,0.036,Low
TXP12348,42,Teacher,Hyderabad,229387,77038,35199,0,0,0.3358429204793646,0.15344810298752762,0.4892910234668922,0,0,9,4,0,0.0,
TXP12349,57,Doctor,Hyderabad,535209,116730,42337,0,0,0.21810171353620736,0.07910367725505363,0.29720539079126096,0,0,4,4,0,0.0,
TXP12350,33,Accountant,Jaipur,730763,367865,79497,0,1,0.5033985026609175,0.10878629596736562,0.612184798628283,1,0,0,5,0,0.186,Low
TXP12351,48,Business Owner,Bangalore,1856571,380456,343293,0,1,0.2049240239129018,0.18490701405979088,0.3898310379726927,1,0,2,1,1,0.102,Low
TXP12352,25,Accountant,Bangalore,556578,130907,106872,0,0,0.23519973840144598,0.19201621336093055,0.42721595176237653,0,0,0,1,0,0.006,Low
TXP12353,34,Consultant,Pune,1049327,257278,196090,0,0,0.2451838178184684,0.186872157106412,0.4320559749248804,0,0,3,9,0,0.006,Low
TXP12354,54,Lawyer,Jaipur,859981,344509,57825,0,0,0.4006007109459395,0.06723985762476148,0.467840568570701,0,0,7,5,0,0.0,
TXP12355,38,Lawyer,Kolkata,839147,423077,365843,2,0,0.5041750730205792,0.4359700982068696,0.9401451712274488,1,0,7,6,1,0.052,Low
TXP12356,32,Engineer,Delhi,608476,177335,44771,2,0,0.2914412400817781,0.07357890861759543,0.3650201486993735,0,0,5,3,0,0.0,
TXP12357,46,Lawyer,Mumbai,868769,817972,86386,8,1,0.9415299118637981,0.09943494760977889,1.040964859473577,3,1,7,8,0,0.998,High
TXP12358,42,Teacher,Delhi,337088,121028,25804,1,0,0.35903977596354664,0.07654974368710842,0.435589519650655,0,0,9,3,0,0.0,
TXP12359,32,Freelancer,Mumbai,621509,302457,291885,0,0,0.48664942905090675,0.4696392168094106,0.9562886458603174,1,0,6,8,0,0.022,Low
TXP12360,58,Business Owner,Lucknow,1260054,314696,165967,0,0,0.2497480266718728,0.13171419637571088,0.38146222304758365,0,0,2,7,0,0.016,Low
TXP12361,44,Consultant,Lucknow,878246,218653,138108,0,0,0.2489655517930056,0.1572543455933759,0.4062198973863815,0,0,3,7,0,0.0,
TXP12362,32,Architect,Jaipur,815020,469657,124209,0,0,0.5762521165124782,0.15239994110573973,0.7286520576182179,0,0,1,5,0,0.0,
TXP12363,51,Consultant,Lucknow,819873,475009,136587,1,0,0.5793689998329009,0.16659531415231382,0.7459643139852148,0,0,3,7,0,0.004,Low
TXP12364,30,Doctor,Ahmedabad,605945,360967,15629,0,0,0.5957091815263762,0.025792769970871945,0.6215019514972481,0,0,4,0,0,0.03,Low
TXP12365,39,Freelancer,Pune,247070,126857,7064,0,0,0.5134455822236613,0.028591087546039583,0.5420366697697009,0,0,6,9,0,0.034,Low
TXP12366,39,Engineer,Bangalore,622317,596659,100870,8,1,0.9587702087521311,0.16208781055314253,1.1208580193052737,3,1,5,1,0,0.992,High
TXP12367,56,Engineer,Ahmedabad,574311,140931,66593,1,0,0.24539143425774537,0.115952854812114,0.3613442890698594,0,0,5,0,0,0.004,Low
TXP12368,27,Business Owner,Delhi,1234956,374316,153215,0,0,0.3031006772710931,0.12406514887979815,0.4271658261508912,0,0,2,3,0,0.0,
TXP12369,27,Lawyer,Delhi,895986,919179,26400,7,1,1.0258854491029994,0.02946474610094354,1.055350195203943,3,1,7,3,1,1.0,High
TXP12370,62,Doctor,Lucknow,1316714,764270,86845,0,0,0.5804373614923211,0.06595585677679436,0.6463932182691154,0,0,4,7,1,0.004,Low
TXP12371,63,Engineer,Bangalore,400466,202268,54024,0,0,0.5050815799593473,0.13490283819350457,0.6399844181528519,0,0,5,1,0,0.002,Low
TXP12372,40,Doctor,Pune,402010,304136,70212,6,1,0.7565383945672993,0.17465237183154647,0.9311907663988458,2,1,4,9,0,0.966,High
TXP12373,60,Architect,Mumbai,703180,164321,130128,0,0,0.23368269859779858,0.1850564578059672,0.41873915640376574,0,0,1,8,0,0.002,Low
TXP12374,62,Doctor,Ahmedabad,724715,405323,79773,1,0,0.5592860641769524,0.1100749949980337,0.669361059174986,0,0,4,0,0,0.064,Low
TXP12375,52,Engineer,Pune,647410,338298,76514,1,0,0.5225405847917085,0.11818476699464019,0.6407253517863487,0,0,5,9,0,0.0,
TXP12376,59,Accountant,Chennai,608388,614722,103394,1,0,1.0104111192199714,0.16994746773440633,1.1803585869543778,1,0,0,2,0,0.018,Low
TXP12377,61,Lawyer,Hyderabad,1221026,661828,142582,0,1,0.5420261321216747,0.1167722882231828,0.6587984203448575,1,0,7,4,0,0.068,Low
TXP12378,62,Architect,Lucknow,408843,111414,46213,0,0,0.27251047468099,0.11303360947845506,0.3855440841594451,0,0,1,7,0,0.002,Low
TXP12379,60,Doctor,Mumbai,688656,128359,125965,0,0,0.18639059269069028,0.1829142561743454,0.3693048488650357,0,0,4,8,0,0.002,Low
TXP12380,58,Teacher,Chennai,375725,167411,60938,1,0,0.44556790205602503,0.1621877703107326,0.6077556723667576,0,0,9,2,0,0.0,
TXP12381,30,Business Owner,Mumbai,1508185,669954,276952,0,0,0.44421208273520824,0.1836326445363135,0.6278447272715217,0,0,2,8,1,0.002,Low
TXP12382,50,Architect,Mumbai,1000951,1018670,59340,2,0,1.017702165240856,0.05928362127616637,1.0769857865170223,1,0,1,8,1,0.072,Low
TXP12383,51,Business Owner,Lucknow,1582281,464373,180993,1,0,0.2934832687746361,0.11438739389526892,0.407870662669905,0,0,2,7,1,0.0,
TXP12384,45,Consultant,Mumbai,739778,441474,126979,2,1,0.5967655161413289,0.17164473666424251,0.7684102528055714,1,0,3,8,0,0.138,Low
TXP12385,37,Doctor,Pune,621912,283151,24880,1,0,0.4552911022781358,0.04000565996475386,0.49529676224288965,0,0,4,9,0,0.0,
TXP12386,30,Accountant,Pune,493571,236190,80471,3,0,0.47853297701850395,0.1630383470665821,0.641571324085086,0,0,0,9,0,0.0,
TXP12387,60,Accountant,Chennai,490729,120627,25976,1,0,0.24581184319655044,0.052933492823941525,0.29874533602049197,0,0,0,2,0,0.0,
TXP12388,45,Architect,Delhi,754837,139985,124896,3,0,0.1854506337129738,0.16546088758235222,0.350911521295326,0,0,1,3,0,0.006,Low
TXP12389,28,Engineer,Bangalore,638549,175349,83113,0,1,0.2746053944176563,0.13015915771538283,0.40476455213303913,1,1,5,1,0,0.664,High
TXP12390,25,Engineer,Ahmedabad,401452,105182,21992,0,0,0.2620039257495292,0.05478114444566225,0.3167850701951915,0,0,5,0,0,0.0,
TXP12391,50,Lawyer,Ahmedabad,791024,894602,83218,1,0,1.1309416654867614,0.10520287627176925,1.2361445417585306,1,0,7,0,0,0.06,Low
TXP12392,44,Doctor,Kolkata,975509,230941,139247,3,1,0.23673897421756232,0.14274291677472992,0.37948189099229224,1,1,4,6,0,0.672,High
TXP12393,61,Engineer,Lucknow,652749,266739,87529,0,0,0.408639461722653,0.13409289022273493,0.5427323519453879,0,0,5,7,0,0.0,
TXP12394,38,Pharmacist,Jaipur,556864,165748,53962,0,0,0.29764538558786346,0.09690337317549708,0.39454875876336054,0,0,8,5,0,0.0,
TXP12395,44,Accountant,Jaipur,588292,587590,107002,8,1,0.9988067150326708,0.18188586620249808,1.180692581235169,3,1,0,5,0,0.976,High
TXP12396,33,Business Owner,Chennai,1850572,430769,758626,1,0,0.23277613624328045,0.40994135867180526,0.6427174949150857,1,0,2,2,1,0.134,Low
TXP12397,46,Freelancer,Mumbai,485406,174300,53907,0,0,0.3590808519054153,0.11105548757122903,0.4701363394766443,0,0,6,8,0,0.0,
TXP12398,62,Accountant,Mumbai,511397,79852,15958,1,0,0.15614483463923332,0.03120471962095984,0.18734955426019315,0,0,0,8,0,0.004,Low
TXP12399,28,Engineer,Lucknow,462636,169675,86041,3,1,0.366757018476729,0.18597990644913062,0.5527369249258597,1,0,5,7,0,0.048,Low
TXP12400,24,Engineer,Hyderabad,637441,586796,33071,7,1,0.9205495096801116,0.051880879955948866,0.9724303896360604,3,1,5,4,0,0.99,High
TXP12401,36,Lawyer,Delhi,289823,170988,33359,0,0,0.5899738806098895,0.11510128595729117,0.7050751665671806,0,0,7,3,0,0.0,
TXP12402,44,Business Owner,Kolkata,1126284,569636,185433,0,1,0.5057658636720401,0.1646414225896843,0.6704072862617244,1,0,2,6,0,0.04,Low
TXP12403,49,Accountant,Pune,529416,196175,31119,0,0,0.37054981337927073,0.05877986309442858,0.4293296764736993,0,0,0,9,0,0.026,Low
TXP12404,44,Doctor,Mumbai,527105,99604,60578,0,0,0.18896424810995913,0.11492586865994442,0.3038901167699035,0,0,4,8,0,0.002,Low
TXP12405,41,Teacher,Kolkata,294304,122607,18636,0,0,0.41659984233989344,0.06332227900402305,0.4799221213439165,0,0,9,6,0,0.0,
TXP12406,60,Architect,Ahmedabad,779545,901575,122189,1,0,1.1565400329679492,0.15674399810145662,1.3132840310694058,1,0,1,0,1,0.068,Low
TXP12407,55,Consultant,Hyderabad,791528,186660,96235,0,0,0.23582235877947463,0.12158129592383339,0.35740365470330804,0,0,3,4,0,0.006,Low
TXP12408,59,Consultant,Pune,768321,311703,133745,2,0,0.40569371395549514,0.17407437776658455,0.5797680917220797,0,0,3,9,0,0.002,Low
TXP12409,40,Freelancer,Lucknow,495952,256107,89777,3,0,0.5163947317482337,0.18101953414846597,0.6974142658966996,0,0,6,7,0,0.008,Low
TXP12410,58,Lawyer,Kolkata,923156,457619,126261,0,1,0.4957114507190551,0.1367710332814822,0.6324824840005373,1,0,7,6,0,0.028,Low
TXP12411,34,Freelancer,Chennai,636429,325435,95827,3,0,0.511345334672053,0.1505698200427699,0.6619151547148229,0,0,6,2,0,0.056,Low
TXP12412,44,Engineer,Pune,618514,337520,323471,1,1,0.5456950044784759,0.5229808864471944,1.0686758909256702,2,1,5,9,0,0.91,High
TXP12413,49,Business Owner,Lucknow,616714,352733,55009,1,1,0.5719555580058179,0.08919693731616275,0.6611524953219807,1,0,2,7,0,0.018,Low
TXP12414,27,Business Owner,Jaipur,1852051,615778,253103,0,0,0.33248436463142755,0.1366609234842885,0.46914528811571604,0,0,2,5,1,0.008,Low
TXP12415,57,Doctor,Lucknow,874068,354824,160384,1,0,0.4059455328418384,0.1834914446015642,0.5894369774434026,0,0,4,7,0,0.0,
TXP12416,41,Freelancer,Lucknow,361611,182901,34353,0,0,0.505794901150684,0.09499987555688295,0.600794776707567,0,0,6,7,0,0.0,
TXP12417,63,Architect,Pune,449455,208418,34425,1,0,0.4637127187371372,0.07659276234550734,0.5403054810826445,0,0,1,9,0,0.01,Low
TXP12418,58,Engineer,Hyderabad,659387,394302,59291,0,0,0.5979826717845514,0.08991836357101368,0.6879010353555651,0,0,5,4,0,0.004,Low
TXP12419,64,Consultant,Pune,728909,113822,71703,1,0,0.15615392319205826,0.09837030411203593,0.2545242273040942,0,0,3,9,0,0.004,Low
TXP12420,52,Doctor,Bangalore,1114829,1086315,37058,5,1,0.974422983255728,0.033240972382311544,1.0076639556380396,3,1,4,1,1,0.952,High
TXP12421,52,Business Owner,Delhi,1061637,293502,116482,0,0,0.27646172844390315,0.10971923548256136,0.3861809639264645,0,0,2,3,0,0.0,
TXP12422,61,Teacher,Hyderabad,299757,80347,32666,1,0,0.26804044609467004,0.10897493636512241,0.37701538245979244,0,0,9,4,0,0.002,Low
TXP12423,65,Teacher,Chennai,403747,100992,50839,1,0,0.25013684312205414,0.125917963477128,0.37605480659918217,0,0,9,2,0,0.0,
TXP12424,44,Architect,Hyderabad,798045,374367,319997,0,0,0.46910512565080914,0.4009761354309594,0.8700812610817685,1,0,1,4,0,0.016,Low
TXP12425,65,Consultant,Ahmedabad,780357,146817,101726,0,1,0.18814081247429063,0.1303582847337821,0.31849909720807273,1,0,3,0,0,0.074,Low
TXP12426,36,Freelancer,Chennai,551453,514969,98202,5,1,0.9338402366112797,0.17807863952140982,1.1119188761326895,3,1,6,2,0,0.978,High
TXP12427,64,Engineer,Jaipur,594346,516222,114105,7,1,0.8685546802704148,0.19198413045599702,1.060538810726412,3,1,5,5,0,0.966,High
TXP12428,40,Architect,Pune,687418,180695,85961,0,0,0.2628604429910186,0.12504909676499598,0.38790953975601455,0,0,1,9,0,0.0,
TXP12429,32,Doctor,Lucknow,1032998,272479,28579,1,0,0.26377495406573875,0.02766607486171319,0.29144102892745194,0,0,4,7,0,0.0,
TXP12430,64,Consultant,Pune,862557,373476,167734,0,0,0.43298703737839933,0.19446135153966637,0.6274483889180658,0,0,3,9,0,0.01,Low
TXP12431,24,Lawyer,Ahmedabad,857681,993934,126126,0,0,1.1588620944150565,0.14705467417373125,1.3059167685887876,1,0,7,0,1,0.036,Low
TXP12432,25,Doctor,Kolkata,1070472,582784,86144,1,0,0.544417789535831,0.08047291288328887,0.6248907024191198,0,0,4,6,0,0.0,
TXP12433,52,Business Owner,Ahmedabad,254057,135529,11810,2,1,0.5334590269112837,0.046485631177255494,0.5799446580885392,1,0,2,0,0,0.054,Low
TXP12434,56,Engineer,Bangalore,907810,530340,41591,1,0,0.5841971337614699,0.04581465284585982,0.6300117866073297,0,0,5,1,0,0.002,Low
TXP12435,33,Engineer,Lucknow,344106,141642,17272,0,0,0.4116231626301198,0.05019383562041929,0.46181699825053907,0,0,5,7,0,0.0,
TXP12436,63,Lawyer,Lucknow,743226,415385,338666,2,0,0.5588946027184194,0.45567028064141996,1.0145648833598393,1,0,7,7,1,0.052,Low
TXP12437,44,Doctor,Mumbai,791816,406859,144417,0,0,0.5138302332865211,0.18238706972326904,0.6962173030097901,0,0,4,8,0,0.0,
TXP12438,51,Engineer,Kolkata,578027,319417,67824,3,0,0.5525987540374412,0.11733707940978536,0.6699358334472265,0,0,5,6,0,0.004,Low
TXP12439,34,Doctor,Mumbai,1001282,155430,146179,0,0,0.15523099386586398,0.14599183846309033,0.3012228323289543,0,0,4,8,0,0.0,
TXP12440,57,Accountant,Jaipur,444216,259713,75098,0,0,0.5846547625479497,0.16905739550128765,0.7537121580492373,0,0,0,5,0,0.01,Low
TXP12441,31,Doctor,Delhi,852153,309407,138455,1,0,0.3630885533466408,0.16247669139227344,0.5255652447389143,0,0,4,3,0,0.0,
TXP12442,45,Business Owner,Delhi,968715,493252,173273,0,1,0.5091817510826198,0.17886891397366614,0.6880506650562859,1,0,2,3,0,0.028,Low
TXP12443,31,Engineer,Pune,644271,133519,125056,1,0,0.20724043143335646,0.19410465471827848,0.40134508615163494,0,0,5,9,0,0.0,
TXP12444,38,Pharmacist,Delhi,493522,161960,48874,1,0,0.328171793759954,0.09903104623502093,0.4272028399949749,0,0,8,3,0,0.0,
TXP12445,40,Consultant,Lucknow,766728,208670,146491,0,0,0.27215648835049716,0.19105993259669662,0.4632164209471938,0,0,3,7,0,0.002,Low
TXP12446,46,Lawyer,Ahmedabad,762518,214455,114524,1,0,0.281245819770812,0.15019186432320286,0.43143768409401484,0,0,7,0,0,0.004,Low
TXP12447,47,Freelancer,Kolkata,373490,76739,12220,0,0,0.2054646710755308,0.032718412808910545,0.23818308388444134,0,0,6,6,0,0.046,Low
TXP12448,42,Consultant,Pune,801709,410951,114420,0,0,0.5125937216620994,0.14272011415613395,0.6553138358182333,0,0,3,9,0,0.01,Low
TXP12449,28,Pharmacist,Pune,594371,91627,85357,3,0,0.15415792493240754,0.143608958041358,0.2977668829737655,0,0,8,9,0,0.06,Low
TXP12450,55,Business Owner,Kolkata,960688,279202,175858,2,0,0.2906271338873807,0.18305422780340755,0.4736813616907883,0,0,2,6,0,0.002,Low
TXP12451,67,Doctor,Lucknow,626246,713710,54563,0,0,1.1396639659175467,0.0871271034066485,1.2267910693241952,1,0,4,7,0,0.132,Low
TXP12452,24,Business Owner,Jaipur,1445384,599931,181083,1,0,0.4150668611247945,0.12528366164285754,0.540350522767652,0,0,2,5,1,0.036,Low
TXP12453,46,Business Owner,Jaipur,1186998,313858,26343,0,0,0.2644132509069097,0.022192960729504177,0.28660621163641387,0,0,2,5,0,0.004,Low
TXP12454,60,Business Owner,Pune,1532199,1487427,122228,1,0,0.9707792525644515,0.07977292766801179,1.0505521802324633,1,1,2,9,1,0.704,High
TXP12455,31,Lawyer,Jaipur,673550,249046,21017,3,0,0.36975131764531216,0.031203325662534333,0.40095464330784647,0,0,7,5,0,0.002,Low
TXP12456,36,Consultant,Lucknow,429700,190662,48958,0,0,0.44370956481266,0.113935303700256,0.557644868512916,0,0,3,7,0,0.0,
TXP12457,31,Pharmacist,Bangalore,446699,342724,74661,8,1,0.7672369985157791,0.16713939364090807,0.9343763921566872,2,1,8,1,0,0.988,High
TXP12458,46,Engineer,Bangalore,485047,111066,27725,0,0,0.22897987205363604,0.05715940929435704,0.2861392813479931,0,0,5,1,0,0.006,Low
TXP12459,66,Doctor,Mumbai,784242,204866,90140,0,0,0.26122803930419436,0.11493901117257173,0.3761670504767661,0,0,4,8,0,0.0,
TXP12460,24,Engineer,Hyderabad,504473,296724,28614,3,0,0.5881860872633421,0.05672057771179032,0.6449066649751325,0,0,5,4,0,0.006,Low
TXP12461,47,Consultant,Chennai,883383,290384,36858,1,0,0.3287181211320571,0.04172369176223677,0.37044181289429384,0,0,3,2,0,0.0,
TXP12462,58,Business Owner,Delhi,1084739,455097,121468,0,0,0.4195451624768723,0.11197901061914432,0.5315241730960166,0,0,2,3,0,0.0,
TXP12463,47,Business Owner,Jaipur,1260189,1406123,43157,1,1,1.1158032644309703,0.0342464503340372,1.1500497147650075,2,1,2,5,1,0.952,High
TXP12464,40,Accountant,Bangalore,565763,209732,71129,0,0,0.3707064618930542,0.12572225472503504,0.4964287166180892,0,0,0,1,0,0.002,Low
TXP12465,28,Teacher,Ahmedabad,361697,66318,131009,0,0,0.18335236399527782,0.36220648775079695,0.5455588517460748,1,0,9,0,0,0.094,Low
TXP12466,43,Lawyer,Kolkata,893967,148071,35051,3,0,0.16563363077160567,0.03920838241232618,0.20484201318393186,0,0,7,6,0,0.004,Low
TXP12467,44,Teacher,Hyderabad,380636,137382,45295,1,0,0.36092750028899,0.11899820300759781,0.4799257032965878,0,0,9,4,0,0.0,
TXP12468,63,Freelancer,Mumbai,330651,311791,41811,6,1,0.9429610072251408,0.12645054755618462,1.0694115547813254,3,1,6,8,0,1.0,High
TXP12469,54,Pharmacist,Chennai,639941,135409,16137,0,0,0.2115960690126121,0.02521638713568907,0.23681245614830118,0,0,8,2,0,0.006,Low
TXP12470,59,Architect,Bangalore,612154,281236,75422,1,0,0.45942034194010006,0.12320755888224205,0.5826279008223421,0,0,1,1,0,0.004,Low
TXP12471,34,Architect,Mumbai,440152,262685,75235,3,0,0.5968051945691488,0.17092958796052274,0.7677347825296715,0,0,1,8,0,0.008,Low
TXP12472,38,Accountant,Hyderabad,568807,654875,85330,0,0,1.1513131870739988,0.1500157346868094,1.3013289217608082,1,0,0,4,0,0.024,Low
TXP12473,42,Teacher,Kolkata,298929,128853,13037,0,0,0.43104884437441665,0.043612362801869343,0.474661207176286,0,0,9,6,0,0.0,
TXP12474,30,Freelancer,Delhi,549800,320719,69629,1,0,0.5833375773008367,0.1266442342670062,0.7099818115678429,0,0,6,3,0,0.006,Low
TXP12475,51,Architect,Bangalore,1003536,1168578,141504,0,0,1.164460467785909,0.14100540488831492,1.3054658726742239,1,1,1,1,1,0.702,High
TXP12476,66,Engineer,Kolkata,482014,172849,12870,0,0,0.35859746812333254,0.02670046928097524,0.38529793740430773,0,0,5,6,0,0.0,
TXP12477,28,Lawyer,Chennai,983093,1170432,171021,2,0,1.1905608116424387,0.17396217855279206,1.3645229901952307,1,0,7,2,1,0.064,Low
TXP12478,28,Engineer,Jaipur,336674,69913,61654,3,1,0.20765785299726144,0.18312670417080024,0.3907845571680617,1,0,5,5,0,0.078,Low
TXP12479,53,Business Owner,Hyderabad,1381562,525610,239122,1,1,0.3804461906161287,0.17308090407813764,0.5535270946942663,1,0,2,4,1,0.112,Low
TXP12480,55,Lawyer,Chennai,678571,186998,114294,1,0,0.2755761740481099,0.16843336953686497,0.4440095435849749,0,0,7,2,0,0.0,
TXP12481,31,Lawyer,Delhi,743791,165511,114613,2,0,0.22252353147591192,0.15409301806555875,0.37661654954147067,0,0,7,3,0,0.004,Low
TXP12482,33,Doctor,Kolkata,579742,198171,77695,1,1,0.3418261916507688,0.13401651079273194,0.47584270244350074,1,0,4,6,0,0.054,Low
TXP12483,61,Lawyer,Lucknow,1083037,226307,153956,0,0,0.20895592671349178,0.14215211484002854,0.3511080415535203,0,0,7,7,0,0.0,
TXP12484,55,Consultant,Delhi,931314,432635,153807,0,0,0.4645425710340444,0.16515052925221782,0.6296931002862622,0,0,3,3,0,0.0,
TXP12485,51,Engineer,Pune,603507,214430,84038,0,0,0.3553065664524189,0.1392494204706822,0.49455598692310115,0,0,5,9,0,0.002,Low
TXP12486,40,Business Owner,Bangalore,854229,332307,67476,0,0,0.38901395293299573,0.07899052830095911,0.4680044812339548,0,0,2,1,0,0.0,
TXP12487,54,Business Owner,Jaipur,1835809,1885860,160950,5,1,1.0272637295056295,0.08767251930892593,1.1149362488145553,3,1,2,5,1,0.996,High
TXP12488,31,Consultant,Hyderabad,614926,130916,111590,0,0,0.21289716160968963,0.18146898976462209,0.3943661513743117,0,0,3,4,0,0.0,
TXP12489,63,Engineer,Ahmedabad,275695,113734,6363,0,0,0.41253559186782496,0.023079852735813127,0.4356154446036381,0,0,5,0,0,0.026,Low
TXP12490,48,Pharmacist,Kolkata,545838,323820,79576,0,0,0.5932529431809438,0.14578684518117097,0.7390397883621148,0,0,8,6,0,0.036,Low
TXP12491,32,Business Owner,Lucknow,758090,146548,145447,1,0,0.19331213971955835,0.19185980556398316,0.38517194528354154,0,0,2,7,0,0.0,
TXP12492,25,Pharmacist,Ahmedabad,598860,166829,88104,0,0,0.27857763083191395,0.14711952710149284,0.4256971579334068,0,0,8,0,0,0.014,Low
TXP12493,38,Architect,Bangalore,589017,318809,117157,2,0,0.5412560248685522,0.1989025783636126,0.7401586032321648,0,0,1,1,0,0.01,Low
TXP12494,26,Engineer,Bangalore,690556,126041,382193,0,0,0.1825210410162246,0.5534569245651331,0.7359779655813576,1,0,5,1,1,0.048,Low
TXP12495,59,Doctor,Hyderabad,1080300,587843,28288,2,0,0.5441479218735537,0.02618531889290012,0.5703332407664538,0,0,4,4,0,0.0,
TXP12496,27,Engineer,Lucknow,418671,161577,70697,3,0,0.38592833035963797,0.16886051338640604,0.554788843746044,0,0,5,7,0,0.0,
TXP12497,37,Teacher,Bangalore,316043,105469,22512,1,0,0.3337172473365966,0.07123081352853884,0.40494806086513546,0,0,9,1,0,0.0,
TXP12498,64,Engineer,Ahmedabad,588649,170329,59035,1,0,0.28935579606862494,0.10028896676967089,0.3896447628382958,0,0,5,0,0,0.0,
TXP12499,64,Engineer,Lucknow,830632,235652,63274,3,0,0.2837020485606141,0.07617573125042136,0.35987777981103547,0,0,5,7,0,0.008,Low
TXP12500,48,Teacher,Ahmedabad,310497,89302,154057,0,0,0.2876098641854833,0.4961626038254798,0.7837724680109631,1,0,9,0,0,0.044,Low
TXP12501,33,Doctor,Delhi,681099,373352,66511,3,0,0.5481611336971571,0.0976524704925422,0.6458136041896992,0,0,4,3,0,0.002,Low
TXP12502,44,Engineer,Chennai,671721,319542,59229,1,0,0.47570643168815624,0.08817500122818848,0.5638814329163447,0,0,5,2,0,0.0,
TXP12503,59,Accountant,Lucknow,492277,222201,65965,1,0,0.45137392159292433,0.13399976029755606,0.5853736818904803,0,0,0,7,0,0.0,
TXP12504,35,Doctor,Mumbai,830505,423090,138168,0,0,0.5094370292773673,0.1663662470424621,0.6758032763198295,0,0,4,8,0,0.0,
TXP12505,50,Accountant,Chennai,394846,104911,29011,1,0,0.2657010581340573,0.07347421526367241,0.33917527339772974,0,0,0,2,0,0.002,Low
TXP12506,63,Teacher,Chennai,482859,206721,28232,1,0,0.42811876759053885,0.05846841417473838,0.4865871817652772,0,0,9,2,0,0.0,
TXP12507,25,Accountant,Lucknow,415229,148249,58149,1,0,0.3570294945680576,0.14004079676515852,0.4970702913332161,0,0,0,7,0,0.0,
TXP12508,36,Consultant,Jaipur,692084,347494,97346,1,0,0.502098011224071,0.14065633651406476,0.6427543477381358,0,0,3,5,0,0.002,Low
TXP12509,55,Teacher,Bangalore,348051,100644,63416,0,0,0.28916451899290624,0.1822031828668787,0.47136770185978494,0,0,9,1,0,0.0,
TXP12510,54,Teacher,Delhi,464761,204230,274555,0,0,0.4394301587267434,0.5907444901788231,1.0301746489055665,1,0,9,3,0,0.248,Low
TXP12511,39,Accountant,Jaipur,417515,228378,72458,0,0,0.5469935211908554,0.17354586062776187,0.7205393818186173,0,0,0,5,0,0.002,Low
TXP12512,55,Consultant,Jaipur,1107066,366403,125962,0,0,0.3309676207199932,0.11378002756836539,0.4447476482883586,0,0,3,5,0,0.002,Low
TXP12513,55,Architect,Mumbai,771148,138791,101663,0,0,0.17997971854948724,0.13183331863663006,0.3118130371861173,0,0,1,8,0,0.0,
TXP12514,57,Consultant,Kolkata,825077,315363,30071,0,0,0.3822225077174615,0.036446295315467524,0.418668803032929,0,0,3,6,0,0.0,
TXP12515,34,Business Owner,Lucknow,806146,246428,78898,0,0,0.3056865629799069,0.09787060904600407,0.40355717202591096,0,0,2,7,0,0.0,
TXP12516,33,Engineer,Ahmedabad,685671,693463,41767,7,1,1.0113640506890331,0.0609140535329626,1.0722781042219958,3,1,5,0,0,0.97,High
TXP12517,38,Engineer,Bangalore,491477,284056,32319,0,1,0.5779639738990838,0.06575892666391306,0.6437229005629969,1,0,5,1,0,0.022,Low
TXP12518,40,Doctor,Jaipur,1053332,388177,116642,3,0,0.36852293483915805,0.11073621612179256,0.47925915096095056,0,0,4,5,0,0.0,
TXP12519,63,Architect,Delhi,494630,177960,82228,1,0,0.35978408103026505,0.166241432990316,0.5260255140205811,0,0,1,3,0,0.004,Low
TXP12520,41,Business Owner,Kolkata,1154736,513353,177691,1,0,0.4445630862811933,0.1538801942608527,0.598443280542046,0,0,2,6,0,0.008,Low
TXP12521,32,Freelancer,Mumbai,366709,72085,46344,0,1,0.1965727593268777,0.12637813634244047,0.32295089566931817,1,0,6,8,0,0.02,Low
TXP12522,48,Lawyer,Pune,653119,172474,76477,1,1,0.26407744989810433,0.11709504699756093,0.38117249689566524,1,0,7,9,0,0.02,Low
TXP12523,63,Consultant,Bangalore,883437,899779,85618,1,0,1.018498206436905,0.09691466397717098,1.115412870414076,1,0,3,1,0,0.034,Low
TXP12524,37,Engineer,Pune,680318,307146,132721,3,0,0.45147416355292674,0.19508670945058046,0.6465608730035072,0,0,5,9,0,0.024,Low
TXP12525,48,Doctor,Chennai,1041802,1072028,125885,1,0,1.0290131906062765,0.12083390125954836,1.1498470918658248,1,0,4,2,1,0.024,Low
TXP12526,45,Accountant,Jaipur,372012,302050,24446,6,1,0.8119361741019107,0.06571293399137662,0.8776491080932873,3,1,0,5,0,0.998,High
TXP12527,53,Teacher,Hyderabad,413850,189243,25417,2,0,0.45727437477346866,0.06141597197052072,0.5186903467439894,0,0,9,4,0,0.0,
TXP12528,43,Teacher,Bangalore,500326,247150,65064,0,0,0.4939779263919924,0.13004321182588952,0.624021138217882,0,0,9,1,0,0.004,Low
TXP12529,44,Consultant,Ahmedabad,668704,353033,76305,0,0,0.5279361271952911,0.11410878355744844,0.6420449107527396,0,0,3,0,0,0.014,Low
TXP12530,67,Engineer,Kolkata,884272,248904,18910,1,0,0.28147900193605585,0.021384822769464597,0.3028638247055205,0,0,5,6,0,0.004,Low
TXP12531,55,Teacher,Delhi,334210,190153,56619,0,0,0.5689626282876036,0.16941144789204393,0.7383740761796476,0,0,9,3,0,0.0,
TXP12532,44,Teacher,Bangalore,267655,106747,39276,0,0,0.3988231118417366,0.1467411406474753,0.5455642524892118,0,0,9,1,0,0.0,
TXP12533,58,Lawyer,Ahmedabad,823591,745286,114585,7,1,0.9049224675840314,0.13912852374540274,1.0440509913294342,3,1,7,0,0,0.968,High
TXP12534,55,Consultant,Lucknow,938676,392866,30394,0,0,0.4185320600505393,0.03237964963416557,0.45091170968470484,0,0,3,7,0,0.0,
TXP12535,53,Freelancer,Pune,324273,337105,27618,6,1,1.0395715955383273,0.08516897799076704,1.1247405735290943,3,1,6,9,0,0.998,High
TXP12536,62,Freelancer,Lucknow,359949,209994,67803,2,0,0.5833993149029446,0.18836835218322595,0.7717676670861705,0,0,6,7,0,0.0,
TXP12537,35,Consultant,Kolkata,856837,175903,150174,0,0,0.2052934222028227,0.17526554058706614,0.3805589627898889,0,0,3,6,0,0.002,Low
TXP12538,64,Freelancer,Mumbai,450459,119235,32161,0,0,0.2646966760570884,0.07139606490268814,0.3360927409597766,0,0,6,8,0,0.002,Low
TXP12539,41,Engineer,Jaipur,687693,354940,33195,0,0,0.5161314714560131,0.04827008563414198,0.564401557090155,0,0,5,5,0,0.0,
TXP12540,44,Freelancer,Bangalore,485674,208047,48973,0,1,0.4283675881352512,0.1008351280900357,0.5292027162252869,1,0,6,1,0,0.044,Low
TXP12541,36,Lawyer,Hyderabad,1019906,537660,85722,0,1,0.5271662290446375,0.08404892215557119,0.6112151512002086,1,0,7,4,0,0.05,Low
TXP12542,44,Engineer,Pune,535154,204472,76420,0,0,0.3820806721055995,0.14280001644386475,0.5248806885494642,0,0,5,9,0,0.0,
TXP12543,31,Doctor,Pune,846346,270531,164155,0,0,0.3196458658751858,0.19395731769276395,0.5136031835679498,0,0,4,9,0,0.0,
TXP12544,63,Freelancer,Bangalore,310894,265721,26531,7,1,0.854699672557206,0.08533776785656848,0.9400374404137745,3,1,6,1,0,0.99,High
TXP12545,30,Freelancer,Chennai,643265,591537,20070,6,1,0.9195852409193722,0.03120020520314334,0.9507854461225156,3,1,6,2,0,0.998,High
TXP12546,46,Engineer,Lucknow,504858,270229,91667,2,0,0.5352574387253446,0.18156986717057075,0.7168273058959153,0,0,5,7,0,0.004,Low
TXP12547,67,Freelancer,Pune,619327,157227,16617,2,0,0.2538675045654396,0.026830737235741378,0.28069824180118097,0,0,6,9,0,0.012,Low
TXP12548,55,Architect,Ahmedabad,612622,325872,117315,1,0,0.5319299666025706,0.1914965508910878,0.7234265174936584,0,0,1,0,0,0.048,Low
TXP12549,34,Engineer,Delhi,630299,134025,88005,0,0,0.2126371769588719,0.13962421009711265,0.35226138705598453,0,0,5,3,0,0.0,
TXP12550,45,Engineer,Jaipur,525755,216137,99632,1,0,0.41109832526557044,0.18950271514298486,0.6006010404085553,0,0,5,5,0,0.002,Low
TXP12551,45,Freelancer,Pune,297600,163575,16647,0,0,0.5496471774193549,0.0559375,0.6055846774193548,0,0,6,9,0,0.0,
TXP12552,66,Engineer,Ahmedabad,338285,122828,9243,0,0,0.3630902936872755,0.027323115124820788,0.3904134088120963,0,0,5,0,0,0.0,
TXP12553,48,Business Owner,Kolkata,777870,378009,83914,2,0,0.48595395117436074,0.10787663748441256,0.5938305886587734,0,0,2,6,0,0.012,Low
TXP12554,45,Doctor,Kolkata,735218,376506,74339,0,1,0.5121011727133993,0.10111150706321119,0.6132126797766104,1,0,4,6,0,0.014,Low
TXP12555,51,Accountant,Jaipur,571187,274982,45505,0,1,0.48142202115944516,0.0796674294057813,0.5610894505652264,1,0,0,5,0,0.04,Low
TXP12556,52,Freelancer,Chennai,601556,340720,115726,2,0,0.5663978083503448,0.19237776699093684,0.7587755753412816,0,0,6,2,0,0.024,Low
TXP12557,36,Business Owner,Hyderabad,1021697,860977,171711,6,1,0.8426930880681845,0.16806450444701315,1.0107575925151977,3,1,2,4,1,0.998,High
TXP12558,41,Consultant,Jaipur,591247,134749,82233,0,0,0.22790644180858424,0.13908400380889882,0.36699044561748306,0,0,3,5,0,0.0,
TXP12559,25,Consultant,Mumbai,490311,84095,24179,0,1,0.17151359035387745,0.04931359891986922,0.22082718927374667,1,0,3,8,0,0.034,Low
TXP12560,52,Freelancer,Chennai,522009,136195,79438,1,0,0.2609054633157666,0.15217745287916493,0.4130829161949315,0,0,6,2,0,0.004,Low
TXP12561,44,Business Owner,Pune,1753277,375970,745685,1,0,0.21443844868780004,0.4253092922567284,0.6397477409445285,1,0,2,9,1,0.192,Low
TXP12562,38,Doctor,Jaipur,1053266,422440,101653,0,0,0.40107627133126866,0.0965121821078436,0.49758845343911223,0,0,4,5,0,0.002,Low
TXP12563,50,Teacher,Lucknow,392595,443507,73203,1,0,1.1296807142220355,0.18645932831543957,1.316140042537475,1,0,9,7,0,0.072,Low
TXP12564,54,Doctor,Kolkata,927708,155409,46437,3,0,0.16751930564358614,0.05005562094969538,0.2175749265932815,0,0,4,6,0,0.01,Low
TXP12565,38,Consultant,Ahmedabad,1055572,175431,71906,0,0,0.16619520032740542,0.06812041243989041,0.23431561276729584,0,0,3,0,0,0.0,
TXP12566,46,Lawyer,Jaipur,983020,980076,30847,2,0,0.9970051474029012,0.031379829504994815,1.028384976907896,1,0,7,5,1,0.02,Low
TXP12567,47,Teacher,Lucknow,388767,161786,63439,3,0,0.4161515766513104,0.1631800024179007,0.5793315790692111,0,0,9,7,0,0.006,Low
TXP12568,67,Engineer,Chennai,551882,171711,72802,0,0,0.31113716337912817,0.1319158805686723,0.44305304394780043,0,0,5,2,0,0.008,Low
TXP12569,36,Freelancer,Mumbai,245693,135721,18842,1,0,0.5524007602984212,0.07668920156455414,0.6290899618629754,0,0,6,8,0,0.0,
TXP12570,45,Architect,Ahmedabad,540584,98163,26751,0,1,0.1815869504091871,0.04948537137614136,0.23107232178532847,1,0,1,0,0,0.014,Low
TXP12571,66,Accountant,Delhi,549084,324588,198706,1,1,0.5911445243350744,0.361886341616219,0.9530308659512934,2,1,0,3,0,0.926,High
TXP12572,60,Consultant,Mumbai,760941,831684,38057,2,0,1.092967785938726,0.050013075915215505,1.1429808618539414,1,0,3,8,0,0.116,Low
TXP12573,56,Engineer,Pune,888942,206731,90308,0,1,0.23255847963084206,0.10159042997180918,0.33414890960265126,1,0,5,9,0,0.056,Low
TXP12574,26,Teacher,Lucknow,354876,161674,22886,1,0,0.45557885007721005,0.06449013176433459,0.5200689818415446,0,0,9,7,0,0.0,
TXP12575,42,Consultant,Jaipur,962191,840378,64098,6,1,0.8734003955555601,0.06661671123508742,0.9400171067906476,3,1,3,5,0,1.0,High
TXP12576,46,Lawyer,Jaipur,791230,271553,140525,0,0,0.34320361968075025,0.17760322535798692,0.5208068450387372,0,0,7,5,0,0.002,Low
TXP12577,52,Pharmacist,Bangalore,468832,252107,198478,0,0,0.5377341990307829,0.4233456760630674,0.9610798750938503,1,0,8,1,0,0.016,Low
TXP12578,53,Engineer,Kolkata,400648,87272,60604,0,0,0.2178271200654939,0.15126495077973684,0.3690920708452307,0,0,5,6,0,0.0,
TXP12579,62,Doctor,Pune,651534,179482,17218,1,0,0.2754760304143759,0.02642686337167362,0.30190289378604956,0,0,4,9,0,0.0,
TXP12580,67,Architect,Lucknow,734317,141041,62952,3,0,0.19207099930956248,0.08572864307921511,0.2777996423887776,0,1,1,7,0,0.668,High
TXP12581,48,Doctor,Jaipur,801512,196286,85161,2,0,0.2448946491131761,0.10625043667468484,0.35114508578786097,0,0,4,5,0,0.0,
TXP12582,60,Pharmacist,Delhi,594293,152987,31827,0,0,0.257426892122236,0.05355439152068087,0.3109812836429169,0,0,8,3,0,0.002,Low
TXP12583,31,Pharmacist,Ahmedabad,518125,291670,21571,1,1,0.5629336550060313,0.04163281061519904,0.6045664656212304,1,0,8,0,0,0.086,Low
TXP12584,65,Engineer,Pune,547131,101300,96653,0,0,0.18514761547051803,0.17665421992173722,0.36180183539225524,0,0,5,9,0,0.008,Low
TXP12585,39,Teacher,Chennai,478897,163944,90558,0,0,0.3423366611191968,0.18909702921505042,0.5314336903342473,0,0,9,2,0,0.006,Low
TXP12586,31,Engineer,Delhi,585914,228260,265194,0,0,0.3895793580627874,0.4526159129155473,0.8421952709783347,1,0,5,3,0,0.128,Low
TXP12587,24,Accountant,Ahmedabad,666300,727516,55185,0,0,1.0918745309920457,0.08282305267897344,1.174697583671019,1,0,0,0,0,0.012,Low
TXP12588,67,Doctor,Hyderabad,719758,431108,138547,1,0,0.598962429038649,0.19249108728211425,0.7914535163207633,0,0,4,4,0,0.03,Low
TXP12589,28,Engineer,Kolkata,706439,345466,24703,3,0,0.4890245300726602,0.03496834121558974,0.5239928712882499,0,0,5,6,0,0.008,Low
TXP12590,26,Accountant,Pune,642801,377231,87328,1,0,0.5868550297837122,0.13585542026225847,0.7227104500459707,0,0,0,9,0,0.01,Low
TXP12591,24,Accountant,Lucknow,570849,287819,111315,1,0,0.5041946294028719,0.19499902776390954,0.6991936571667814,0,0,0,7,0,0.04,Low
TXP12592,27,Pharmacist,Mumbai,264551,154349,137505,0,0,0.5834375980434774,0.5197674550464749,1.1032050530899524,1,0,8,8,0,0.048,Low
TXP12593,63,Consultant,Ahmedabad,753285,352742,78959,3,0,0.46827163689705753,0.10481955700697611,0.5730911939040336,0,0,3,0,0,0.002,Low
TXP12594,58,Freelancer,Chennai,634569,117962,363386,1,0,0.18589310224735214,0.5726500979404919,0.758543200187844,1,0,6,2,1,0.034,Low
TXP12595,55,Teacher,Jaipur,381648,126273,21515,2,0,0.33086247012954345,0.05637393619251247,0.3872364063220559,0,0,9,5,0,0.0,
TXP12596,65,Consultant,Mumbai,830250,366114,149551,0,0,0.4409683830171635,0.180127672387835,0.6210960554049985,0,0,3,8,0,0.0,
TXP12597,57,Lawyer,Delhi,469435,144503,86424,1,0,0.30782323431358977,0.18410216536900742,0.4919253996825972,0,0,7,3,0,0.004,Low
TXP12598,66,Freelancer,Kolkata,341931,93354,44252,1,0,0.273019995262202,0.12941792349918552,0.4024379187613875,0,0,6,6,0,0.0,
TXP12599,48,Pharmacist,Lucknow,541135,221773,85451,0,1,0.4098293401831336,0.15791068772117864,0.5677400279043122,1,0,8,7,0,0.28,Low
TXP12600,33,Lawyer,Mumbai,1002595,954569,153585,1,0,0.9520983048987877,0.15318747849330985,1.1052857833920975,1,1,7,8,1,0.69,High
TXP12601,44,Business Owner,Chennai,1685866,279418,234550,2,0,0.16574152394081143,0.13912730905066,0.30486883299147144,0,0,2,2,1,0.024,Low
TXP12602,62,Consultant,Ahmedabad,723923,359177,122277,0,0,0.49615359644603085,0.16890884804046838,0.6650624444864992,0,0,3,0,0,0.04,Low
TXP12603,50,Architect,Lucknow,714931,339754,102501,0,0,0.4752262805781257,0.14337187784555433,0.61859815842368,0,0,1,7,0,0.0,
TXP12604,50,Freelancer,Hyderabad,452456,264134,52539,1,0,0.5837783121452694,0.11611957847834928,0.6998978906236186,0,0,6,4,0,0.0,
TXP12605,25,Lawyer,Jaipur,653264,371589,40928,0,0,0.56881903793872,0.06265154669475127,0.6314705846334713,0,0,7,5,0,0.018,Low
TXP12606,64,Lawyer,Kolkata,336052,321101,51718,5,1,0.9555098615690429,0.15389880137597753,1.1094086629450204,3,1,7,6,0,0.994,High
TXP12607,36,Doctor,Mumbai,886201,340464,93245,1,0,0.38418372355707114,0.10521879347913171,0.48940251703620286,0,0,4,8,0,0.002,Low
TXP12608,32,Freelancer,Kolkata,476092,115176,34784,0,0,0.2419196289792729,0.07306150912008604,0.31498113809935896,0,0,6,6,0,0.0,
TXP12609,59,Doctor,Kolkata,676364,267404,111160,2,0,0.39535516378754637,0.1643493740057129,0.5597045377932592,0,0,4,6,0,0.0,
TXP12610,45,Consultant,Kolkata,458548,226709,66676,1,0,0.49440625626979073,0.14540680583057827,0.639813062100369,0,0,3,6,0,0.002,Low
TXP12611,65,Engineer,Ahmedabad,694460,384071,131059,2,0,0.5530498516833223,0.1887207326555885,0.7417705843389109,0,0,5,0,0,0.028,Low
TXP12612,49,Engineer,Kolkata,560111,283063,27882,1,0,0.5053694714083459,0.04977941872236039,0.5551488901307062,0,0,5,6,0,0.0,
TXP12613,35,Teacher,Hyderabad,383412,91202,52471,2,1,0.237869445922402,0.13685278499368825,0.37472223091609025,1,0,9,4,0,0.126,Low
TXP12614,40,Freelancer,Delhi,729607,306331,46667,0,0,0.41985753974399914,0.06396183150655078,0.48381937125054997,0,0,6,3,0,0.0,
TXP12615,37,Engineer,Chennai,278785,83489,50918,0,0,0.2994745054432627,0.182642538156644,0.48211704359990676,0,0,5,2,0,0.0,
TXP12616,37,Accountant,Lucknow,480039,73994,18198,0,0,0.15414164265820068,0.037909419859636403,0.1920510625178371,0,0,0,7,0,0.0,
TXP12617,57,Teacher,Hyderabad,337437,373773,46603,0,0,1.107682322922501,0.13810874326170514,1.2457910661842062,1,1,9,4,0,0.732,High
TXP12618,43,Engineer,Lucknow,818223,164421,132875,2,0,0.2009488855727595,0.16239460391604735,0.36334348948880685,0,0,5,7,0,0.0,
TXP12619,34,Engineer,Chennai,354539,187630,29740,0,0,0.5292224550754642,0.08388357839335024,0.6131060334688144,0,0,5,2,0,0.0,
TXP12620,39,Consultant,Delhi,1098454,292548,210622,2,1,0.2663270378186069,0.19174403297725712,0.458071070795864,1,0,3,3,0,0.086,Low
TXP12621,54,Teacher,Pune,358151,99606,62007,0,0,0.2781117461629313,0.1731308861346192,0.45124263229755046,0,0,9,9,0,0.002,Low
TXP12622,29,Doctor,Lucknow,780799,454402,57022,0,0,0.581970519941752,0.07303031894251914,0.6550008388842711,0,0,4,7,0,0.002,Low
TXP12623,42,Consultant,Lucknow,714349,229012,15256,2,0,0.3205883958681261,0.021356507813407734,0.3419449036815338,0,0,3,7,0,0.0,
TXP12624,60,Pharmacist,Delhi,456373,70424,33496,0,0,0.1543123716784297,0.07339610362576227,0.22770847530419197,0,0,8,3,0,0.004,Low
TXP12625,27,Business Owner,Mumbai,1619246,449714,114376,2,0,0.2777304992570616,0.07063534509271599,0.34836584434977763,0,0,2,8,1,0.02,Low
TXP12626,27,Teacher,Hyderabad,285888,58231,51515,0,0,0.20368465972688604,0.18019294269084396,0.38387760241773,0,0,9,4,0,0.0,
TXP12627,43,Consultant,Mumbai,812174,159400,157628,3,0,0.19626336228443658,0.19408156380283043,0.390344926087267,0,0,3,8,0,0.0,
TXP12628,33,Pharmacist,Mumbai,461581,85332,233072,1,0,0.184868961244072,0.5049427944391125,0.6898117556831845,1,0,8,8,0,0.012,Low
TXP12629,47,Freelancer,Mumbai,335679,139966,35190,1,0,0.41696382555953754,0.10483229513910611,0.5217961206986437,0,0,6,8,0,0.0,
TXP12630,58,Accountant,Kolkata,808597,190187,95980,0,0,0.23520616574140146,0.11869942629022863,0.3539055920316301,0,0,0,6,0,0.0,
TXP12631,49,Business Owner,Jaipur,1367620,427462,640988,0,0,0.3125590441789386,0.4686886708296164,0.781247715008555,1,0,2,5,1,0.09,Low
TXP12632,60,Freelancer,Lucknow,541989,291540,47667,2,0,0.5379075959106181,0.08794827939312422,0.6258558753037423,0,0,6,7,0,0.012,Low
TXP12633,61,Engineer,Mumbai,770666,262760,59398,2,0,0.3409518520344741,0.07707359608442568,0.41802544811889975,0,0,5,8,0,0.002,Low
TXP12634,44,Accountant,Hyderabad,407865,229245,47512,0,0,0.5620609760582546,0.11648952472018928,0.6785505007784438,0,0,0,4,0,0.0,
TXP12635,63,Consultant,Jaipur,1065412,398540,148107,0,1,0.37407125130935265,0.13901382751461405,0.5130850788239667,1,0,3,5,0,0.066,Low
TXP12636,62,Business Owner,Jaipur,200000,65895,29325,0,0,0.329475,0.146625,0.4761,0,0,2,5,0,0.0,
TXP12637,44,Accountant,Mumbai,473123,491198,21108,6,1,1.0382035961050298,0.0446141912356829,1.0828177873407128,3,1,0,8,0,0.996,High
TXP12638,33,Business Owner,Ahmedabad,1016387,185926,169056,1,0,0.18292835307810904,0.1663303446423459,0.3492586977204549,0,0,2,0,0,0.002,Low
TXP12639,61,Engineer,Mumbai,687258,130761,97685,0,0,0.1902647913883869,0.14213730505865338,0.3324020964470403,0,0,5,8,0,0.0,
TXP12640,27,Accountant,Ahmedabad,571871,253560,102955,0,0,0.44338670784145373,0.18003186033213783,0.6234185681735916,0,0,0,0,0,0.03,Low
TXP12641,43,Freelancer,Mumbai,424977,156868,183196,1,0,0.36912115243883786,0.4310727404071279,0.8001938928459658,1,0,6,8,0,0.038,Low
TXP12642,40,Engineer,Hyderabad,598200,302501,108214,0,0,0.5056853895018388,0.1808993647609495,0.6865847542627883,0,0,5,4,0,0.004,Low
TXP12643,30,Engineer,Ahmedabad,453296,254898,79707,1,0,0.562321308813667,0.17583874554375067,0.7381600543574177,0,0,5,0,0,0.012,Low
TXP12644,27,Pharmacist,Kolkata,350276,380295,34647,3,0,1.085700990076397,0.09891342826799439,1.1846144183443912,1,0,8,6,0,0.032,Low
TXP12645,52,Engineer,Jaipur,708976,296624,62819,0,1,0.4183836970503938,0.08860525603123377,0.5069889530816276,1,0,5,5,0,0.014,Low
TXP12646,37,Engineer,Mumbai,704055,264241,132296,1,0,0.3753130082166876,0.187905774406829,0.5632187826235167,0,0,5,8,0,0.002,Low
TXP12647,26,Pharmacist,Jaipur,658449,548460,97930,7,1,0.8329574500075176,0.14872829938233637,0.9816857493898541,3,1,8,5,0,0.998,High
TXP12648,47,Freelancer,Mumbai,331497,173700,62017,0,1,0.5239866424130535,0.18708163271462486,0.7110682751276783,1,1,6,8,0,0.68,High
TXP12649,60,Business Owner,Lucknow,1477126,827607,241444,0,0,0.5602819258478965,0.16345525026301075,0.7237371761109073,0,0,2,7,1,0.004,Low
TXP12650,39,Consultant,Lucknow,698932,184834,90632,0,0,0.26445204969868313,0.12967212833294225,0.3941241780316254,0,0,3,7,0,0.0,
TXP12651,27,Engineer,Bangalore,778571,387445,31807,0,0,0.4976360537446167,0.040853050010853216,0.53848910375547,0,0,5,1,0,0.01,Low
TXP12652,47,Freelancer,Mumbai,603294,162565,43718,0,0,0.26946231853789365,0.07246549775068209,0.3419278162885757,0,0,6,8,0,0.0,
TXP12653,57,Teacher,Bangalore,362672,351857,70500,6,1,0.970179666475493,0.19439052366876958,1.1645701901442627,3,1,9,1,0,0.982,High
TXP12654,53,Consultant,Delhi,688884,396053,53385,1,0,0.5749197252367597,0.07749490480255021,0.65241463003931,0,0,3,3,0,0.0,
TXP12655,41,Teacher,Delhi,407655,64689,14995,3,0,0.158685653309784,0.03678355472151697,0.19546920803130097,0,0,9,3,0,0.006,Low
TXP12656,42,Business Owner,Jaipur,1458761,852536,214962,1,0,0.584424727559895,0.14735930011838813,0.7317840276782831,0,0,2,5,1,0.09,Low
TXP12657,54,Teacher,Ahmedabad,308933,67090,46995,0,0,0.21716682905354884,0.15212036266763343,0.36928719172118224,0,0,9,0,0,0.014,Low
TXP12658,42,Teacher,Mumbai,270332,140233,19296,0,0,0.5187436189574302,0.07137889705991152,0.5901225160173417,0,0,9,8,0,0.0,
TXP12659,42,Freelancer,Chennai,406720,111508,29926,0,0,0.27416404405979544,0.07357887490165224,0.34774291896144766,0,0,6,2,0,0.002,Low
TXP12660,45,Business Owner,Mumbai,1806165,555966,188564,0,0,0.3078157311209109,0.10440020706856794,0.4122159381894788,0,0,2,8,1,0.004,Low
TXP12661,47,Business Owner,Mumbai,1658594,410569,39676,1,0,0.24754038661661623,0.0239214660127795,0.27146185262939576,0,0,2,8,1,0.004,Low
TXP12662,35,Accountant,Chennai,438767,181421,71114,1,0,0.4134791358511465,0.1620769109800874,0.5755560468312338,0,0,0,2,0,0.0,
TXP12663,53,Teacher,Delhi,279934,85839,21576,0,0,0.306640136603628,0.07707531060892925,0.38371544721255724,0,0,9,3,0,0.0,
TXP12664,61,Freelancer,Bangalore,641202,285865,111362,0,0,0.44582674414615053,0.1736769380008172,0.6195036821469677,0,0,6,1,0,0.014,Low
TXP12665,54,Consultant,Jaipur,545585,85679,89734,0,0,0.15704060778797072,0.1644729968749141,0.3215136046628848,0,0,3,5,0,0.004,Low
TXP12666,59,Business Owner,Delhi,1403718,251221,195190,0,0,0.17896828280324112,0.13905214580136466,0.3180204286046058,0,0,2,3,0,0.0,
TXP12667,42,Architect,Chennai,551428,107444,43274,0,0,0.19484683403817,0.07847624712564469,0.27332308116381465,0,0,1,2,0,0.014,Low
TXP12668,59,Consultant,Mumbai,1041068,352450,117575,2,0,0.3385465694844141,0.11293690709924809,0.45148347658366217,0,0,3,8,0,0.0,
TXP12669,53,Teacher,Delhi,303774,156947,30398,0,0,0.5166571200958607,0.10006781357193177,0.6167249336677925,0,0,9,3,0,0.0,
TXP12670,56,Business Owner,Hyderabad,1657344,1556453,134242,8,1,0.9391248889789929,0.0809982719338894,1.0201231609128822,3,1,2,4,1,0.982,High
TXP12671,41,Architect,Lucknow,679577,176802,117338,0,0,0.2601647789728022,0.17266328907541015,0.43282806804821233,0,0,1,7,0,0.002,Low
TXP12672,51,Business Owner,Mumbai,1300877,531364,139234,0,0,0.4084659810266459,0.10703087225002825,0.5154968532766742,0,0,2,8,0,0.002,Low
TXP12673,34,Consultant,Pune,395344,195997,222068,2,0,0.4957631834554211,0.5617082844307743,1.0574714678861954,1,0,3,9,0,0.316,Low
TXP12674,56,Business Owner,Chennai,318834,89264,12415,1,0,0.2799701412020048,0.03893875809982624,0.31890889930183103,0,0,2,2,0,0.002,Low
TXP12675,40,Teacher,Kolkata,336766,112497,15283,0,0,0.33405094338502106,0.0453816596687314,0.3794326030537525,0,0,9,6,0,0.0,
TXP12676,29,Engineer,Ahmedabad,637035,245760,124806,2,0,0.38578728013374464,0.19591702182768608,0.5817043019614306,0,0,5,0,0,0.026,Low
TXP12677,27,Accountant,Kolkata,437480,92174,55034,0,1,0.21069306025418305,0.1257977507543202,0.33649081100850325,1,0,0,6,0,0.04,Low
TXP12678,43,Pharmacist,Delhi,391130,63242,43712,0,1,0.16169048653900236,0.11175823894868714,0.2734487254876895,1,1,8,3,0,0.664,High
TXP12679,50,Business Owner,Mumbai,1424589,311646,162642,1,0,0.2187620429471237,0.11416766520027882,0.3329297081474025,0,0,2,8,0,0.008,Low
TXP12680,38,Teacher,Ahmedabad,383771,165821,22545,1,0,0.43208319544728496,0.05874597090452379,0.4908291663518088,0,0,9,0,0,0.002,Low
TXP12681,29,Architect,Ahmedabad,627961,114997,93796,0,0,0.18312761461300942,0.14936596380985442,0.33249357842286387,0,0,1,0,0,0.024,Low
TXP12682,37,Business Owner,Jaipur,1512080,355888,53316,0,0,0.23536320829585736,0.035260039151367654,0.270623247447225,0,0,2,5,1,0.002,Low
TXP12683,34,Teacher,Kolkata,279547,84432,34439,2,0,0.30203150096405973,0.1231957416820785,0.4252272426461382,0,0,9,6,0,0.0,
TXP12684,62,Freelancer,Mumbai,396609,73389,48679,0,0,0.18504118665990937,0.12273801149242705,0.30777919815233645,0,0,6,8,0,0.0,
TXP12685,32,Freelancer,Jaipur,697181,164719,128667,0,0,0.23626432734110653,0.1845532221905072,0.42081754953161377,0,0,6,5,0,0.002,Low
TXP12686,49,Engineer,Bangalore,610248,341782,70003,1,0,0.5600706597973283,0.11471237922942804,0.6747830390267563,0,0,5,1,0,0.008,Low
TXP12687,39,Teacher,Kolkata,357578,56742,15973,2,1,0.15868425909871411,0.04466997410355223,0.20335423320226637,1,1,9,6,0,0.778,High
TXP12688,28,Teacher,Lucknow,488356,216851,60114,0,0,0.44404287036506157,0.12309462768963625,0.5671374980546978,0,0,9,7,0,0.002,Low
TXP12689,33,Accountant,Lucknow,410065,132444,14942,1,0,0.3229829417287503,0.036438125663004646,0.35942106739175494,0,0,0,7,0,0.0,
TXP12690,26,Teacher,Jaipur,397785,180074,22547,1,0,0.4526917807358246,0.056681373103560966,0.5093731538393856,0,0,9,5,0,0.0,
TXP12691,36,Accountant,Bangalore,716398,297241,18339,0,0,0.41491042688561386,0.025598898936066265,0.4405093258216801,0,0,0,1,0,0.002,Low
TXP12692,66,Engineer,Hyderabad,551271,138134,61958,1,0,0.250573674290866,0.1123911832837207,0.36296485757458674,0,0,5,4,0,0.0,
TXP12693,53,Accountant,Hyderabad,635963,337851,22395,3,0,0.5312431698070486,0.0352143127823474,0.5664574825893959,0,0,0,4,0,0.008,Low
TXP12694,29,Doctor,Lucknow,603596,224159,63070,0,1,0.37137257370824195,0.10449042074500163,0.47586299445324354,1,0,4,7,0,0.044,Low
TXP12695,40,Teacher,Pune,308796,160617,58032,0,0,0.5201395095791397,0.18792989546496716,0.7080694050441068,0,0,9,9,0,0.008,Low
TXP12696,42,Consultant,Chennai,819293,272583,122531,2,0,0.3327051494398219,0.14955699609297285,0.48226214553279473,0,0,3,2,0,0.0,
TXP12697,65,Freelancer,Chennai,569785,337944,19335,1,0,0.5931079266740964,0.033933852242512524,0.627041778916609,0,0,6,2,0,0.01,Low
TXP12698,58,Accountant,Pune,662093,624832,39962,6,1,0.9437224075771833,0.06035707974559465,1.0040794873227779,3,1,0,9,0,0.998,High
TXP12699,49,Doctor,Jaipur,1113925,651286,157352,1,0,0.5846767062414435,0.14125906142693628,0.7259357676683799,0,0,4,5,0,0.0,
TXP12700,28,Engineer,Chennai,589883,225009,342697,1,0,0.3814468292864856,0.5809575797234366,0.9624044090099223,1,0,5,2,1,0.086,Low
TXP12701,52,Teacher,Chennai,421616,153114,10930,1,0,0.3631598421312284,0.02592406360289932,0.3890839057341277,0,0,9,2,0,0.0,
TXP12702,60,Engineer,Kolkata,548654,268815,91208,2,0,0.4899535955265067,0.16623956081610633,0.656193156342613,0,0,5,6,0,0.016,Low
TXP12703,43,Teacher,Kolkata,404125,220705,48950,0,0,0.5461305289205073,0.12112588926693474,0.667256418187442,0,0,9,6,0,0.004,Low
TXP12704,44,Engineer,Pune,631123,368491,74659,0,0,0.5838655856306932,0.11829548281396812,0.7021610684446613,0,0,5,9,0,0.0,
TXP12705,33,Consultant,Mumbai,830222,245785,159740,1,0,0.2960473222824738,0.19240636841712216,0.488453690699596,0,0,3,8,0,0.0,
TXP12706,28,Accountant,Bangalore,592350,301753,91563,0,1,0.509416729973833,0.15457584198531274,0.6639925719591457,1,0,0,1,0,0.186,Low
TXP12707,59,Engineer,Jaipur,359294,331742,62165,8,1,0.923316281374028,0.1730198667386597,1.0963361481126876,3,1,5,5,0,0.992,High
TXP12708,29,Consultant,Kolkata,547658,216603,45849,0,0,0.3955077804030983,0.08371830595006373,0.479226086353162,0,0,3,6,0,0.002,Low
TXP12709,49,Lawyer,Kolkata,925635,213758,110877,0,0,0.23093119858259464,0.11978479638302354,0.35071599496561817,0,0,7,6,0,0.004,Low
TXP12710,27,Engineer,Hyderabad,346908,106267,45366,0,0,0.3063261729334579,0.1307724238126535,0.43709859674611135,0,0,5,4,0,0.002,Low
TXP12711,62,Teacher,Bangalore,399872,385743,31144,7,1,0.9646661931818182,0.07788492317541613,1.0425511163572343,3,1,9,1,0,0.996,High
TXP12712,62,Business Owner,Hyderabad,1548622,334100,189930,2,0,0.21574018708245138,0.1226445188044597,0.33838470588691105,0,0,2,4,1,0.018,Low
TXP12713,58,Freelancer,Mumbai,499075,216888,31241,0,0,0.4345799729499574,0.06259780594099083,0.4971777788909483,0,0,6,8,0,0.002,Low
TXP12714,24,Engineer,Bangalore,431829,179999,19781,0,0,0.4168293468016275,0.045807483980927634,0.46263683078255513,0,0,5,1,0,0.002,Low
TXP12715,47,Accountant,Chennai,688013,140583,60073,0,0,0.20433189489152095,0.08731375715284449,0.29164565204436543,0,0,0,2,0,0.0,
TXP12716,59,Lawyer,Hyderabad,1409302,418126,215724,2,0,0.296690134548876,0.15307152051157238,0.44976165506044835,0,0,7,4,0,0.004,Low
TXP12717,29,Doctor,Lucknow,829415,334537,153370,0,0,0.40334090895390123,0.18491346310351273,0.5882543720574139,0,0,4,7,0,0.0,
TXP12718,64,Consultant,Jaipur,841896,197197,86200,1,0,0.23422964356642625,0.10238794340393588,0.33661758697036215,0,0,3,5,0,0.0,
TXP12719,67,Freelancer,Chennai,480260,245067,65175,1,0,0.5102798484154416,0.13570774163994503,0.6459875900553866,0,0,6,2,0,0.03,Low
TXP12720,54,Lawyer,Bangalore,1032592,809187,39802,6,1,0.7836463966406867,0.03854571796023986,0.8221921146009266,2,1,7,1,0,0.984,High
TXP12721,43,Business Owner,Lucknow,1152176,284174,210621,2,0,0.24664113815944785,0.1828028009609643,0.4294439391204122,0,0,2,7,0,0.05,Low
TXP12722,47,Engineer,Mumbai,594815,702512,72774,0,0,1.1810596572043408,0.1223472844497869,1.3034069416541278,1,0,5,8,0,0.024,Low
TXP12723,48,Architect,Lucknow,794914,281972,127552,1,0,0.35472013324711854,0.16046012524625305,0.5151802584933716,0,0,1,7,0,0.014,Low
TXP12724,59,Engineer,Kolkata,951843,463066,155149,0,0,0.48649409619023304,0.16299851971386037,0.6494926159040935,0,0,5,6,0,0.002,Low
TXP12725,44,Doctor,Pune,519985,143890,232917,0,0,0.2767195207554064,0.44793022875659877,0.7246497495120051,1,0,4,9,0,0.016,Low
TXP12726,53,Teacher,Lucknow,343771,54641,39620,1,0,0.15894592621250775,0.11525114102120307,0.2741970672337108,0,0,9,7,0,0.006,Low
TXP12727,47,Business Owner,Ahmedabad,727815,286431,140385,0,0,0.39354918488901713,0.19288555470827065,0.5864347395972878,0,0,2,0,0,0.024,Low
TXP12728,67,Teacher,Mumbai,445521,482756,16098,1,0,1.0835763072896676,0.03613297689671194,1.1197092841863796,1,0,9,8,0,0.08,Low
TXP12729,65,Doctor,Chennai,682452,527575,97555,8,1,0.7730580319201936,0.14294778240814007,0.9160058143283337,2,1,4,2,0,0.924,High
TXP12730,53,Lawyer,Hyderabad,539199,182821,104177,1,0,0.33906034692200837,0.19320696069540189,0.5322673076174103,0,0,7,4,0,0.004,Low
TXP12731,45,Teacher,Delhi,388291,227540,28773,0,1,0.5860037961219807,0.07410164026464687,0.6601054363866276,1,0,9,3,0,0.04,Low
TXP12732,51,Engineer,Mumbai,861646,398574,150840,1,0,0.4625727967169812,0.17506029158146152,0.6376330882984428,0,0,5,8,0,0.002,Low
TXP12733,30,Consultant,Ahmedabad,869447,411793,163506,1,0,0.47362633950085514,0.1880574664125588,0.6616838059134139,0,0,3,0,0,0.03,Low
TXP12734,58,Doctor,Kolkata,840959,873813,129907,8,1,1.0390673029243993,0.15447483170998824,1.1935421346343877,3,1,4,6,0,0.998,High
TXP12735,51,Teacher,Hyderabad,374548,287223,23086,8,1,0.7668523126541859,0.06163695974881724,0.8284892724030031,2,1,9,4,0,1.0,High
TXP12736,37,Business Owner,Jaipur,1765936,812312,141487,3,0,0.45998948999284234,0.08012011760335595,0.5401096075961983,0,0,2,5,1,0.002,Low
TXP12737,33,Engineer,Delhi,468870,259174,12399,0,0,0.5527630259986777,0.026444430225862178,0.5792074562245398,0,0,5,3,0,0.0,
TXP12738,39,Business Owner,Lucknow,1155261,536873,196003,2,0,0.4647200935546167,0.1696612280688087,0.6343813216234253,0,0,2,7,0,0.002,Low
TXP12739,39,Consultant,Ahmedabad,668515,321423,115606,0,0,0.48080147790251526,0.17292955281482092,0.6537310307173362,0,0,3,0,0,0.032,Low
TXP12740,54,Engineer,Lucknow,424820,119240,215657,0,0,0.28068358363542206,0.5076432371357281,0.7883268207711501,1,0,5,7,0,0.012,Low
TXP12741,65,Architect,Jaipur,597459,171211,49860,0,0,0.28656527058760517,0.08345342525595899,0.37001869584356417,0,0,1,5,0,0.0,
TXP12742,48,Teacher,Mumbai,416463,209207,14087,1,0,0.5023423449382058,0.033825333823172765,0.5361676787613786,0,0,9,8,0,0.0,
TXP12743,36,Lawyer,Pune,1041650,295326,381964,0,0,0.2835174962799405,0.36669130706091296,0.6502088033408534,1,0,7,9,1,0.02,Low
TXP12744,29,Accountant,Ahmedabad,614431,633245,92640,5,1,1.0306201998271571,0.1507736426059232,1.1813938424330803,3,1,0,0,0,0.996,High
TXP12745,67,Lawyer,Bangalore,936618,799229,172589,7,1,0.8533137308913559,0.1842682929433344,1.0375820238346904,3,1,7,1,0,0.904,High
TXP12746,32,Freelancer,Chennai,528498,457008,80065,8,1,0.8647298570666303,0.15149536989733167,1.016225226963962,3,1,6,2,0,0.998,High
TXP12747,59,Freelancer,Bangalore,329911,65891,55809,0,0,0.19972356180909398,0.1691638047837144,0.36888736659280835,0,0,6,1,0,0.0,
TXP12748,66,Consultant,Pune,694288,363286,107109,3,0,0.5232497176964026,0.15427171433180467,0.6775214320282074,0,0,3,9,0,0.01,Low
TXP12749,43,Pharmacist,Jaipur,519200,218701,69325,2,0,0.4212268875192604,0.13352272727272727,0.5547496147919877,0,0,8,5,0,0.01,Low
TXP12750,41,Freelancer,Bangalore,491627,115094,47616,0,1,0.23410837891328182,0.09685391567184064,0.33096229458512244,1,0,6,1,0,0.02,Low
TXP12751,66,Business Owner,Kolkata,1328075,523149,785639,1,1,0.3939152532801235,0.5915622235190031,0.9854774767991266,2,1,2,6,1,0.952,High
TXP12752,44,Lawyer,Ahmedabad,865416,819379,118712,1,1,0.9468036181443376,0.13717333629144826,1.0839769544357858,2,1,7,0,0,0.974,High
TXP12753,27,Teacher,Kolkata,327354,96752,30019,1,0,0.2955577142787319,0.09170194957141199,0.3872596638501439,0,0,9,6,0,0.002,Low
TXP12754,56,Doctor,Delhi,1431554,441187,50139,0,0,0.3081874662080508,0.035024176524252666,0.3432116427323035,0,0,4,3,1,0.004,Low
TXP12755,50,Freelancer,Pune,586018,104600,42384,0,0,0.1784928108010334,0.07232542345115679,0.2508182342521902,0,0,6,9,0,0.014,Low
TXP12756,30,Accountant,Delhi,591314,499335,69698,5,1,0.8444498185397268,0.11786969359764862,0.9623195121373754,3,1,0,3,0,0.998,High
TXP12757,29,Doctor,Delhi,753358,123694,52444,0,0,0.16419019908197696,0.06961364981854576,0.23380384890052272,0,0,4,3,0,0.0,
TXP12758,38,Doctor,Delhi,709756,318058,42459,1,0,0.44812301692412604,0.05982196698583739,0.5079449839099635,0,0,4,3,0,0.0,
TXP12759,41,Accountant,Mumbai,536919,170231,61708,3,0,0.31705154781261236,0.11492981250430698,0.4319813603169193,0,0,0,8,0,0.002,Low
TXP12760,55,Business Owner,Mumbai,1317131,580465,640143,3,0,0.44070407575252574,0.48601316042216,0.9267172361746857,1,0,2,8,1,0.096,Low
TXP12761,34,Teacher,Pune,237173,73597,130388,1,0,0.31030935224498574,0.5497590366525701,0.8600683888975558,1,0,9,9,0,0.072,Low
TXP12762,43,Business Owner,Hyderabad,572244,259333,61336,1,0,0.45318605350165314,0.10718504693801945,0.5603711004396726,0,0,2,4,0,0.002,Low
TXP12763,47,Teacher,Bangalore,311787,149082,38441,0,0,0.47815335469407,0.12329250417753146,0.6014458588716014,0,0,9,1,0,0.0,
TXP12764,38,Business Owner,Mumbai,1282855,1310462,59689,5,1,1.0215199691313515,0.04652825143917278,1.0680482205705244,3,1,2,8,1,0.982,High
TXP12765,30,Engineer,Lucknow,564109,113545,44239,0,0,0.20128202173693382,0.07842278708547462,0.27970480882240845,0,0,5,7,0,0.002,Low
TXP12766,44,Engineer,Kolkata,821718,366159,77090,0,0,0.44560177579169497,0.09381563991539676,0.5394174157070917,0,0,5,6,0,0.0,
TXP12767,65,Business Owner,Mumbai,607041,167539,100452,1,1,0.2759928901013276,0.16547811432835674,0.44147100442968434,1,0,2,8,0,0.134,Low
TXP12768,49,Teacher,Jaipur,304919,345280,48368,0,0,1.132366300558509,0.15862573339149086,1.2909920339499998,1,0,9,5,0,0.142,Low
TXP12769,67,Doctor,Delhi,1104018,371693,66391,0,0,0.33667295279605947,0.0601357948874022,0.3968087476834617,0,0,4,3,0,0.002,Low
TXP12770,37,Accountant,Mumbai,563111,658502,73718,2,0,1.169399993962114,0.13091202267403762,1.3003120166361517,1,0,0,8,0,0.044,Low
TXP12771,60,Engineer,Pune,732726,263948,46764,0,0,0.3602274247126484,0.0638219470852679,0.4240493717979163,0,0,5,9,0,0.0,
TXP12772,44,Teacher,Kolkata,473074,221006,93614,0,1,0.4671700410506601,0.1978844747333398,0.665054515784,1,0,9,6,0,0.094,Low
TXP12773,41,Accountant,Kolkata,480619,138889,91981,0,0,0.288979420289252,0.19138028251067893,0.4803597027999309,0,0,0,6,0,0.0,
TXP12774,28,Business Owner,Hyderabad,1160274,891948,140842,7,1,0.7687391081761722,0.12138684483147946,0.8901259530076516,2,1,2,4,1,0.956,High
TXP12775,26,Consultant,Chennai,700963,124244,102202,0,0,0.17724758653452466,0.14580227487042827,0.3230498614049529,0,0,3,2,0,0.0,
TXP12776,46,Lawyer,Chennai,411351,453733,67567,1,0,1.1030312312356114,0.16425631638187338,1.2672875476174847,1,1,7,2,0,0.168,Low
TXP12777,49,Pharmacist,Bangalore,468960,190173,70240,0,1,0.40552072671443196,0.1497782326850904,0.5552989593995223,1,0,8,1,0,0.046,Low
TXP12778,60,Teacher,Lucknow,402863,376654,58805,2,0,0.9349431444436446,0.14596773593008044,1.080910880373725,1,0,9,7,0,0.124,Low
TXP12779,47,Business Owner,Ahmedabad,1416235,1096216,272681,8,1,0.7740353825459758,0.19253937376212282,0.9665747563080986,2,1,2,0,1,0.954,High
TXP12780,42,Business Owner,Pune,1447633,567198,184373,0,0,0.391810631562005,0.12736170009940365,0.5191723316614086,0,0,2,9,1,0.006,Low
TXP12781,48,Business Owner,Jaipur,1049796,879961,141233,7,1,0.8382209495940164,0.13453375703470008,0.9727547066287164,3,1,2,5,1,0.988,High
TXP12782,44,Teacher,Mumbai,310634,118070,53698,1,1,0.3800936149938513,0.17286581636266474,0.552959431356516,1,1,9,8,0,0.688,High
TXP12783,35,Accountant,Pune,676925,645417,95162,5,1,0.9534542231414115,0.1405798278982162,1.0940340510396278,3,1,0,9,0,0.998,High
TXP12784,64,Doctor,Lucknow,700536,313140,106430,3,0,0.4470005824111823,0.15192652483241403,0.5989271072435963,0,0,4,7,0,0.028,Low
TXP12785,56,Doctor,Chennai,858816,240495,53375,0,0,0.2800308797227811,0.062149517475221704,0.3421803971980028,0,0,4,2,0,0.002,Low
TXP12786,27,Lawyer,Pune,940833,200712,81690,0,1,0.21333435370570547,0.08682731154200586,0.3001616652477113,1,0,7,9,0,0.054,Low
TXP12787,65,Lawyer,Mumbai,1265429,279008,58860,2,0,0.22048491065085438,0.04651386999981824,0.2669987806506726,0,0,7,8,0,0.046,Low
TXP12788,30,Accountant,Hyderabad,647141,283270,71857,0,0,0.4377253179755262,0.1110376254942895,0.5487629434698157,0,0,0,4,0,0.006,Low
TXP12789,45,Engineer,Bangalore,405711,220217,41395,0,0,0.54279277613868,0.10203075588288216,0.6448235320215622,0,0,5,1,0,0.002,Low
TXP12790,56,Freelancer,Hyderabad,271867,90877,54234,0,0,0.33427006587780056,0.19948724927997882,0.5337573151577794,0,0,6,4,0,0.0,
TXP12791,40,Consultant,Chennai,854203,193292,111061,1,0,0.22628344784553556,0.1300171036627125,0.356300551508248,0,0,3,2,0,0.002,Low
TXP12792,47,Architect,Delhi,639705,313756,103350,0,0,0.49046982593539207,0.16155884352943936,0.6520286694648314,0,0,1,3,0,0.008,Low
TXP12793,57,Teacher,Chennai,322689,169289,25854,0,1,0.5246196802494042,0.08012048752823926,0.6047401677776435,1,0,9,2,0,0.026,Low
TXP12794,51,Freelancer,Bangalore,602344,329037,102204,0,0,0.546260940592087,0.16967712801986903,0.715938068611956,0,0,6,1,0,0.002,Low
TXP12795,66,Consultant,Mumbai,783742,331580,102447,1,0,0.42307289898971856,0.13071520985222176,0.5537881088419403,0,0,3,8,0,0.006,Low
TXP12796,64,Accountant,Lucknow,555245,298348,80765,0,0,0.5373267656620051,0.14545831119595853,0.6827850768579636,0,0,0,7,0,0.002,Low
TXP12797,62,Lawyer,Ahmedabad,1094957,171838,79929,0,0,0.15693584314269876,0.0729973871120053,0.22993323025470408,0,0,7,0,0,0.016,Low
TXP12798,45,Architect,Hyderabad,589982,116967,319414,1,1,0.1982552010061324,0.5413961781884871,0.7396513791946195,2,1,1,4,1,0.956,High
TXP12799,40,Teacher,Chennai,444111,85117,59567,3,0,0.19165704069478126,0.13412637831533109,0.3257834190101123,0,0,9,2,0,0.016,Low
TXP12800,57,Teacher,Lucknow,302717,142480,38153,1,0,0.4706706263605942,0.1260352078013458,0.59670583416194,0,0,9,7,0,0.002,Low
TXP12801,29,Engineer,Hyderabad,698539,126653,129044,2,0,0.18131127968517147,0.18473413796509572,0.3660454176502672,0,0,5,4,0,0.002,Low
TXP12802,29,Engineer,Chennai,815074,304319,148090,0,0,0.3733636455094875,0.1816890245548257,0.5550526700643131,0,0,5,2,0,0.004,Low
TXP12803,57,Consultant,Bangalore,502086,182115,97794,0,1,0.36271674573678614,0.1947753970435344,0.5574921427803206,1,0,3,1,0,0.066,Low
TXP12804,24,Business Owner,Hyderabad,1062665,307977,148918,0,0,0.289815699209064,0.14013635529541293,0.42995205450447693,0,0,2,4,0,0.016,Low
TXP12805,33,Lawyer,Chennai,1185551,932564,231116,8,1,0.7866080834987276,0.19494395433009631,0.9815520378288239,2,1,7,2,1,0.988,High
TXP12806,44,Engineer,Mumbai,773586,175368,131390,0,0,0.22669489882185045,0.1698453694870383,0.3965402683088887,0,0,5,8,0,0.0,
TXP12807,28,Teacher,Bangalore,339710,104837,23354,2,0,0.3086073415560331,0.06874687233228342,0.3773542138883165,0,0,9,1,0,0.0,
TXP12808,25,Business Owner,Lucknow,906131,451595,87838,3,0,0.498377166215481,0.09693741854102773,0.5953145847565087,0,0,2,7,0,0.002,Low
TXP12809,45,Engineer,Lucknow,743390,689699,46767,6,1,0.9277754610635064,0.06291045077281104,0.9906859118363174,3,1,5,7,0,1.0,High
TXP12810,25,Consultant,Ahmedabad,963038,436090,19988,0,0,0.4528274066028547,0.020755151925469194,0.4735825585283239,0,0,3,0,0,0.006,Low
TXP12811,33,Doctor,Pune,567067,293388,30535,0,0,0.5173780170597125,0.05384725261741558,0.5712252696771281,0,0,4,9,0,0.006,Low
TXP12812,57,Lawyer,Delhi,599021,341154,12418,0,0,0.5695192656017067,0.020730491919315017,0.5902497575210218,0,0,7,3,0,0.004,Low
TXP12813,39,Business Owner,Mumbai,1290102,702245,192961,0,0,0.5443329287141637,0.1495703440503154,0.693903272764479,0,0,2,8,1,0.0,
TXP12814,62,Engineer,Bangalore,694404,203962,67076,2,0,0.29372238639178344,0.09659506569662617,0.3903174520884096,0,0,5,1,0,0.0,
TXP12815,45,Consultant,Hyderabad,696167,288118,53092,0,0,0.41386334026174754,0.07626331038385904,0.49012665064560657,0,0,3,4,0,0.0,
TXP12816,35,Freelancer,Lucknow,551894,101980,86707,0,0,0.18478186028476482,0.15710806785360956,0.3418899281383744,0,0,6,7,0,0.008,Low
TXP12817,47,Freelancer,Mumbai,343479,91379,58339,0,0,0.2660395540920988,0.1698473560246769,0.4358869101167757,0,0,6,8,0,0.0,
TXP12818,63,Engineer,Bangalore,282795,54409,55301,3,0,0.19239731961314732,0.19555154794108806,0.3879488675542354,0,0,5,1,0,0.026,Low
TXP12819,61,Engineer,Bangalore,536414,156543,72717,1,0,0.2918324279381224,0.13556133881666027,0.4273937667547827,0,0,5,1,0,0.0,
TXP12820,33,Lawyer,Hyderabad,915808,498047,94397,2,0,0.5438334235997064,0.10307509871064677,0.6469085223103532,0,0,7,4,0,0.064,Low
TXP12821,58,Teacher,Bangalore,333449,102110,24991,3,0,0.3062237403620944,0.07494699339329253,0.3811707337553869,0,0,9,1,0,0.0,
TXP12822,55,Freelancer,Jaipur,276209,274374,16577,8,1,0.9933564800567686,0.060016147192886546,1.053372627249655,3,1,6,5,0,0.988,High
TXP12823,30,Consultant,Mumbai,423183,146007,24682,0,0,0.34502094838403247,0.05832464914705931,0.4033455975310917,0,0,3,8,0,0.0,
TXP12824,44,Freelancer,Chennai,372886,132938,34922,0,0,0.3565111052707798,0.09365328813632048,0.4501643934071003,0,0,6,2,0,0.0,
TXP12825,43,Architect,Lucknow,793624,465307,157551,0,0,0.5863066137112789,0.1985209620676794,0.7848275757789583,0,0,1,7,0,0.008,Low
TXP12826,49,Freelancer,Lucknow,638429,588477,12866,5,1,0.9217579401938195,0.020152593318912518,0.941910533512732,3,1,6,7,0,0.998,High
TXP12827,27,Lawyer,Chennai,1196928,517427,66425,0,0,0.43229584402737675,0.055496237033472354,0.4877920810608491,0,0,7,2,0,0.0,
TXP12828,45,Engineer,Mumbai,477613,161924,25748,0,0,0.33902762278246196,0.053909755387730234,0.3929373781701922,0,0,5,8,0,0.0,
TXP12829,38,Business Owner,Delhi,738517,131098,110099,1,0,0.1775152095347839,0.14908119921410068,0.32659640874888457,0,0,2,3,0,0.002,Low
TXP12830,63,Engineer,Mumbai,674495,249697,56284,1,0,0.3701984447623778,0.08344613377415697,0.4536445785365347,0,0,5,8,0,0.0,
TXP12831,44,Doctor,Kolkata,927020,478346,94840,1,0,0.5160039697093913,0.10230631485836336,0.6183102845677547,0,0,4,6,0,0.008,Low
TXP12832,38,Teacher,Bangalore,374010,72722,17485,0,0,0.19443865137295793,0.046750086896072296,0.24118873826903023,0,0,9,1,0,0.004,Low
TXP12833,45,Consultant,Pune,387468,348013,35995,5,1,0.898172236158857,0.09289799415693684,0.9910702303157938,3,1,3,9,0,0.998,High
TXP12834,51,Engineer,Hyderabad,469967,102985,18129,1,0,0.219132407169014,0.038575048886411174,0.25770745605542517,0,0,5,4,0,0.004,Low
TXP12835,37,Freelancer,Jaipur,445546,220090,51660,0,0,0.49397817509303193,0.11594762381437607,0.609925798907408,0,0,6,5,0,0.002,Low
TXP12836,50,Consultant,Pune,837699,729260,31521,2,0,0.8705513555585002,0.03762807404568944,0.9081794296041896,1,0,3,9,0,0.028,Low
TXP12837,64,Teacher,Chennai,396038,353407,64273,5,1,0.8923562890429706,0.1622899822744282,1.0546462713173987,3,1,9,2,0,0.994,High
TXP12838,63,Doctor,Hyderabad,828850,298967,101110,0,0,0.3607009712251915,0.12198829703806478,0.4826892682632563,0,0,4,4,0,0.002,Low
TXP12839,51,Engineer,Hyderabad,649617,357124,97646,0,0,0.5497454654050001,0.15031318453796622,0.7000586499429664,0,0,5,4,0,0.01,Low
TXP12840,49,Freelancer,Hyderabad,462729,229057,44113,0,1,0.4950132799111359,0.09533225710945284,0.5903455370205887,1,0,6,4,0,0.02,Low
TXP12841,25,Freelancer,Lucknow,552842,284920,49019,0,0,0.5153732892942288,0.08866728649415204,0.6040405757883808,0,0,6,7,0,0.012,Low
TXP12842,48,Architect,Jaipur,700058,361207,26376,2,0,0.5159672484279874,0.03767687820152044,0.5536441266295078,0,0,1,5,0,0.004,Low
TXP12843,26,Business Owner,Lucknow,1226295,538616,140158,0,0,0.4392222099902552,0.11429386893039603,0.5535160789206512,0,0,2,7,0,0.002,Low
TXP12844,31,Engineer,Bangalore,559744,199328,63032,2,0,0.35610564829636404,0.11260862108392408,0.46871426938028815,0,0,5,1,0,0.002,Low
TXP12845,67,Engineer,Kolkata,612193,330036,63826,1,1,0.5391044980912882,0.10425797093400284,0.643362469025291,1,0,5,6,0,0.056,Low
TXP12846,56,Freelancer,Ahmedabad,522688,296209,80124,1,0,0.5667032723154157,0.15329221256275255,0.7199954848781682,0,0,6,0,0,0.006,Low
TXP12847,65,Engineer,Jaipur,640121,741102,108725,0,0,1.1577529873258336,0.16985070010201198,1.3276036874278456,1,0,5,5,0,0.038,Low
TXP12848,58,Lawyer,Pune,995206,1008583,154398,5,1,1.0134414382549946,0.1551417495473299,1.1685831878023243,3,1,7,9,1,1.0,High
TXP12849,29,Teacher,Bangalore,430563,250344,19761,0,0,0.5814340758495272,0.04589572257718383,0.6273297984267111,0,0,9,1,0,0.002,Low
TXP12850,62,Doctor,Mumbai,853032,234346,112575,0,0,0.27472122968423224,0.13197043018315843,0.4066916598673907,0,0,4,8,0,0.0,
TXP12851,46,Engineer,Chennai,502650,272947,246344,0,0,0.5430160151198647,0.4900905202427136,1.0331065353625783,1,0,5,2,0,0.012,Low
TXP12852,48,Accountant,Kolkata,638360,207440,92582,2,0,0.3249577041167993,0.14503101698101384,0.46998872109781314,0,0,0,6,0,0.0,
TXP12853,66,Engineer,Bangalore,395070,80434,35054,0,0,0.20359429974434912,0.08872857974536158,0.2923228794897107,0,0,5,1,0,0.004,Low
TXP12854,42,Engineer,Mumbai,437787,452806,19196,6,1,1.0343066377028098,0.043847807267004275,1.0781544449698142,3,1,5,8,0,0.998,High
TXP12855,28,Freelancer,Kolkata,500377,110297,87650,0,0,0.22042779744072968,0.17516792338576714,0.3955957208264968,0,0,6,6,0,0.002,Low
TXP12856,34,Consultant,Mumbai,842951,221234,110023,2,0,0.26245179138526437,0.13052122839880373,0.3929730197840681,0,0,3,8,0,0.004,Low
TXP12857,35,Engineer,Jaipur,413242,484972,34650,3,0,1.1735786778691422,0.08384917312373863,1.2574278509928807,1,0,5,5,0,0.342,Low
TXP12858,33,Freelancer,Mumbai,392577,182812,154457,0,0,0.46567170262139657,0.3934438339484993,0.8591155365698958,1,0,6,8,0,0.036,Low
TXP12859,31,Accountant,Kolkata,489391,290639,57119,2,0,0.5938789229879585,0.11671444713940388,0.7105933701273623,0,0,0,6,0,0.002,Low
TXP12860,47,Teacher,Mumbai,320799,111855,59726,1,0,0.3486762739285347,0.18617888459752058,0.5348551585260553,0,0,9,8,0,0.002,Low
TXP12861,51,Consultant,Pune,919847,352469,329371,2,0,0.3831822031272592,0.3580715053699148,0.741253708497174,1,0,3,9,1,0.024,Low
TXP12862,64,Freelancer,Bangalore,555975,213948,108357,1,0,0.3848158640226629,0.19489545393228114,0.579711317954944,0,1,6,1,0,0.628,Medium
TXP12863,59,Consultant,Kolkata,746558,293207,33267,0,1,0.3927451048679406,0.04456050300177615,0.43730560786971673,1,0,3,6,0,0.026,Low
TXP12864,60,Engineer,Pune,518105,198425,63361,0,0,0.3829822140299746,0.12229374354619238,0.505275957576167,0,0,5,9,0,0.0,
TXP12865,44,Doctor,Mumbai,530070,81603,86752,0,0,0.15394759182749448,0.16366140321089667,0.31760899503839113,0,0,4,8,0,0.0,
TXP12866,31,Architect,Mumbai,877229,132265,100528,1,0,0.15077590914117067,0.11459721463836695,0.2653731237795376,0,0,1,8,0,0.006,Low
TXP12867,32,Accountant,Hyderabad,609211,118156,22170,3,0,0.19394922284725655,0.03639133239550829,0.2303405552427648,0,0,0,4,0,0.008,Low
TXP12868,38,Lawyer,Kolkata,723332,141556,90358,1,0,0.1956998999076496,0.12491912427488346,0.3206190241825331,0,0,7,6,0,0.0,
TXP12869,63,Freelancer,Jaipur,557939,260671,72595,0,0,0.46720340395634646,0.13011279010787918,0.5973161940642256,0,0,6,5,0,0.022,Low
TXP12870,41,Consultant,Mumbai,737359,178597,111464,2,0,0.24221173132761653,0.1511665281091029,0.39337825943671945,0,0,3,8,0,0.01,Low
TXP12871,65,Consultant,Chennai,698320,385906,109648,1,0,0.5526205750945126,0.1570168404170008,0.7096374155115134,0,0,3,2,0,0.002,Low
TXP12872,43,Lawyer,Lucknow,1008802,572871,160136,0,0,0.5678725855024078,0.15873878124745985,0.7266113667498677,0,0,7,7,0,0.0,
TXP12873,29,Consultant,Ahmedabad,616530,363229,85956,0,0,0.5891505685043712,0.13941900637438567,0.728569574878757,0,0,3,0,0,0.034,Low
TXP12874,35,Doctor,Lucknow,731248,418702,43031,0,0,0.5725854976697372,0.058845972912062665,0.6314314705817999,0,0,4,7,0,0.006,Low
TXP12875,25,Doctor,Jaipur,824292,224495,76463,2,0,0.2723488763690537,0.09276203093078667,0.36511090729984036,0,0,4,5,0,0.0,
TXP12876,30,Business Owner,Bangalore,1000219,379482,159738,2,0,0.3793989116383512,0.1597030250375168,0.539101936675868,0,0,2,1,0,0.002,Low
TXP12877,39,Doctor,Delhi,933817,213801,178935,0,0,0.2289538528426876,0.1916167728794828,0.4205706257221704,0,0,4,3,0,0.0,
TXP12878,26,Lawyer,Chennai,1367266,1114516,46774,6,1,0.8151420425871776,0.03420987576667598,0.8493519183538536,3,1,7,2,1,0.978,High
TXP12879,26,Business Owner,Delhi,898280,493869,104556,2,0,0.5497940508527408,0.1163957785991005,0.6661898294518412,0,0,2,3,0,0.002,Low
TXP12880,50,Lawyer,Mumbai,483718,257860,36885,3,0,0.5330791907681749,0.07625310614862378,0.6093322969167986,0,0,7,8,0,0.0,
TXP12881,66,Engineer,Bangalore,299738,103414,18155,1,1,0.3450146461242819,0.06056956408596841,0.40558421021025026,1,0,5,1,0,0.13,Low
TXP12882,63,Lawyer,Pune,862382,858193,95764,7,1,0.9951425238467407,0.11104591700661656,1.1061884408533573,3,1,7,9,0,0.996,High
TXP12883,61,Accountant,Mumbai,483683,93791,62441,0,1,0.1939100609283353,0.12909488239197986,0.32300494332031515,1,0,0,8,0,0.038,Low
TXP12884,56,Teacher,Delhi,362471,60935,7887,1,0,0.16811000052417988,0.021758982097878174,0.18986898262205804,0,0,9,3,0,0.054,Low
TXP12885,51,Freelancer,Mumbai,469889,515684,75387,0,0,1.097459187169736,0.16043576248858774,1.2578949496583236,1,0,6,8,0,0.028,Low
TXP12886,24,Freelancer,Ahmedabad,209517,71531,124848,2,1,0.34140905033959057,0.5958848208021306,0.9372938711417212,2,1,6,0,1,0.914,High
TXP12887,31,Accountant,Hyderabad,368511,220368,71414,0,0,0.5979957179025863,0.19379068738789343,0.7917864052904798,0,0,0,4,0,0.012,Low
TXP12888,60,Consultant,Ahmedabad,803267,155644,374716,2,1,0.1937637174189902,0.46648997157856603,0.6602536889975562,2,1,3,0,1,0.872,High
TXP12889,55,Engineer,Bangalore,620314,331888,78791,0,0,0.5350322578565049,0.1270179296291878,0.6620501874856928,0,0,5,1,0,0.004,Low
TXP12890,66,Engineer,Pune,536127,196218,51893,2,1,0.36599164004051277,0.09679236449572583,0.46278400453623864,1,0,5,9,0,0.056,Low
TXP12891,60,Consultant,Ahmedabad,451714,235892,36258,0,0,0.5222153840704516,0.08026760295231053,0.6024829870227622,0,0,3,0,0,0.0,
TXP12892,27,Accountant,Kolkata,597139,309143,340889,0,0,0.5177069325567414,0.5708704338520847,1.088577366408826,1,0,0,6,1,0.074,Low
TXP12893,53,Pharmacist,Pune,627189,352603,100870,1,1,0.5621957655507351,0.1608287135137893,0.7230244790645244,1,0,8,9,0,0.286,Low
TXP12894,29,Teacher,Delhi,366678,104148,8855,0,0,0.2840312208531736,0.024149253568526062,0.3081804744216997,0,0,9,3,0,0.012,Low
TXP12895,42,Freelancer,Ahmedabad,322878,186432,62797,3,0,0.5774069462769219,0.19449141781106177,0.7718983640879837,0,0,6,0,0,0.014,Low
TXP12896,55,Accountant,Hyderabad,554455,121009,91916,1,0,0.2182485503782994,0.1657772046423966,0.384025755020696,0,0,0,4,0,0.002,Low
TXP12897,32,Accountant,Pune,413388,77256,64160,1,0,0.1868849603762083,0.15520527930176978,0.3420902396779781,0,0,0,9,0,0.0,
TXP12898,35,Accountant,Mumbai,655796,225742,102874,2,1,0.344225948313195,0.1568689043544029,0.5010948526675979,1,1,0,8,0,0.688,High
TXP12899,34,Freelancer,Hyderabad,462276,241652,41619,2,0,0.5227439884398065,0.09003063105157957,0.6127746194913861,0,0,6,4,0,0.0,
TXP12900,39,Teacher,Mumbai,243910,88548,37877,1,0,0.3630355458980772,0.15529088598253454,0.5183264318806117,0,0,9,8,0,0.002,Low
TXP12901,24,Pharmacist,Ahmedabad,469932,245858,42114,3,0,0.5231778214720427,0.08961722121498429,0.6127950426870271,0,0,8,0,0,0.012,Low
TXP12902,44,Engineer,Chennai,669495,320259,121692,0,0,0.4783590616808191,0.18176685412139001,0.6601259158022091,0,0,5,2,0,0.008,Low
TXP12903,53,Engineer,Chennai,550042,134343,28547,0,0,0.24424134884245202,0.05189967311587115,0.2961410219583232,0,0,5,2,0,0.0,
TXP12904,36,Accountant,Delhi,522410,301428,37938,1,0,0.5769950804923336,0.07262112134147508,0.6496162018338087,0,0,0,3,0,0.004,Low
TXP12905,57,Business Owner,Hyderabad,710239,125961,84689,0,0,0.17735015959416478,0.11924014310675703,0.2965903027009218,0,0,2,4,0,0.002,Low
TXP12906,27,Consultant,Mumbai,851977,472187,65992,0,0,0.554225055371213,0.07745749004961401,0.6316825454208271,0,0,3,8,0,0.0,
TXP12907,51,Lawyer,Jaipur,737882,211771,331468,0,1,0.28699846316890776,0.4492154572140261,0.7362139203829339,2,1,7,5,0,0.972,High
TXP12908,61,Business Owner,Hyderabad,337421,305185,36656,8,1,0.9044635633229704,0.10863579919447812,1.0130993625174485,3,1,2,4,0,0.996,High
TXP12909,54,Lawyer,Kolkata,807185,274489,140566,2,0,0.34005711206229056,0.17414347392481277,0.5142005859871033,0,0,7,6,0,0.008,Low
TXP12910,50,Business Owner,Delhi,1592459,362006,181818,1,0,0.22732516190369736,0.11417436806850287,0.34149952997220023,0,0,2,3,1,0.0,
TXP12911,28,Architect,Lucknow,588091,182993,50130,3,0,0.311164428634344,0.08524190984048387,0.39640633847482787,0,0,1,7,0,0.01,Low
TXP12912,48,Engineer,Lucknow,860697,203830,55594,2,0,0.23681969380629886,0.06459183661613785,0.3014115304224367,0,0,5,7,0,0.0,
TXP12913,26,Accountant,Mumbai,592896,143331,55472,0,0,0.24174728788860103,0.09356109671848013,0.3353083846070812,0,0,0,8,0,0.004,Low
TXP12914,56,Pharmacist,Chennai,533875,125020,60238,0,0,0.23417466635448372,0.11283165535003511,0.34700632170451884,0,0,8,2,0,0.0,
TXP12915,27,Consultant,Pune,726888,268990,112159,0,0,0.3700570101583738,0.1543002498321612,0.524357259990535,0,0,3,9,0,0.002,Low
TXP12916,48,Teacher,Kolkata,345902,176088,192064,2,0,0.5090690426768275,0.5552555348046556,1.0643245774814831,1,1,9,6,0,0.678,High
TXP12917,43,Teacher,Lucknow,334194,135694,20014,0,0,0.4060336211900872,0.05988737080857227,0.46592099199865944,0,0,9,7,0,0.0,
TXP12918,57,Lawyer,Mumbai,824432,455039,397697,0,0,0.5519424282415044,0.4823890872746327,1.0343315155161372,1,0,7,8,1,0.02,Low
TXP12919,49,Teacher,Mumbai,381852,166657,32408,2,0,0.43644396258236173,0.0848705781297466,0.5213145407121084,0,0,9,8,0,0.0,
TXP12920,28,Consultant,Ahmedabad,581550,267631,52638,1,1,0.4602029060269968,0.09051328346659789,0.5507161894935947,1,1,3,0,0,0.706,High
TXP12921,58,Business Owner,Chennai,769642,346664,125323,0,0,0.4504224041827239,0.16283284955862595,0.6132552537413499,0,0,2,2,0,0.002,Low
TXP12922,51,Lawyer,Hyderabad,619201,595063,48513,6,1,0.9610175048166912,0.07834774168646369,1.0393652465031549,3,1,7,4,0,1.0,High
TXP12923,52,Engineer,Pune,906848,922362,100063,8,1,1.0171076078901866,0.11034153463424962,1.1274491425244364,3,1,5,9,1,1.0,High
TXP12924,32,Engineer,Ahmedabad,679551,123249,89906,2,0,0.18136828582402204,0.1323020641570684,0.31367034998109045,0,0,5,0,0,0.02,Low
TXP12925,61,Engineer,Lucknow,645673,346683,39897,0,0,0.5369327817641437,0.06179134019852154,0.5987241219626653,0,0,5,7,0,0.0,
TXP12926,29,Doctor,Pune,588497,577322,87900,6,1,0.9810109482291328,0.14936354815742475,1.1303744963865576,3,1,4,9,0,0.998,High
TXP12927,42,Accountant,Delhi,612334,159423,72549,2,0,0.2603530099586174,0.1184794572896491,0.37883246724826647,0,0,0,3,0,0.0,
TXP12928,67,Engineer,Chennai,582514,576977,58496,1,1,0.990494649055645,0.10041990407097512,1.0909145531266202,2,1,5,2,0,0.96,High
TXP12929,34,Engineer,Lucknow,632125,98415,104781,2,0,0.1556891437611232,0.16575993672137632,0.3214490804824995,0,0,5,7,0,0.006,Low
TXP12930,25,Teacher,Mumbai,291402,301682,18599,1,0,1.0352777263024961,0.06382591746110185,1.0991036437635981,1,0,9,8,0,0.036,Low
TXP12931,67,Engineer,Lucknow,624040,554584,111685,2,0,0.8886994423434396,0.17897089930132684,1.0676703416447664,1,1,5,7,0,0.676,High
TXP12932,67,Doctor,Jaipur,715233,564047,86535,6,1,0.7886199322458556,0.1209885449916321,0.9096084772374876,2,1,4,5,0,0.982,High
TXP12933,32,Lawyer,Bangalore,708597,347314,91870,0,0,0.4901431984611846,0.12965056301395575,0.6197937614751403,0,0,7,1,0,0.064,Low
TXP12934,44,Engineer,Bangalore,710115,366516,126052,1,0,0.5161361187976595,0.17750927666645544,0.693645395464115,0,0,5,1,0,0.004,Low
TXP12935,47,Teacher,Lucknow,257737,39180,43084,1,0,0.15201542657825612,0.16716265029856017,0.31917807687681626,0,0,9,7,0,0.006,Low
TXP12936,57,Engineer,Jaipur,684716,257148,87836,2,0,0.37555424438745405,0.12828092230939542,0.5038351666968495,0,0,5,5,0,0.0,
TXP12937,45,Freelancer,Lucknow,552672,258195,85981,0,0,0.46717582942504776,0.15557328759191708,0.6227491170169649,0,0,6,7,0,0.002,Low
TXP12938,26,Architect,Bangalore,509257,112001,49905,2,0,0.21993021205403165,0.09799570747186588,0.31792591952589755,0,0,1,1,0,0.008,Low
TXP12939,35,Freelancer,Ahmedabad,326950,144644,38752,0,0,0.4424040373145741,0.11852576846612632,0.5609298057807004,0,0,6,0,0,0.0,
TXP12940,51,Teacher,Delhi,336618,63233,10493,1,0,0.1878479463367972,0.031171832759983125,0.21901977909678033,0,0,9,3,0,0.014,Low
TXP12941,53,Consultant,Bangalore,800766,185454,28967,0,1,0.2315957470721784,0.03617411328652815,0.26776986035870654,1,0,3,1,0,0.078,Low
TXP12942,49,Business Owner,Delhi,1138858,414667,192804,1,0,0.3641077289706004,0.16929590870854838,0.5334036376791488,0,0,2,3,0,0.004,Low
TXP12943,44,Doctor,Mumbai,886712,393792,431490,1,0,0.44410360974025387,0.48661797742671803,0.930721587166972,1,0,4,8,1,0.038,Low
TXP12944,51,Accountant,Delhi,726297,156619,36672,0,1,0.21564043359672422,0.05049174098199497,0.2661321745787192,1,0,0,3,0,0.028,Low
TXP12945,49,Consultant,Ahmedabad,658610,516980,107518,5,1,0.7849561956241174,0.16324987473618682,0.9482060703603042,2,1,3,0,0,0.952,High
TXP12946,56,Lawyer,Jaipur,471205,114032,9521,1,0,0.24200082766524125,0.020205642979170425,0.26220647064441166,0,0,7,5,0,0.026,Low
TXP12947,44,Doctor,Delhi,965184,248453,540119,2,0,0.25741516643458656,0.5596021069557722,0.8170172733903587,1,1,4,3,1,0.754,High
TXP12948,58,Freelancer,Pune,702497,176993,87901,0,0,0.2519484068971113,0.12512651299578503,0.3770749198928963,0,0,6,9,0,0.0,
TXP12949,57,Consultant,Hyderabad,820698,775870,104377,7,1,0.945378202456933,0.1271807656409544,1.0725589680978873,3,1,3,4,0,1.0,High
TXP12950,64,Engineer,Bangalore,436837,194045,216860,0,0,0.44420458889700276,0.49643230770287317,0.9406368965998759,1,0,5,1,0,0.05,Low
TXP12951,41,Teacher,Jaipur,342566,118909,38047,3,0,0.34711267317830724,0.11106472913248834,0.45817740231079557,0,0,9,5,0,0.0,
TXP12952,34,Engineer,Kolkata,432221,401635,48275,0,0,0.9292352754725013,0.11169054719692009,1.0409258226694214,1,0,5,6,0,0.08,Low
TXP12953,46,Freelancer,Mumbai,546428,258827,82267,0,1,0.47367082213942185,0.15055414437034706,0.6242249665097689,1,1,6,8,0,0.606,Medium
TXP12954,45,Engineer,Hyderabad,397306,82217,43605,2,0,0.20693621541079169,0.10975167754828771,0.3166878929590794,0,0,5,4,0,0.002,Low
TXP12955,40,Lawyer,Pune,824967,141876,106856,1,0,0.1719777882024372,0.1295276053466381,0.3015053935490753,0,0,7,9,0,0.002,Low
TXP12956,28,Consultant,Chennai,569219,310266,103369,0,0,0.5450731616478016,0.18159794384937958,0.7266711054971813,0,0,3,2,0,0.006,Low
TXP12957,67,Teacher,Ahmedabad,357609,66488,32993,3,0,0.1859237323445439,0.09225998227113971,0.2781837146156836,0,0,9,0,0,0.038,Low
TXP12958,34,Business Owner,Lucknow,1053463,228340,94097,1,0,0.2167517985918822,0.08932159933476544,0.3060733979266476,0,0,2,7,0,0.0,
TXP12959,53,Accountant,Hyderabad,567676,90805,11716,1,0,0.15995920208005976,0.020638533247838556,0.1805977353278983,0,0,0,4,0,0.002,Low
TXP12960,38,Lawyer,Jaipur,905587,391894,118103,0,0,0.43275135354195676,0.13041596224327426,0.563167315785231,0,0,7,5,0,0.02,Low
TXP12961,50,Business Owner,Jaipur,805336,331852,344625,2,0,0.41206651633603864,0.4279269770629899,0.8399934933990285,1,0,2,5,0,0.06,Low
TXP12962,58,Engineer,Jaipur,694031,412328,76861,0,0,0.5941060269642134,0.11074577360377275,0.7048518005679861,0,0,5,5,0,0.018,Low
TXP12963,56,Accountant,Mumbai,545123,299337,89815,0,0,0.549118272389901,0.1647609805493439,0.7138792529392449,0,0,0,8,0,0.004,Low
TXP12964,43,Engineer,Delhi,451720,151271,53748,0,0,0.33487780040733195,0.11898521207827858,0.45386301248561056,0,0,5,3,0,0.0,
TXP12965,39,Business Owner,Bangalore,2096370,2342567,143673,1,0,1.1174396695239868,0.06853418051202793,1.1859738500360146,1,0,2,1,1,0.044,Low
TXP12966,57,Pharmacist,Chennai,547643,155302,88449,1,0,0.28358255286747025,0.16150850097600078,0.44509105384347103,0,0,8,2,0,0.008,Low
TXP12967,25,Pharmacist,Lucknow,484673,105941,33223,1,0,0.21858242567669336,0.06854724731932664,0.28712967299602,0,0,8,7,0,0.0,
TXP12968,58,Accountant,Jaipur,691520,146697,105073,0,0,0.21213703146691346,0.15194499074502546,0.3640820222119389,0,0,0,5,0,0.0,
TXP12969,63,Engineer,Lucknow,876272,183603,113780,1,0,0.20952740701517336,0.12984552741614475,0.3393729344313181,0,0,5,7,0,0.002,Low
TXP12970,51,Accountant,Kolkata,535465,107816,27094,1,0,0.2013502283062385,0.050599012073618256,0.2519492403798568,0,0,0,6,0,0.0,
TXP12971,62,Consultant,Mumbai,812531,209820,148631,0,0,0.258230147526679,0.18292348230405978,0.44115362983073875,0,0,3,8,0,0.0,
TXP12972,29,Engineer,Jaipur,451799,450598,25353,5,1,0.9973417382508594,0.0561156620532582,1.0534574003041175,3,1,5,5,0,1.0,High
TXP12973,32,Pharmacist,Kolkata,485280,282777,96146,0,1,0.5827089515331355,0.19812479393339927,0.7808337454665348,1,0,8,6,0,0.166,Low
TXP12974,43,Lawyer,Chennai,850234,716304,18123,7,1,0.8424786588162788,0.02131530849154468,0.8637939673078235,3,1,7,2,0,0.99,High
TXP12975,24,Pharmacist,Chennai,518482,308195,34959,0,0,0.5944179354345956,0.06742567726555598,0.6618436127001516,0,0,8,2,0,0.012,Low
TXP12976,31,Consultant,Bangalore,809896,257231,45333,1,0,0.31760991534715566,0.05597385343303338,0.37358376878018906,0,0,3,1,0,0.0,
TXP12977,46,Consultant,Pune,850769,302815,19158,3,0,0.35593092837186124,0.02251845095437187,0.37844937932623307,0,0,3,9,0,0.02,Low
TXP12978,26,Lawyer,Bangalore,959410,284043,145663,3,0,0.29606007858996675,0.1518256011507072,0.44788567974067395,0,0,7,1,0,0.002,Low
TXP12979,27,Doctor,Delhi,557851,129588,331375,0,0,0.2322985886912455,0.5940206255792317,0.8263192142704773,1,0,4,3,1,0.078,Low
TXP12980,48,Accountant,Lucknow,456153,97810,74181,0,1,0.21442366925132575,0.16262306726032713,0.3770467365116529,1,1,0,7,0,0.028,Low
TXP12981,61,Lawyer,Ahmedabad,763398,439171,50541,0,0,0.5752844518848621,0.06620530837125589,0.641489760256118,0,0,7,0,0,0.078,Low
TXP12982,38,Doctor,Chennai,743551,441717,74340,2,0,0.5940641596877686,0.09997969204533382,0.6940438517331023,0,0,4,2,0,0.004,Low
TXP12983,44,Teacher,Ahmedabad,413046,70304,57264,1,0,0.1702086450419566,0.13863831147136155,0.3088469565133181,0,0,9,0,0,0.01,Low
TXP12984,58,Accountant,Mumbai,433706,94398,43005,0,0,0.21765435571562303,0.09915703264423364,0.31681138835985667,0,0,0,8,0,0.0,
TXP12985,37,Business Owner,Hyderabad,1057033,360010,619630,0,0,0.3405853932658678,0.58619740348693,0.9267827967527977,1,1,2,4,1,0.16,Low
TXP12986,59,Business Owner,Jaipur,1581203,369764,212063,3,0,0.23384979664217687,0.1341149744846171,0.367964771126794,0,0,2,5,1,0.008,Low
TXP12987,35,Engineer,Mumbai,555018,174134,247153,1,0,0.31374477944859447,0.44530627835493625,0.7590510578035307,1,0,5,8,0,0.01,Low
TXP12988,40,Pharmacist,Chennai,546041,113627,87687,0,0,0.20809243261952856,0.16058684237996781,0.3686792749994964,0,0,8,2,0,0.008,Low
TXP12989,62,Engineer,Kolkata,579068,692121,86699,0,0,1.1952326842443375,0.14972162164029096,1.3449543058846285,1,0,5,6,0,0.032,Low
TXP12990,32,Accountant,Lucknow,575678,156735,79472,0,0,0.27226157678424395,0.13804939566910668,0.41031097245335063,0,0,0,7,0,0.0,
TXP12991,58,Teacher,Ahmedabad,336291,103697,16114,1,0,0.30835496638328114,0.04791683393251678,0.3562718003157979,0,0,9,0,0,0.002,Low
TXP12992,36,Consultant,Bangalore,870071,167437,59373,3,0,0.19244061691517128,0.06823925863521482,0.26067987555038613,0,0,3,1,0,0.028,Low
TXP12993,38,Doctor,Hyderabad,490988,168240,44567,2,1,0.34265603232665565,0.09077003918629376,0.4334260715129494,1,0,4,4,0,0.028,Low
TXP12994,41,Accountant,Pune,513668,453206,36155,0,0,0.8822936215610083,0.07038593021173209,0.9526795517727403,1,0,0,9,0,0.018,Low
TXP12995,56,Business Owner,Mumbai,1318629,392918,80444,2,0,0.2979746388104615,0.06100578707126872,0.3589804258817302,0,0,2,8,0,0.0,
TXP12996,29,Engineer,Pune,680054,370216,112184,0,0,0.5443920629832337,0.16496337055586763,0.7093554335391014,0,0,5,9,0,0.002,Low
TXP12997,50,Business Owner,Ahmedabad,1797181,951498,242407,0,1,0.5294391605519978,0.13488179543407147,0.6643209559860693,1,0,2,0,1,0.18,Low
TXP12998,46,Architect,Ahmedabad,587436,339788,71540,3,0,0.5784255646572563,0.12178347939179758,0.7002090440490538,0,0,1,0,0,0.016,Low
TXP12999,50,Pharmacist,Jaipur,647948,327569,39311,0,0,0.5055482847388988,0.06066999203639798,0.5662182767752968,0,0,8,5,0,0.004,Low
